time,latitude,longitude,depth,mag,magType,place,depth_category,year
2016-01-01 11:16:49.860000+00:00,36.5007,70.6274,202.74,4.5,mb,"44 km SSW of Jurm, Afghanistan",Intermediate (70–300 km),2016
2016-01-02 08:37:22.510000+00:00,36.5426,70.932,189.0,5.2,mwb,"36 km SSE of Jurm, Afghanistan",Intermediate (70–300 km),2016
2016-01-04 13:56:11.800000+00:00,36.429,97.6386,14.32,4.8,mb,"northern Qinghai, China",Shallow (<70 km),2016
2016-01-07 15:32:46.060000+00:00,36.5421,70.8024,192.7,4.2,mb,"35 km S of Jurm, Afghanistan",Intermediate (70–300 km),2016
2016-01-08 09:07:09.450000+00:00,36.6015,70.9688,223.13,5.0,mb,"31 km SSE of Jurm, Afghanistan",Intermediate (70–300 km),2016
2016-01-09 05:50:34.310000+00:00,36.6959,71.3903,177.62,4.2,mb,"12 km W of Ashk?sham, Afghanistan",Intermediate (70–300 km),2016
2016-01-11 12:43:03.040000+00:00,36.7924,71.0407,88.84,4.0,mb,"20 km ESE of Jurm, Afghanistan",Intermediate (70–300 km),2016
2016-01-12 20:04:59.710000+00:00,36.5979,70.9503,239.0,5.7,mww,"31 km SSE of Jurm, Afghanistan",Intermediate (70–300 km),2016
2016-01-13 14:19:27.640000+00:00,36.5107,71.2144,85.67,4.5,mwr,"34 km SW of Ashk?sham, Afghanistan",Intermediate (70–300 km),2016
2016-01-13 20:34:58.780000+00:00,32.6531,91.6264,10.0,5.2,mb,"136 km NNW of Nagqu, China",Shallow (<70 km),2016
2016-01-13 23:15:46.160000+00:00,29.7043,88.0054,10.0,4.4,mb,"98 km WNW of Rikaze, China",Shallow (<70 km),2016
2016-01-14 00:03:52.650000+00:00,29.4873,87.8145,10.0,4.1,mb,"107 km WNW of Rikaze, China",Shallow (<70 km),2016
2016-01-14 18:45:57.430000+00:00,36.4844,70.4554,200.94,4.0,mb,"54 km SW of Jurm, Afghanistan",Intermediate (70–300 km),2016
2016-01-14 22:46:01.120000+00:00,36.2347,71.1002,97.32,4.1,mb,"63 km SW of Ashk?sham, Afghanistan",Intermediate (70–300 km),2016
2016-01-14 23:21:45.880000+00:00,36.4294,70.6232,211.67,4.1,mb,"51 km SSW of Jurm, Afghanistan",Intermediate (70–300 km),2016
2016-01-16 17:11:51.580000+00:00,36.4524,70.2817,200.56,4.5,mb,"40 km ESE of Farkh?r, Afghanistan",Intermediate (70–300 km),2016
2016-01-21 19:22:43.590000+00:00,28.0269,85.0515,19.01,4.5,mb,Xizang-Nepal border region,Shallow (<70 km),2016
2016-01-22 12:56:30.340000+00:00,36.0766,70.3951,117.84,4.5,mb,"73 km SE of Farkh?r, Afghanistan",Intermediate (70–300 km),2016
2016-01-23 04:54:11.320000+00:00,36.6676,71.3509,94.89,5.0,mb,"16 km W of Ashk?sham, Afghanistan",Intermediate (70–300 km),2016
2016-01-24 06:05:56.980000+00:00,36.4498,70.5999,205.07,4.4,mb,"50 km SSW of Jurm, Afghanistan",Intermediate (70–300 km),2016
2016-01-26 02:24:26.320000+00:00,36.3396,70.9159,94.05,4.3,mb,"58 km S of Jurm, Afghanistan",Intermediate (70–300 km),2016
2016-01-26 08:45:10.520000+00:00,36.4912,70.313,203.28,4.2,mb,"41 km ESE of Farkh?r, Afghanistan",Intermediate (70–300 km),2016
2016-01-26 09:16:57.860000+00:00,36.4196,70.6516,211.62,4.2,mb,"52 km SSW of Jurm, Afghanistan",Intermediate (70–300 km),2016
2016-01-26 14:59:59.380000+00:00,36.3695,70.5351,146.4,4.5,mb,"61 km SSW of Jurm, Afghanistan",Intermediate (70–300 km),2016
2016-01-26 16:57:30.840000+00:00,29.5248,87.8553,24.65,4.2,mb,"104 km WNW of Rikaze, China",Shallow (<70 km),2016
2016-01-28 09:36:03.450000+00:00,29.4663,87.9565,10.0,4.1,mb,"93 km WNW of Rikaze, China",Shallow (<70 km),2016
2016-01-28 11:52:56.060000+00:00,36.7887,71.1763,82.99,4.2,mb,Afghanistan-Tajikistan-Pakistan region,Intermediate (70–300 km),2016
2016-01-30 00:29:25.720000+00:00,36.4794,70.1989,203.21,4.0,mb,"32 km ESE of Farkh?r, Afghanistan",Intermediate (70–300 km),2016
2016-01-31 04:18:25.460000+00:00,29.6637,84.2327,10.0,4.2,mb,"103 km WNW of Saga, China",Shallow (<70 km),2016
2016-01-31 04:39:48.230000+00:00,29.6353,84.2685,10.0,4.1,mb,"99 km WNW of Saga, China",Shallow (<70 km),2016
2016-02-02 00:32:10.500000+00:00,36.7026,71.2393,186.45,4.1,mb,"26 km W of Ashk?sham, Afghanistan",Intermediate (70–300 km),2016
2016-02-02 04:20:04.990000+00:00,34.8454,89.6622,11.42,4.2,mb,Xizang-Qinghai border region,Shallow (<70 km),2016
2016-02-02 13:20:36.750000+00:00,34.7456,89.2272,11.97,4.5,mb,Xizang-Qinghai border region,Shallow (<70 km),2016
2016-02-04 07:10:36.880000+00:00,32.8455,76.043,58.67,4.3,mb,"33 km NNW of Chamba, India",Shallow (<70 km),2016
2016-02-04 07:28:18.160000+00:00,36.5376,70.4041,215.39,4.3,mb,"49 km E of Farkh?r, Afghanistan",Intermediate (70–300 km),2016
2016-02-05 16:20:11.740000+00:00,27.8782,85.3377,23.53,5.2,mb,"19 km N of Kathmandu, Nepal",Shallow (<70 km),2016
2016-02-07 14:16:56.810000+00:00,36.5279,70.3108,205.91,4.5,mb,"40 km E of Farkh?r, Afghanistan",Intermediate (70–300 km),2016
2016-02-07 23:30:55.400000+00:00,26.0834,99.5903,10.0,4.6,mb,"83 km NW of Dali, China",Shallow (<70 km),2016
2016-02-07 23:39:12.280000+00:00,26.1789,99.573,10.0,4.3,mb,"91 km NW of Dali, China",Shallow (<70 km),2016
2016-02-07 23:40:01.440000+00:00,31.1369,97.8505,10.0,4.1,mb,"63 km E of Qamdo, China",Shallow (<70 km),2016
2016-02-08 00:33:08.340000+00:00,36.5306,70.2478,195.73,4.3,mb,"35 km E of Farkh?r, Afghanistan",Intermediate (70–300 km),2016
2016-02-08 01:15:35.260000+00:00,36.3944,71.078,124.61,4.1,mb,"51 km SW of Ashk?sham, Afghanistan",Intermediate (70–300 km),2016
2016-02-09 02:29:04.040000+00:00,30.8319,86.284,32.43,4.7,mb,"195 km NNE of Saga, China",Shallow (<70 km),2016
2016-02-09 15:13:53.700000+00:00,32.9944,76.0777,40.2,4.2,mb,"33 km E of Bhadarw?h, India",Shallow (<70 km),2016
2016-02-10 16:27:41.910000+00:00,27.7118,85.6292,21.15,4.1,mb,"10 km E of Nagarkot, Nepal",Shallow (<70 km),2016
2016-02-10 19:15:18.870000+00:00,36.5573,70.809,187.31,4.2,mb,"34 km S of Jurm, Afghanistan",Intermediate (70–300 km),2016
2016-02-10 21:33:14.350000+00:00,36.1167,71.1977,97.71,4.2,mb,"69 km SSW of Ashk?sham, Afghanistan",Intermediate (70–300 km),2016
2016-02-12 23:21:58.230000+00:00,36.5054,70.4939,200.83,4.1,mb,"50 km SW of Jurm, Afghanistan",Intermediate (70–300 km),2016
2016-02-13 12:06:34.100000+00:00,36.7057,70.7096,261.42,4.0,mb,"20 km SSW of Jurm, Afghanistan",Intermediate (70–300 km),2016
2016-02-13 19:40:20.770000+00:00,36.6957,71.4161,146.91,4.5,mb,"10 km W of Ashk?sham, Afghanistan",Intermediate (70–300 km),2016
2016-02-13 20:50:25.700000+00:00,36.5751,70.8196,211.46,4.1,mb,"32 km S of Jurm, Afghanistan",Intermediate (70–300 km),2016
2016-02-13 21:37:54.080000+00:00,27.0268,89.1875,50.32,3.7,mb,"16 km NNE of Samtse, Bhutan",Shallow (<70 km),2016
2016-02-14 19:57:15.690000+00:00,30.2409,70.1651,24.67,4.1,mb,"50 km WNW of Dera Ghazi Khan, Pakistan",Shallow (<70 km),2016
2016-02-16 23:06:59.690000+00:00,26.196,93.4977,39.72,4.7,mb,"34 km NW of Bokaj?n, India",Shallow (<70 km),2016
2016-02-18 06:06:07.130000+00:00,36.4991,70.3403,214.32,4.4,mb,"43 km E of Farkh?r, Afghanistan",Intermediate (70–300 km),2016
2016-02-20 00:58:00.930000+00:00,31.802,70.0646,51.34,4.3,mb,"40 km WSW of Kulachi, Pakistan",Shallow (<70 km),2016
2016-02-20 18:43:47.080000+00:00,36.4912,70.3448,198.7,4.4,mb,"44 km ESE of Farkh?r, Afghanistan",Intermediate (70–300 km),2016
2016-02-21 09:12:08.130000+00:00,36.4892,70.8607,174.0,5.2,mww,"41 km S of Jurm, Afghanistan",Intermediate (70–300 km),2016
2016-02-21 16:32:02.560000+00:00,36.1288,78.0985,35.7,4.5,mb,"141 km SSW of Zangguy, China",Shallow (<70 km),2016
2016-02-21 18:10:00.970000+00:00,27.9633,84.6943,16.72,5.1,mb,"40 km NE of Bharatpur, Nepal",Shallow (<70 km),2016
2016-02-23 00:33:38.210000+00:00,32.0565,95.0448,10.0,5.1,mb,"227 km WNW of Qamdo, China",Shallow (<70 km),2016
2016-02-24 07:06:57.610000+00:00,36.4712,70.2726,205.63,4.4,mb,"38 km ESE of Farkh?r, Afghanistan",Intermediate (70–300 km),2016
2016-02-24 08:29:22.100000+00:00,36.7273,71.0155,77.91,4.2,mb,"22 km SE of Jurm, Afghanistan",Intermediate (70–300 km),2016
2016-02-24 09:22:16.670000+00:00,27.8322,85.7365,10.0,4.7,mb,"24 km ENE of Nagarkot, Nepal",Shallow (<70 km),2016
2016-03-02 04:03:50.420000+00:00,26.4817,95.4216,21.67,4.1,mb,"45 km SE of Mon, India",Shallow (<70 km),2016
2016-03-03 14:52:47.620000+00:00,33.454,81.4137,13.68,4.4,mb,western Xizang,Shallow (<70 km),2016
2016-03-04 22:55:48.520000+00:00,35.5288,70.2435,89.48,4.0,mb,"62 km W of P?r?n, Afghanistan",Intermediate (70–300 km),2016
2016-03-06 02:46:00.230000+00:00,36.4804,71.0971,102.63,4.3,mb,"45 km WSW of Ashk?sham, Afghanistan",Intermediate (70–300 km),2016
2016-03-09 22:05:53.620000+00:00,30.4216,99.8575,10.0,4.6,mb,"207 km WNW of Kangding, China",Shallow (<70 km),2016
2016-03-11 14:44:27.290000+00:00,36.5452,84.0352,14.06,4.6,mb,"southern Xinjiang, China",Shallow (<70 km),2016
2016-03-12 02:01:26.890000+00:00,36.4096,70.2987,212.16,4.1,mb,"43 km ESE of Farkh?r, Afghanistan",Intermediate (70–300 km),2016
2016-03-12 13:52:05.560000+00:00,36.4782,70.1695,222.01,4.1,mb,"29 km ESE of Farkh?r, Afghanistan",Intermediate (70–300 km),2016
2016-03-12 16:15:12.250000+00:00,26.7746,89.092,14.88,3.9,mb,"9 km NW of Birpara, India",Shallow (<70 km),2016
2016-03-13 05:15:33.690000+00:00,27.8303,84.8208,10.0,4.4,mb,"41 km ENE of Bharatpur, Nepal",Shallow (<70 km),2016
2016-03-13 10:30:11.160000+00:00,26.245,92.2565,53.71,4.5,mb,"9 km W of Morigaon, India",Shallow (<70 km),2016
2016-03-14 21:27:35.270000+00:00,27.7234,85.534,27.09,4.3,mb,"1 km NE of Nagarkot, Nepal",Shallow (<70 km),2016
2016-03-15 04:28:26.460000+00:00,29.8667,98.0065,23.73,4.7,mb,"161 km SSE of Qamdo, China",Shallow (<70 km),2016
2016-03-17 16:47:01.810000+00:00,34.044,78.0686,31.9,4.1,mb,"46 km ESE of Leh, India",Shallow (<70 km),2016
2016-03-19 00:11:27.860000+00:00,36.8381,70.8282,81.76,4.0,mb,"3 km S of Jurm, Afghanistan",Intermediate (70–300 km),2016
2016-03-20 00:19:01.790000+00:00,36.4012,70.6402,207.56,4.1,mb,"54 km SSW of Jurm, Afghanistan",Intermediate (70–300 km),2016
2016-03-20 16:54:13.110000+00:00,29.9569,93.1989,10.0,4.7,mb,"195 km NW of Shi Yomi, India",Shallow (<70 km),2016
2016-03-20 18:22:55.230000+00:00,36.6185,71.4329,242.11,4.3,mb,"11 km SW of Ashk?sham, Afghanistan",Intermediate (70–300 km),2016
2016-03-21 14:06:05.070000+00:00,35.7108,99.2689,15.1,4.9,mb,"245 km WSW of Xining, China",Shallow (<70 km),2016
2016-03-21 17:12:23.910000+00:00,35.6504,99.3585,10.0,4.2,mb,"241 km WSW of Xining, China",Shallow (<70 km),2016
2016-03-22 20:14:55.150000+00:00,36.5015,71.1404,95.46,4.1,mb,"40 km WSW of Ashk?sham, Afghanistan",Intermediate (70–300 km),2016
2016-03-25 19:03:59.570000+00:00,36.5197,70.8341,155.2,4.0,mb,"38 km S of Jurm, Afghanistan",Intermediate (70–300 km),2016
2016-03-25 20:27:37.140000+00:00,36.4638,70.904,147.51,4.0,mb,"44 km S of Jurm, Afghanistan",Intermediate (70–300 km),2016
2016-03-26 18:39:33.580000+00:00,36.5023,70.3097,204.29,4.2,mb,"41 km E of Farkh?r, Afghanistan",Intermediate (70–300 km),2016
2016-03-27 08:11:43.940000+00:00,36.6162,70.9424,216.99,4.3,mb,"29 km SSE of Jurm, Afghanistan",Intermediate (70–300 km),2016
2016-03-28 18:40:06.780000+00:00,25.9519,90.6891,10.0,4.0,mb,"25 km SSE of Go?lp?ra, India",Shallow (<70 km),2016
2016-03-30 12:26:40.280000+00:00,27.8164,85.5483,10.0,4.1,mb,"11 km NNE of Nagarkot, Nepal",Shallow (<70 km),2016
2016-04-01 08:12:42.120000+00:00,36.5036,70.683,190.78,4.3,mb,"42 km SSW of Jurm, Afghanistan",Intermediate (70–300 km),2016
2016-04-04 04:31:26.640000+00:00,27.5381,85.8383,23.69,4.2,mb,"30 km ESE of Dhulikhel, Nepal",Shallow (<70 km),2016
2016-04-04 11:12:53.600000+00:00,36.6419,70.3366,79.98,4.3,mb,"43 km E of Farkh?r, Afghanistan",Intermediate (70–300 km),2016
2016-04-05 07:42:24.390000+00:00,25.7595,90.5452,10.0,5.0,mb,"38 km SE of Lakhipur, India",Shallow (<70 km),2016
2016-04-06 02:06:07.210000+00:00,31.9049,71.8979,29.8,4.1,mb,"37 km WNW of Jahanian Shah, Pakistan",Shallow (<70 km),2016
2016-04-07 15:15:58.150000+00:00,36.4374,71.1206,106.97,4.4,mb,"45 km SW of Ashk?sham, Afghanistan",Intermediate (70–300 km),2016
2016-04-08 00:24:11.910000+00:00,36.4386,71.0287,106.74,4.2,mb,"50 km SSE of Jurm, Afghanistan",Intermediate (70–300 km),2016
2016-04-08 02:19:53.860000+00:00,36.2347,70.7633,108.29,4.5,mb,"70 km S of Jurm, Afghanistan",Intermediate (70–300 km),2016
2016-04-08 14:30:43.820000+00:00,36.8983,71.0735,76.19,4.9,mb,"21 km E of Jurm, Afghanistan",Intermediate (70–300 km),2016
2016-04-09 13:20:13.820000+00:00,27.6354,85.3002,10.22,4.1,mb,"4 km SSW of P?tan, Nepal",Shallow (<70 km),2016
2016-04-10 10:28:58.720000+00:00,36.4725,71.1311,212.0,6.6,mww,"42 km WSW of Ashk?sham, Afghanistan",Intermediate (70–300 km),2016
2016-04-10 22:14:17.850000+00:00,36.5057,70.3003,219.12,4.0,mb,"40 km E of Farkh?r, Afghanistan",Intermediate (70–300 km),2016
2016-04-11 07:34:14.950000+00:00,36.4294,71.1157,218.52,4.0,mb,"46 km SW of Ashk?sham, Afghanistan",Intermediate (70–300 km),2016
2016-04-11 11:28:54.190000+00:00,36.2741,71.254,101.34,4.1,mb,"51 km SSW of Ashk?sham, Afghanistan",Intermediate (70–300 km),2016
2016-04-12 07:10:10.430000+00:00,36.2029,70.6543,101.29,4.1,mb,"75 km SSW of Jurm, Afghanistan",Intermediate (70–300 km),2016
2016-04-12 14:41:52.170000+00:00,27.6062,86.0621,10.0,4.3,mb,"40 km SSE of Kod?ri??, Nepal",Shallow (<70 km),2016
2016-04-13 01:23:26.470000+00:00,36.3937,70.9266,137.1,4.2,mb,"52 km S of Jurm, Afghanistan",Intermediate (70–300 km),2016
2016-04-15 08:51:56.370000+00:00,36.1748,70.1956,110.5,4.4,mb,"53 km SE of Farkh?r, Afghanistan",Intermediate (70–300 km),2016
2016-04-15 12:51:25.080000+00:00,36.4241,71.2923,104.47,4.4,mb,"35 km SW of Ashk?sham, Afghanistan",Intermediate (70–300 km),2016
2016-04-16 02:10:47.040000+00:00,36.0464,70.7199,92.36,4.6,mb,"71 km NNW of P?r?n, Afghanistan",Intermediate (70–300 km),2016
2016-04-16 04:33:03.290000+00:00,28.3437,87.4392,10.0,4.1,mb,"75 km NE of Lobujya, Nepal",Shallow (<70 km),2016
2016-04-17 09:52:47.550000+00:00,36.3757,71.2135,109.92,4.2,mb,"44 km SW of Ashk?sham, Afghanistan",Intermediate (70–300 km),2016
2016-04-19 17:22:17.910000+00:00,28.3381,87.8381,55.92,4.3,mb,"109 km ENE of Lobujya, Nepal",Shallow (<70 km),2016
2016-04-20 03:28:26.650000+00:00,36.519,70.1303,220.7,4.8,mb,"25 km ESE of Farkh?r, Afghanistan",Intermediate (70–300 km),2016
2016-04-20 11:02:51.660000+00:00,36.1948,71.1964,98.31,4.5,mb,"62 km SSW of Ashk?sham, Afghanistan",Intermediate (70–300 km),2016
2016-04-23 04:16:08.550000+00:00,36.8034,83.6197,10.0,4.2,mb,"southern Xinjiang, China",Shallow (<70 km),2016
2016-04-23 09:32:56.990000+00:00,31.9952,95.1012,15.92,4.8,mb,"219 km WNW of Qamdo, China",Shallow (<70 km),2016
2016-04-23 10:40:58.160000+00:00,32.0743,94.9179,10.0,4.6,mb,"238 km WNW of Qamdo, China",Shallow (<70 km),2016
2016-04-27 00:26:58.290000+00:00,34.5095,81.117,33.58,4.2,mb,western Xizang,Shallow (<70 km),2016
2016-04-28 17:32:42.170000+00:00,35.8567,70.4691,91.29,4.2,mb,"63 km NW of P?r?n, Afghanistan",Intermediate (70–300 km),2016
2016-04-30 19:43:11.590000+00:00,36.412,70.6549,207.55,4.0,mb,"52 km SSW of Jurm, Afghanistan",Intermediate (70–300 km),2016
2016-05-01 06:16:12.690000+00:00,36.4002,70.7246,114.95,4.4,mb,"52 km S of Jurm, Afghanistan",Intermediate (70–300 km),2016
2016-05-03 16:31:51.850000+00:00,29.6379,87.9346,25.81,4.1,mb,"101 km WNW of Rikaze, China",Shallow (<70 km),2016
2016-05-05 04:52:48.800000+00:00,36.8594,71.406,176.57,4.6,mb,"22 km NNW of Ashk?sham, Afghanistan",Intermediate (70–300 km),2016
2016-05-07 09:43:39.640000+00:00,25.4013,91.7893,37.62,4.1,mb,"14 km NE of Cherrapunji, India",Shallow (<70 km),2016
2016-05-08 10:13:50.900000+00:00,34.7921,86.6563,10.0,4.7,mb,western Xizang,Shallow (<70 km),2016
2016-05-08 20:37:08.950000+00:00,36.5382,70.9054,175.94,4.2,mb,"36 km S of Jurm, Afghanistan",Intermediate (70–300 km),2016
2016-05-09 00:49:34.220000+00:00,36.5179,70.3441,218.85,4.0,mb,"43 km E of Farkh?r, Afghanistan",Intermediate (70–300 km),2016
2016-05-09 05:17:54.750000+00:00,28.21,85.7631,39.31,4.2,mb,"33 km NW of Kod?ri??, Nepal",Shallow (<70 km),2016
2016-05-11 01:15:47.220000+00:00,32.0221,95.0268,8.0,5.2,mwb,"227 km WNW of Qamdo, China",Shallow (<70 km),2016
2016-05-11 01:19:42.320000+00:00,27.9448,84.9277,10.23,4.5,mb,"45 km NW of Kirtipur, Nepal",Shallow (<70 km),2016
2016-05-11 07:07:52.210000+00:00,32.0502,94.9817,45.96,4.1,mb,"232 km WNW of Qamdo, China",Shallow (<70 km),2016
2016-05-11 08:52:47.570000+00:00,28.0545,84.5639,15.99,4.5,mb,"43 km NNE of Bharatpur, Nepal",Shallow (<70 km),2016
2016-05-11 09:55:03.950000+00:00,36.4919,70.7246,206.19,4.2,mb,"42 km SSW of Jurm, Afghanistan",Intermediate (70–300 km),2016
2016-05-12 03:02:36.730000+00:00,36.2179,71.2012,99.82,4.5,mwr,"59 km SSW of Ashk?sham, Afghanistan",Intermediate (70–300 km),2016
2016-05-13 23:20:59.460000+00:00,27.958,85.5191,10.0,4.0,mb,"26 km N of Nagarkot, Nepal",Shallow (<70 km),2016
2016-05-14 22:45:55.420000+00:00,27.8608,85.3631,22.11,4.4,mb,Nepal,Shallow (<70 km),2016
2016-05-15 13:51:36.750000+00:00,36.4277,70.69,176.46,4.1,mb,"50 km SSW of Jurm, Afghanistan",Intermediate (70–300 km),2016
2016-05-15 18:41:26.550000+00:00,36.4865,70.8555,193.47,4.5,mb,"42 km S of Jurm, Afghanistan",Intermediate (70–300 km),2016
2016-05-16 18:03:47.500000+00:00,25.9006,90.2255,35.12,4.3,mb,"16 km SSW of Lakhipur, India",Shallow (<70 km),2016
2016-05-17 11:41:48.350000+00:00,36.674,71.4348,155.68,4.4,mb,"8 km W of Ashk?sham, Afghanistan",Intermediate (70–300 km),2016
2016-05-17 16:48:55.930000+00:00,26.0476,99.492,53.99,4.9,mb,"88 km NW of Dali, China",Shallow (<70 km),2016
2016-05-17 17:05:17.500000+00:00,26.0846,99.575,51.35,4.8,mb,"84 km NW of Dali, China",Shallow (<70 km),2016
2016-05-18 16:57:11.390000+00:00,32.1179,95.0925,10.0,4.7,mb,"226 km WNW of Qamdo, China",Shallow (<70 km),2016
2016-05-21 07:59:00.050000+00:00,28.2817,87.3528,10.0,4.0,mb,"64 km NE of Lobujya, Nepal",Shallow (<70 km),2016
2016-05-22 01:32:31.690000+00:00,28.4767,87.5067,6.99,4.5,mb,"89 km NE of Lobujya, Nepal",Shallow (<70 km),2016
2016-05-22 01:46:09.770000+00:00,28.2457,87.2227,10.37,4.0,mb,"51 km NE of Lobujya, Nepal",Shallow (<70 km),2016
2016-05-22 01:48:48.130000+00:00,28.4538,87.5326,9.36,5.4,mwc,"89 km NE of Lobujya, Nepal",Shallow (<70 km),2016
2016-05-22 02:05:54.680000+00:00,28.5654,87.4796,4.44,5.1,mb,"94 km NE of Lobujya, Nepal",Shallow (<70 km),2016
2016-05-22 02:55:42.320000+00:00,28.3854,87.3554,10.0,4.0,mb,"71 km NE of Lobujya, Nepal",Shallow (<70 km),2016
2016-05-22 04:49:45.200000+00:00,28.5599,87.5853,11.05,4.3,mb,"101 km NE of Lobujya, Nepal",Shallow (<70 km),2016
2016-05-22 15:27:07+00:00,36.5416,70.7315,194.11,4.4,mb,"37 km SSW of Jurm, Afghanistan",Intermediate (70–300 km),2016
2016-05-23 01:33:12.810000+00:00,36.7677,71.0647,82.24,4.2,mb,"23 km ESE of Jurm, Afghanistan",Intermediate (70–300 km),2016
2016-05-23 18:09:03.320000+00:00,28.4178,87.4903,10.0,4.2,mb,"84 km NE of Lobujya, Nepal",Shallow (<70 km),2016
2016-05-23 19:09:52.790000+00:00,27.704,85.0896,10.0,4.3,mb,"18 km W of Kirtipur, Nepal",Shallow (<70 km),2016
2016-05-24 10:17:59.320000+00:00,33.0759,76.0936,35.0,4.1,mb,"36 km ENE of Bhadarw?h, India",Shallow (<70 km),2016
2016-05-26 09:29:25.640000+00:00,28.4555,87.4821,10.0,4.0,mb,"86 km NE of Lobujya, Nepal",Shallow (<70 km),2016
2016-05-27 05:03:10.200000+00:00,26.5252,96.4968,64.3,4.6,mb,"47 km NW of Sarupathar, India",Shallow (<70 km),2016
2016-05-27 19:08:10.990000+00:00,36.197,77.9088,84.78,4.1,mb,"142 km SSW of Zangguy, China",Intermediate (70–300 km),2016
2016-05-28 09:39:10.850000+00:00,28.0097,85.4237,10.0,4.6,mb,"34 km NNW of Nagarkot, Nepal",Shallow (<70 km),2016
2016-05-28 11:42:19.540000+00:00,36.6885,71.1757,222.3,4.1,mb,"31 km W of Ashk?sham, Afghanistan",Intermediate (70–300 km),2016
2016-05-29 06:46:00.100000+00:00,36.0664,70.8256,93.28,4.5,mb,"72 km N of P?r?n, Afghanistan",Intermediate (70–300 km),2016
2016-05-30 17:40:24.090000+00:00,29.8731,92.142,36.89,4.0,mb,"103 km ENE of Lhasa, China",Shallow (<70 km),2016
2016-05-31 12:13:19.510000+00:00,36.4589,77.6387,94.29,4.0,mb,"135 km SW of Zangguy, China",Intermediate (70–300 km),2016
2016-06-01 17:39:55.150000+00:00,36.5976,70.8334,220.91,4.2,mb,"29 km S of Jurm, Afghanistan",Intermediate (70–300 km),2016
2016-06-02 05:17:31.260000+00:00,36.6446,71.3503,176.16,4.1,mb,"16 km WSW of Ashk?sham, Afghanistan",Intermediate (70–300 km),2016
2016-06-03 10:01:57.990000+00:00,26.2247,99.7473,35.0,4.3,mb,"84 km NNW of Dali, China",Shallow (<70 km),2016
2016-06-03 17:35:52.040000+00:00,36.5575,70.8806,201.18,4.2,mb,"34 km S of Jurm, Afghanistan",Intermediate (70–300 km),2016
2016-06-05 22:48:10.190000+00:00,36.1466,70.3095,105.0,4.1,mb,"62 km SE of Farkh?r, Afghanistan",Intermediate (70–300 km),2016
2016-06-08 01:33:51.850000+00:00,36.3468,71.2656,117.8,4.2,mb,"44 km SSW of Ashk?sham, Afghanistan",Intermediate (70–300 km),2016
2016-06-11 18:12:23.380000+00:00,25.7858,95.2245,83.12,4.5,mb,"66 km SE of Tuensang, India",Intermediate (70–300 km),2016
2016-06-11 21:54:08.820000+00:00,36.4178,71.2307,104.46,4.7,mb,"40 km SW of Ashk?sham, Afghanistan",Intermediate (70–300 km),2016
2016-06-13 23:27:42.520000+00:00,27.9339,84.4925,10.0,4.1,mb,"29 km N of Bharatpur, Nepal",Shallow (<70 km),2016
2016-06-15 09:02:16.350000+00:00,36.0916,70.3346,108.87,4.8,mb,"68 km SE of Farkh?r, Afghanistan",Intermediate (70–300 km),2016
2016-06-17 08:45:41.290000+00:00,36.5712,71.2357,103.94,4.2,mb,"29 km WSW of Ashk?sham, Afghanistan",Intermediate (70–300 km),2016
2016-06-17 09:32:54.550000+00:00,36.6132,71.0127,224.35,4.2,mb,"32 km SSE of Jurm, Afghanistan",Intermediate (70–300 km),2016
2016-06-21 05:49:46.420000+00:00,27.7243,84.9384,10.0,3.5,mb,"33 km W of Kirtipur, Nepal",Shallow (<70 km),2016
2016-06-21 16:47:15.930000+00:00,35.444,74.255,35.0,4.5,mb,"52 km S of Gilgit, Pakistan",Shallow (<70 km),2016
2016-06-22 20:23:52.190000+00:00,31.618,85.1956,10.0,4.4,mb,"254 km N of Saga, China",Shallow (<70 km),2016
2016-06-23 11:35:38.380000+00:00,36.4695,70.6894,210.0,5.3,mww,"45 km SSW of Jurm, Afghanistan",Intermediate (70–300 km),2016
2016-06-24 17:00:10.790000+00:00,36.6911,71.2619,191.37,4.5,mb,"24 km W of Ashk?sham, Afghanistan",Intermediate (70–300 km),2016
2016-06-26 09:14:06.040000+00:00,36.5089,70.0964,214.92,4.9,mb,"22 km ESE of Farkh?r, Afghanistan",Intermediate (70–300 km),2016
2016-06-27 03:35:03.310000+00:00,36.0248,70.381,121.4,4.1,mb,"76 km SE of Farkh?r, Afghanistan",Intermediate (70–300 km),2016
2016-06-27 13:04:41.660000+00:00,32.689,91.995,38.78,4.3,mb,Eastern Xizang,Shallow (<70 km),2016
2016-06-27 14:53:00.680000+00:00,28.7638,87.4704,10.0,4.7,mb,"110 km NE of Lobujya, Nepal",Shallow (<70 km),2016
2016-06-29 09:10:28.860000+00:00,29.5553,81.1306,9.03,4.6,mb,"37 km NNE of Dipayal, Nepal",Shallow (<70 km),2016
2016-06-30 10:29:52.510000+00:00,32.8408,84.8263,38.86,4.3,mb,western Xizang,Shallow (<70 km),2016
2016-06-30 20:50:36.800000+00:00,30.0569,70.2698,10.0,4.5,mb,"35 km W of Dera Ghazi Khan, Pakistan",Shallow (<70 km),2016
2016-07-02 00:23:46.380000+00:00,29.5139,81.0984,10.0,4.4,mb,"31 km NNE of Dipayal, Nepal",Shallow (<70 km),2016
2016-07-06 21:03:01.380000+00:00,36.5151,70.356,204.44,4.0,mb,"Hindu Kush region, Afghanistan",Intermediate (70–300 km),2016
2016-07-07 08:41:38.790000+00:00,36.5826,70.7003,170.67,4.4,mb,"33 km SSW of Jurm, Afghanistan",Intermediate (70–300 km),2016
2016-07-08 18:37:34.370000+00:00,36.4299,71.2995,93.53,4.3,mb,"35 km SW of Ashk?sham, Afghanistan",Intermediate (70–300 km),2016
2016-07-11 06:31:19.250000+00:00,36.5695,71.9199,107.63,4.1,mb,"32 km ESE of Ishqoshim, Tajikistan",Intermediate (70–300 km),2016
2016-07-11 06:51:26.070000+00:00,36.3859,70.4393,149.11,4.1,mb,"56 km ESE of Farkh?r, Afghanistan",Intermediate (70–300 km),2016
2016-07-11 20:23:16.530000+00:00,36.7044,71.1049,225.4,4.1,mb,"30 km SE of Jurm, Afghanistan",Intermediate (70–300 km),2016
2016-07-12 09:05:26.910000+00:00,36.5856,70.8526,225.42,4.3,mb,"31 km S of Jurm, Afghanistan",Intermediate (70–300 km),2016
2016-07-17 10:55:34.430000+00:00,30.3812,98.3154,27.0,4.6,mb,"136 km SE of Qamdo, China",Shallow (<70 km),2016
2016-07-17 11:53:57.580000+00:00,31.3474,74.4464,60.73,4.5,mb,"7 km ESE of Kahna Nau, Pakistan",Shallow (<70 km),2016
2016-07-18 22:41:22.080000+00:00,36.6842,71.1547,240.56,4.1,mb,"33 km W of Ashk?sham, Afghanistan",Intermediate (70–300 km),2016
2016-07-19 20:35:06.330000+00:00,36.0289,70.3348,100.81,4.5,mb,"74 km SE of Farkh?r, Afghanistan",Intermediate (70–300 km),2016
2016-07-25 03:44:58.820000+00:00,36.6938,71.3329,177.65,4.4,mb,"17 km W of Ashk?sham, Afghanistan",Intermediate (70–300 km),2016
2016-07-25 06:36:22.610000+00:00,36.4925,70.5276,202.16,4.3,mb,"49 km SSW of Jurm, Afghanistan",Intermediate (70–300 km),2016
2016-07-30 00:46:38.090000+00:00,36.4487,70.5869,206.5,4.1,mb,"51 km SSW of Jurm, Afghanistan",Intermediate (70–300 km),2016
2016-07-30 11:58:56.360000+00:00,29.068,94.6895,28.23,4.1,mb,"67 km NNE of Shi Yomi, India",Shallow (<70 km),2016
2016-08-01 13:38:32.850000+00:00,31.3148,76.9876,35.06,4.5,mb,"15 km WNW of Seoni, India",Shallow (<70 km),2016
2016-08-01 22:21:47.140000+00:00,36.4155,71.0587,110.2,4.3,mb,"51 km SW of Ashk?sham, Afghanistan",Intermediate (70–300 km),2016
2016-08-02 01:24:00.030000+00:00,33.9373,72.7103,55.87,4.2,mb,"16 km SSE of Topi, Pakistan",Shallow (<70 km),2016
2016-08-03 09:38:14.190000+00:00,36.1759,70.2216,117.22,4.5,mb,"54 km SE of Farkh?r, Afghanistan",Intermediate (70–300 km),2016
2016-08-04 17:20:44.080000+00:00,36.4379,70.6236,207.88,4.4,mb,"50 km SSW of Jurm, Afghanistan",Intermediate (70–300 km),2016
2016-08-08 11:58:07.720000+00:00,36.4236,71.0451,147.42,4.0,mb,"52 km WSW of Ashk?sham, Afghanistan",Intermediate (70–300 km),2016
2016-08-08 22:30:40.330000+00:00,26.054,99.9187,43.43,4.2,mb,"59 km NNW of Dali, China",Shallow (<70 km),2016
2016-08-10 03:00:32.800000+00:00,34.3848,86.1355,30.01,4.3,mb,western Xizang,Shallow (<70 km),2016
2016-08-10 08:56:40.740000+00:00,34.4747,86.0882,30.2,4.1,mb,western Xizang,Shallow (<70 km),2016
2016-08-10 09:35:35.670000+00:00,34.3563,86.1384,10.0,4.4,mb,western Xizang,Shallow (<70 km),2016
2016-08-10 10:23:42.660000+00:00,34.4074,86.1267,10.0,4.4,mb,western Xizang,Shallow (<70 km),2016
2016-08-11 01:01:05.900000+00:00,34.3687,86.2515,29.39,4.7,mb,western Xizang,Shallow (<70 km),2016
2016-08-11 11:44:12.030000+00:00,36.4108,71.1049,133.1,4.5,mb,"48 km SW of Ashk?sham, Afghanistan",Intermediate (70–300 km),2016
2016-08-12 00:46:24.080000+00:00,34.4055,86.2891,10.0,4.7,mb,western Xizang,Shallow (<70 km),2016
2016-08-12 12:23:24.490000+00:00,34.6969,80.3573,25.59,4.4,mb,western Xizang,Shallow (<70 km),2016
2016-08-13 09:46:18.060000+00:00,36.6231,70.8926,217.52,4.2,mb,"27 km S of Jurm, Afghanistan",Intermediate (70–300 km),2016
2016-08-14 13:10:14.840000+00:00,34.3389,86.1993,25.32,4.5,mb,western Xizang,Shallow (<70 km),2016
2016-08-14 21:38:20.840000+00:00,36.473,70.9594,158.04,4.2,mb,"44 km SSE of Jurm, Afghanistan",Intermediate (70–300 km),2016
2016-08-16 22:35:34.270000+00:00,36.4498,70.8539,157.05,4.4,mb,"46 km S of Jurm, Afghanistan",Intermediate (70–300 km),2016
2016-08-22 11:01:16.340000+00:00,36.2732,70.7109,114.84,4.5,mb,"66 km S of Jurm, Afghanistan",Intermediate (70–300 km),2016
2016-08-22 23:05:38.060000+00:00,36.4376,70.9154,104.57,4.3,mb,"47 km S of Jurm, Afghanistan",Intermediate (70–300 km),2016
2016-08-23 05:32:24.350000+00:00,36.0432,91.2726,10.0,4.2,mb,"Southern Qinghai, China",Shallow (<70 km),2016
2016-08-27 01:14:30.110000+00:00,31.4746,77.7102,10.0,4.6,mb,"8 km ENE of R?mpur, India",Shallow (<70 km),2016
2016-08-27 01:19:39.460000+00:00,36.5644,70.8799,202.32,4.0,mb,"33 km S of Jurm, Afghanistan",Intermediate (70–300 km),2016
2016-08-27 01:35:05.900000+00:00,31.4834,77.6806,10.0,4.5,mb,"6 km NE of R?mpur, India",Shallow (<70 km),2016
2016-08-27 03:38:08.270000+00:00,31.2127,77.7742,10.0,4.1,mb,"2 km ENE of Rohru, India",Shallow (<70 km),2016
2016-08-28 04:50:31.080000+00:00,36.7734,76.9302,92.12,4.2,mb,"172 km WSW of Zangguy, China",Intermediate (70–300 km),2016
2016-08-28 16:57:37.060000+00:00,36.3793,70.8866,142.04,4.4,mb,"54 km S of Jurm, Afghanistan",Intermediate (70–300 km),2016
2016-08-30 08:48:32.150000+00:00,36.4544,70.6053,202.33,4.4,mb,"49 km SSW of Jurm, Afghanistan",Intermediate (70–300 km),2016
2016-08-30 20:15:45.180000+00:00,36.5987,70.7749,208.72,4.0,mb,"29 km S of Jurm, Afghanistan",Intermediate (70–300 km),2016
2016-08-31 09:07:16.400000+00:00,34.5068,86.3077,30.16,4.2,mb,western Xizang,Shallow (<70 km),2016
2016-08-31 09:25:06.570000+00:00,34.339,86.186,30.29,4.7,mb,western Xizang,Shallow (<70 km),2016
2016-08-31 20:22:48.200000+00:00,36.4173,71.3673,109.09,4.0,mb,"33 km SSW of Ashk?sham, Afghanistan",Intermediate (70–300 km),2016
2016-09-02 06:12:49.230000+00:00,36.0392,70.373,104.05,4.5,mb,"75 km SE of Farkh?r, Afghanistan",Intermediate (70–300 km),2016
2016-09-02 08:19:53.300000+00:00,34.6817,72.9636,34.89,4.5,mb,"1 km W of Shingli Bala, Pakistan",Shallow (<70 km),2016
2016-09-02 14:31:00.980000+00:00,28.6255,94.9397,23.69,4.6,mb,"52 km NNE of Along, India",Shallow (<70 km),2016
2016-09-03 09:07:10.440000+00:00,36.5205,70.2356,204.17,4.1,mb,"34 km E of Farkh?r, Afghanistan",Intermediate (70–300 km),2016
2016-09-03 19:05:19.120000+00:00,36.3931,71.1988,82.76,4.2,mb,"43 km SW of Ashk?sham, Afghanistan",Intermediate (70–300 km),2016
2016-09-03 21:38:58.200000+00:00,27.2224,96.8182,43.69,4.5,mb,"98 km SSE of Hayuliang, India",Shallow (<70 km),2016
2016-09-04 13:05:48.740000+00:00,28.0653,92.032,28.78,4.0,mb,"55 km N of Tawang, India",Shallow (<70 km),2016
2016-09-05 04:50:14.360000+00:00,34.7371,73.098,25.92,4.7,mb,"9 km NE of Battagram, Pakistan",Shallow (<70 km),2016
2016-09-06 18:02:24.400000+00:00,35.6742,73.5467,57.64,4.3,mb,"74 km WSW of Gilgit, Pakistan",Shallow (<70 km),2016
2016-09-09 09:10:51.180000+00:00,30.3571,82.8488,35.0,4.3,mb,"136 km NNE of Jumla, Nepal",Shallow (<70 km),2016
2016-09-09 11:03:13.650000+00:00,36.1855,70.5412,121.21,4.3,mb,"74 km SE of Farkh?r, Afghanistan",Intermediate (70–300 km),2016
2016-09-10 00:46:18.380000+00:00,30.2163,82.6753,35.0,4.9,mb,"114 km NNE of Jumla, Nepal",Shallow (<70 km),2016
2016-09-10 15:27:23.480000+00:00,28.7684,76.5733,10.0,4.1,mb,"7 km N of Beri Kh?s, India",Shallow (<70 km),2016
2016-09-11 07:07:03.410000+00:00,36.4073,70.6223,208.7,4.2,mb,"54 km SSW of Jurm, Afghanistan",Intermediate (70–300 km),2016
2016-09-12 05:14:15.980000+00:00,35.5744,71.8846,35.0,4.3,mb,"34 km WNW of Thal, Pakistan",Shallow (<70 km),2016
2016-09-12 18:20:53.590000+00:00,36.4177,70.7897,143.55,4.2,mb,"49 km S of Jurm, Afghanistan",Intermediate (70–300 km),2016
2016-09-14 11:26:51.610000+00:00,36.6487,71.0232,225.57,4.4,mb,"29 km SE of Jurm, Afghanistan",Intermediate (70–300 km),2016
2016-09-18 17:14:17.810000+00:00,27.8196,85.4746,25.2,4.2,mb,"12 km NNW of Nagarkot, Nepal",Shallow (<70 km),2016
2016-09-19 21:11:27+00:00,29.1247,97.8313,66.57,4.2,mb,"171 km NE of Hayuliang, India",Shallow (<70 km),2016
2016-09-20 04:26:28.980000+00:00,31.4958,96.8475,46.25,4.0,mb,"51 km NW of Qamdo, China",Shallow (<70 km),2016
2016-09-22 13:23:43.950000+00:00,25.2601,95.6127,141.47,4.6,mb,"120 km ESE of Phek, India",Intermediate (70–300 km),2016
2016-09-22 16:47:16.160000+00:00,30.1819,99.6908,21.99,5.2,mb,"219 km W of Kangding, China",Shallow (<70 km),2016
2016-09-22 16:50:33.440000+00:00,30.1048,99.7368,23.45,4.7,mb,"214 km W of Kangding, China",Shallow (<70 km),2016
2016-09-22 17:23:15.960000+00:00,30.1768,99.6502,21.01,5.3,mb,"223 km W of Kangding, China",Shallow (<70 km),2016
2016-09-23 02:18:36.800000+00:00,29.9005,99.7532,10.0,4.2,mb,"213 km W of Kangding, China",Shallow (<70 km),2016
2016-09-24 12:28:51.770000+00:00,36.5451,70.6566,202.61,4.0,mb,"38 km SSW of Jurm, Afghanistan",Intermediate (70–300 km),2016
2016-09-26 00:13:41.400000+00:00,36.6501,71.2088,215.91,4.4,mb,"29 km W of Ashk?sham, Afghanistan",Intermediate (70–300 km),2016
2016-09-26 15:48:53.920000+00:00,30.1727,99.609,22.98,4.9,mb,"227 km W of Kangding, China",Shallow (<70 km),2016
2016-09-27 05:11:50.670000+00:00,36.8597,73.1268,52.75,4.4,mb,"72 km E of Khand?d, Afghanistan",Shallow (<70 km),2016
2016-09-27 05:12:40.430000+00:00,36.9956,73.1955,73.9,4.5,mb,"78 km E of Khand?d, Afghanistan",Intermediate (70–300 km),2016
2016-09-29 13:58:52.560000+00:00,34.4797,90.4046,14.44,4.2,mb,"Southern Qinghai, China",Shallow (<70 km),2016
2016-09-30 21:55:01.660000+00:00,34.4341,73.7603,14.28,4.3,mb,"27 km ENE of Muzaffar?b?d, Pakistan",Shallow (<70 km),2016
2016-10-01 08:04:34.330000+00:00,34.9048,73.6822,10.0,5.4,mb,"62 km NNE of Muzaffar?b?d, Pakistan",Shallow (<70 km),2016
2016-10-01 11:36:01.570000+00:00,30.9806,88.1037,34.62,4.2,mb,"206 km NNW of Rikaze, China",Shallow (<70 km),2016
2016-10-01 13:11:23.200000+00:00,34.362,90.352,12.3,4.4,mb,"Southern Qinghai, China",Shallow (<70 km),2016
2016-10-04 14:19:21.580000+00:00,33.7459,75.6917,35.0,4.3,mb,"45 km SE of Pahlg?m, India",Shallow (<70 km),2016
2016-10-06 14:47:57.210000+00:00,26.443,92.773,56.85,4.3,mb,"21 km S of Tezpur, India",Shallow (<70 km),2016
2016-10-07 04:52:38.250000+00:00,28.35,85.9666,10.0,4.0,mb,"43 km N of Kod?ri??, Nepal",Shallow (<70 km),2016
2016-10-07 23:32:42.680000+00:00,36.5236,70.3285,212.12,4.4,mb,"42 km E of Farkh?r, Afghanistan",Intermediate (70–300 km),2016
2016-10-10 01:58:05.750000+00:00,36.6135,70.9308,209.19,4.4,mb,"29 km SSE of Jurm, Afghanistan",Intermediate (70–300 km),2016
2016-10-11 07:30:14.280000+00:00,25.2519,95.0006,95.33,4.7,mb,"68 km SE of Phek, India",Intermediate (70–300 km),2016
2016-10-12 15:30:18.300000+00:00,36.018,82.3816,15.96,3.9,mb,"250 km ESE of Hotan, China",Shallow (<70 km),2016
2016-10-14 17:23:21.280000+00:00,36.7716,71.1985,190.95,4.4,mb,"31 km WNW of Ashk?sham, Afghanistan",Intermediate (70–300 km),2016
2016-10-16 14:19:23.680000+00:00,36.2503,70.794,106.87,4.1,mb,"68 km S of Jurm, Afghanistan",Intermediate (70–300 km),2016
2016-10-17 00:37:14.440000+00:00,36.6166,70.827,246.99,4.6,mb,"27 km S of Jurm, Afghanistan",Intermediate (70–300 km),2016
2016-10-17 01:56:30.630000+00:00,36.4571,70.5946,204.75,4.4,mb,"50 km SSW of Jurm, Afghanistan",Intermediate (70–300 km),2016
2016-10-17 07:14:50.870000+00:00,32.8959,94.8768,35.0,5.9,mww,Xizang-Qinghai border region,Shallow (<70 km),2016
2016-10-17 07:33:39.520000+00:00,32.8717,94.9881,37.41,4.7,mb,"283 km NW of Qamdo, China",Shallow (<70 km),2016
2016-10-17 08:06:29.970000+00:00,32.9799,94.9965,37.85,4.6,mb,"290 km NW of Qamdo, China",Shallow (<70 km),2016
2016-10-17 08:24:39.240000+00:00,32.9504,95.041,35.0,4.4,mb,"285 km NW of Qamdo, China",Shallow (<70 km),2016
2016-10-19 23:57:18.870000+00:00,32.8633,94.757,10.0,4.5,mb,"297 km ENE of Nagqu, China",Shallow (<70 km),2016
2016-10-20 00:40:01.710000+00:00,36.4437,71.2694,106.95,5.1,mb,"35 km SW of Ashk?sham, Afghanistan",Intermediate (70–300 km),2016
2016-10-23 10:03:29.680000+00:00,36.6098,70.9535,206.44,4.3,mb,"30 km SSE of Jurm, Afghanistan",Intermediate (70–300 km),2016
2016-10-23 15:56:41.960000+00:00,26.0659,90.2619,24.31,4.6,mb,"5 km NW of Lakhipur, India",Shallow (<70 km),2016
2016-10-24 00:56:27.100000+00:00,36.2065,71.0301,99.38,4.4,mb,"69 km SW of Ashk?sham, Afghanistan",Intermediate (70–300 km),2016
2016-10-25 04:16:39.680000+00:00,36.3035,70.8596,114.1,4.5,mb,"62 km S of Jurm, Afghanistan",Intermediate (70–300 km),2016
2016-10-30 23:57:16.190000+00:00,36.3363,71.2926,93.25,4.4,mb,"44 km SSW of Ashk?sham, Afghanistan",Intermediate (70–300 km),2016
2016-10-31 13:25:53.320000+00:00,34.8888,85.9776,17.06,4.2,mb,western Xizang,Shallow (<70 km),2016
2016-11-11 11:23:46.150000+00:00,36.8245,76.7561,116.72,4.4,mb,"181 km SSW of Shache, China",Intermediate (70–300 km),2016
2016-11-13 14:18:32.350000+00:00,36.4756,70.4134,147.64,4.5,mb,"50 km ESE of Farkh?r, Afghanistan",Intermediate (70–300 km),2016
2016-11-13 15:19:54.030000+00:00,36.5075,70.5853,194.37,4.1,mb,"45 km SSW of Jurm, Afghanistan",Intermediate (70–300 km),2016
2016-11-15 16:02:56.270000+00:00,36.5242,70.8421,190.95,5.4,mww,"37 km S of Jurm, Afghanistan",Intermediate (70–300 km),2016
2016-11-16 22:59:24.610000+00:00,28.0012,76.7017,10.0,4.4,mb,"14 km SE of B?wal, India",Shallow (<70 km),2016
2016-11-17 04:10:35.060000+00:00,25.5932,99.8455,31.85,4.1,mb,"36 km W of Dali, China",Shallow (<70 km),2016
2016-11-17 04:22:47.690000+00:00,25.7955,99.9766,10.0,4.5,mb,"33 km NW of Dali, China",Shallow (<70 km),2016
2016-11-17 21:45:56.570000+00:00,32.6865,96.1511,10.0,5.0,mb,"198 km NNW of Qamdo, China",Shallow (<70 km),2016
2016-11-18 06:54:37.650000+00:00,36.6173,71.3486,84.82,4.6,mb,"18 km WSW of Ashk?sham, Afghanistan",Intermediate (70–300 km),2016
2016-11-21 00:15:40.150000+00:00,36.5185,70.332,187.38,4.0,mb,"42 km E of Farkh?r, Afghanistan",Intermediate (70–300 km),2016
2016-11-21 04:50:41.050000+00:00,31.4546,94.1675,33.42,4.1,mb,"200 km E of Nagqu, China",Shallow (<70 km),2016
2016-11-22 06:26:25.810000+00:00,36.506,70.9123,166.04,4.1,mb,"40 km S of Jurm, Afghanistan",Intermediate (70–300 km),2016
2016-11-22 13:12:47.140000+00:00,36.4908,70.2943,211.04,4.2,mb,"40 km ESE of Farkh?r, Afghanistan",Intermediate (70–300 km),2016
2016-11-24 14:16:36.710000+00:00,33.227,72.7675,37.81,4.5,mb,"33 km NNW of Chakwal, Pakistan",Shallow (<70 km),2016
2016-11-27 10:21:11.520000+00:00,36.8375,71.0121,94.18,4.0,mb,"16 km E of Jurm, Afghanistan",Intermediate (70–300 km),2016
2016-11-27 23:35:21.020000+00:00,27.8015,86.5319,10.0,5.4,mb,"17 km W of Namche Bazar, Nepal",Shallow (<70 km),2016
2016-12-01 06:46:34.740000+00:00,36.7509,71.0964,230.42,4.6,mb,"26 km ESE of Jurm, Afghanistan",Intermediate (70–300 km),2016
2016-12-01 16:52:50.110000+00:00,29.979,80.6321,31.96,5.2,mb,"18 km NE of Dh?rchula, India",Shallow (<70 km),2016
2016-12-04 21:34:23.310000+00:00,32.4198,92.116,10.0,5.2,mwb,"104 km N of Nagqu, China",Shallow (<70 km),2016
2016-12-05 01:13:26.380000+00:00,36.1657,70.6392,104.28,4.3,mb,"79 km SSW of Jurm, Afghanistan",Intermediate (70–300 km),2016
2016-12-06 18:13:29.150000+00:00,36.6826,71.6327,281.02,4.2,mb,"4 km SSE of Ishqoshim, Tajikistan",Intermediate (70–300 km),2016
2016-12-08 00:07:34.110000+00:00,36.454,71.1604,87.51,5.0,mb,"41 km SW of Ashk?sham, Afghanistan",Intermediate (70–300 km),2016
2016-12-09 17:53:22.590000+00:00,36.473,70.4956,140.03,4.3,mb,"52 km SW of Jurm, Afghanistan",Intermediate (70–300 km),2016
2016-12-12 00:05:41.100000+00:00,36.5628,70.9003,205.77,4.2,mb,"34 km S of Jurm, Afghanistan",Intermediate (70–300 km),2016
2016-12-12 11:14:42.240000+00:00,36.2316,70.4468,93.88,4.6,mb,"65 km SE of Farkh?r, Afghanistan",Intermediate (70–300 km),2016
2016-12-14 00:51:17.520000+00:00,36.5127,84.8527,13.17,4.3,mb,"southern Xinjiang, China",Shallow (<70 km),2016
2016-12-15 09:55:15.060000+00:00,36.6559,71.0743,212.1,4.2,mb,"31 km SE of Jurm, Afghanistan",Intermediate (70–300 km),2016
2016-12-17 03:50:05.450000+00:00,36.5432,70.8246,191.45,4.5,mb,"35 km S of Jurm, Afghanistan",Intermediate (70–300 km),2016
2016-12-17 17:25:58.040000+00:00,34.0507,73.8062,36.07,4.5,mb,"21 km N of Rawala Kot, Pakistan",Shallow (<70 km),2016
2016-12-20 21:32:48.990000+00:00,36.428,71.2111,106.03,4.3,mb,"40 km SW of Ashk?sham, Afghanistan",Intermediate (70–300 km),2016
2016-12-22 20:43:53.640000+00:00,30.1814,99.6366,18.39,4.2,mb,"224 km W of Kangding, China",Shallow (<70 km),2016
2016-12-22 21:01:50.730000+00:00,30.0754,99.6857,23.9,4.1,mb,"219 km W of Kangding, China",Shallow (<70 km),2016
2016-12-25 07:58:54.810000+00:00,36.7219,71.1207,239.4,4.1,mb,"30 km ESE of Jurm, Afghanistan",Intermediate (70–300 km),2016
2016-12-27 07:17:15.420000+00:00,34.4738,73.7599,49.03,4.3,mb,"28 km ENE of Muzaffar?b?d, Pakistan",Shallow (<70 km),2016
2016-12-29 22:46:26.260000+00:00,36.6703,71.164,209.12,4.1,mb,"33 km W of Ashk?sham, Afghanistan",Intermediate (70–300 km),2016
2017-01-01 22:06:44.630000+00:00,36.5673,71.474,107.0,4.2,mb,"13 km SSW of Ashk?sham, Afghanistan",Intermediate (70–300 km),2017
2017-01-02 07:16:47.530000+00:00,34.8833,73.8226,24.52,4.2,mb,"65 km NNE of Muzaffar?b?d, Pakistan",Shallow (<70 km),2017
2017-01-02 16:51:07.560000+00:00,36.4405,70.7431,205.82,4.1,mb,"47 km S of Jurm, Afghanistan",Intermediate (70–300 km),2017
2017-01-03 19:32:26.800000+00:00,27.9089,93.8486,18.03,4.4,mb,"34 km N of Ziro, India",Shallow (<70 km),2017
2017-01-04 01:26:09.380000+00:00,36.6388,70.8618,207.12,4.2,mb,"25 km S of Jurm, Afghanistan",Intermediate (70–300 km),2017
2017-01-04 14:12:52.310000+00:00,30.4946,83.7309,10.0,4.7,mb,"194 km NW of Saga, China",Shallow (<70 km),2017
2017-01-08 13:31:26.230000+00:00,31.7739,72.156,10.0,4.5,mb,"12 km WSW of Jahanian Shah, Pakistan",Shallow (<70 km),2017
2017-01-09 20:25:53.280000+00:00,35.679,77.8343,82.09,4.1,mb,"126 km NE of Thang, India",Intermediate (70–300 km),2017
2017-01-12 09:32:08.120000+00:00,26.4049,95.364,68.8,4.5,mb,"47 km SE of Mon, India",Shallow (<70 km),2017
2017-01-18 13:37:37.710000+00:00,36.5035,70.06,227.49,4.0,mb,"19 km ESE of Farkh?r, Afghanistan",Intermediate (70–300 km),2017
2017-01-19 09:59:42.490000+00:00,28.9824,88.2848,10.0,4.1,mb,"65 km WSW of Rikaze, China",Shallow (<70 km),2017
2017-01-19 19:18:36.830000+00:00,28.1784,92.6836,40.21,4.1,mb,"100 km NE of Tawang, India",Shallow (<70 km),2017
2017-01-22 04:29:41.390000+00:00,36.5698,70.8263,181.87,4.0,mb,"32 km S of Jurm, Afghanistan",Intermediate (70–300 km),2017
2017-01-24 12:25:38.780000+00:00,25.6419,91.8799,35.0,4.3,mb,"8 km N of Shillong, India",Shallow (<70 km),2017
2017-01-27 07:40:52.540000+00:00,36.4309,71.2933,82.93,4.8,mb,"35 km SW of Ashk?sham, Afghanistan",Intermediate (70–300 km),2017
2017-01-28 22:03:59.680000+00:00,36.4089,70.5434,142.71,4.1,mb,"56 km SSW of Jurm, Afghanistan",Intermediate (70–300 km),2017
2017-01-29 21:36:08.190000+00:00,25.9321,96.4968,41.14,4.5,mb,"43 km SW of Sarupathar, India",Shallow (<70 km),2017
2017-01-30 23:28:27.670000+00:00,36.7554,71.3426,165.25,4.3,mb,"18 km WNW of Ashk?sham, Afghanistan",Intermediate (70–300 km),2017
2017-01-31 06:16:04.290000+00:00,31.5911,94.1235,32.7,4.5,mb,"196 km E of Nagqu, China",Shallow (<70 km),2017
2017-02-01 10:07:44.180000+00:00,30.6877,83.3674,10.0,5.1,mb,"193 km NE of Jumla, Nepal",Shallow (<70 km),2017
2017-02-02 13:46:30.690000+00:00,36.5013,70.2643,220.96,4.4,mb,"37 km ESE of Farkh?r, Afghanistan",Intermediate (70–300 km),2017
2017-02-04 13:44:32.570000+00:00,35.6969,81.777,10.0,4.6,mb,"227 km SE of Hotan, China",Shallow (<70 km),2017
2017-02-05 23:21:13.100000+00:00,36.557,70.4777,210.56,4.2,mb,"46 km SW of Jurm, Afghanistan",Intermediate (70–300 km),2017
2017-02-06 05:24:39.370000+00:00,32.0126,83.978,10.0,4.6,mb,western Xizang,Shallow (<70 km),2017
2017-02-06 17:03:06.530000+00:00,30.6544,79.1645,16.05,5.1,mwb,"36 km NW of P?palkoti, India",Shallow (<70 km),2017
2017-02-10 04:49:01.850000+00:00,36.0949,70.4511,115.93,4.6,mb,"75 km SE of Farkh?r, Afghanistan",Intermediate (70–300 km),2017
2017-02-12 04:05:33.570000+00:00,25.548,91.1035,36.94,4.4,mb,"16 km WNW of Nongstoin, India",Shallow (<70 km),2017
2017-02-13 05:57:43.470000+00:00,36.4117,71.3808,92.81,4.4,mb,"33 km SSW of Ashk?sham, Afghanistan",Intermediate (70–300 km),2017
2017-02-14 01:51:41.100000+00:00,36.4952,70.9478,152.22,4.7,mb,"42 km SSE of Jurm, Afghanistan",Intermediate (70–300 km),2017
2017-02-14 23:58:55.410000+00:00,34.3277,70.467,58.21,3.7,mb,"11 km S of Jal?l?b?d, Afghanistan",Shallow (<70 km),2017
2017-02-16 15:54:32.440000+00:00,36.0715,70.3842,109.03,4.3,mb,"73 km SE of Farkh?r, Afghanistan",Intermediate (70–300 km),2017
2017-02-16 23:20:37.560000+00:00,36.6067,71.3213,118.95,4.3,mb,"20 km WSW of Ashk?sham, Afghanistan",Intermediate (70–300 km),2017
2017-02-19 00:04:52.730000+00:00,36.5463,71.0749,152.73,4.2,mb,"41 km SSE of Jurm, Afghanistan",Intermediate (70–300 km),2017
2017-02-21 13:32:46.850000+00:00,36.4616,70.9962,128.88,4.5,mb,"47 km SSE of Jurm, Afghanistan",Intermediate (70–300 km),2017
2017-02-22 21:40:12.220000+00:00,36.3781,70.9396,120.41,4.2,mb,"54 km S of Jurm, Afghanistan",Intermediate (70–300 km),2017
2017-02-26 05:57:03.570000+00:00,36.4545,71.2413,103.82,4.1,mb,"36 km SW of Ashk?sham, Afghanistan",Intermediate (70–300 km),2017
2017-02-26 18:48:45.660000+00:00,30.2107,83.5019,10.0,4.7,mb,"164 km NE of Jumla, Nepal",Shallow (<70 km),2017
2017-02-27 03:37:45.990000+00:00,27.4259,86.0789,11.23,4.7,mb,"57 km ESE of Dhulikhel, Nepal",Shallow (<70 km),2017
2017-02-27 04:21:41.730000+00:00,27.3706,85.9319,20.28,4.6,mb,"47 km ESE of Panauti, Nepal",Shallow (<70 km),2017
2017-03-01 03:13:41.170000+00:00,36.6038,71.2969,233.11,4.1,mb,"22 km WSW of Ashk?sham, Afghanistan",Intermediate (70–300 km),2017
2017-03-02 00:37:49.560000+00:00,36.6037,70.9461,193.05,4.2,mb,"30 km SSE of Jurm, Afghanistan",Intermediate (70–300 km),2017
2017-03-04 02:11:53.820000+00:00,25.1865,94.6658,74.07,5.1,mb,"55 km SSE of Phek, India",Intermediate (70–300 km),2017
2017-03-05 14:41:27.090000+00:00,36.4473,71.03,86.17,4.4,mb,"49 km SSE of Jurm, Afghanistan",Intermediate (70–300 km),2017
2017-03-06 21:30:06.950000+00:00,25.1149,95.1428,89.95,4.3,mb,"88 km SE of Phek, India",Intermediate (70–300 km),2017
2017-03-07 10:28:56.500000+00:00,26.9162,89.1143,10.0,4.0,mb,"2 km NE of Samtse, Bhutan",Shallow (<70 km),2017
2017-03-07 16:22:25.740000+00:00,36.6638,84.9348,12.83,4.7,mb,"southern Xinjiang, China",Shallow (<70 km),2017
2017-03-09 06:18:45.290000+00:00,36.4244,71.3265,113.13,4.4,mb,"34 km SSW of Ashk?sham, Afghanistan",Intermediate (70–300 km),2017
2017-03-13 02:07:19.280000+00:00,36.2226,70.6902,114.84,4.5,mb,"72 km S of Jurm, Afghanistan",Intermediate (70–300 km),2017
2017-03-14 16:39:56.790000+00:00,27.2997,96.7901,54.22,4.4,mb,"89 km SSE of Hayuliang, India",Shallow (<70 km),2017
2017-03-17 17:58:14.010000+00:00,36.5563,70.7407,177.85,4.2,mb,"35 km SSW of Jurm, Afghanistan",Intermediate (70–300 km),2017
2017-03-21 05:56:37.260000+00:00,33.5487,72.6676,40.98,4.3,mb,"32 km SE of Sanjwal, Pakistan",Shallow (<70 km),2017
2017-03-21 14:08:08.270000+00:00,36.4474,70.8119,134.32,4.5,mb,"46 km S of Jurm, Afghanistan",Intermediate (70–300 km),2017
2017-03-21 15:40:45.410000+00:00,25.3798,92.5623,34.67,4.4,mb,"51 km WNW of H?flong, India",Shallow (<70 km),2017
2017-03-23 12:23:44.180000+00:00,36.537,71.1704,229.92,4.2,mb,"36 km WSW of Ashk?sham, Afghanistan",Intermediate (70–300 km),2017
2017-03-25 02:05:56.400000+00:00,25.0469,95.0201,104.0,4.5,mb,"86 km SE of Phek, India",Intermediate (70–300 km),2017
2017-03-25 06:23:04.980000+00:00,36.7806,70.9663,79.84,4.3,mb,"15 km SE of Jurm, Afghanistan",Intermediate (70–300 km),2017
2017-03-25 11:11:49.650000+00:00,36.7488,71.3332,185.84,4.4,mb,"19 km WNW of Ashk?sham, Afghanistan",Intermediate (70–300 km),2017
2017-03-26 05:09:49.750000+00:00,36.4948,70.1302,220.56,4.0,mb,"25 km ESE of Farkh?r, Afghanistan",Intermediate (70–300 km),2017
2017-03-26 14:11:18.590000+00:00,36.6296,71.2697,117.93,4.5,mb,"24 km WSW of Ashk?sham, Afghanistan",Intermediate (70–300 km),2017
2017-03-26 21:42:11.940000+00:00,27.1419,88.5534,24.39,4.5,mb,"4 km SSE of Rangpo, India",Shallow (<70 km),2017
2017-03-26 22:54:51.700000+00:00,30.5998,83.6889,34.76,4.2,mb,"204 km NW of Saga, China",Shallow (<70 km),2017
2017-03-26 23:40:31.620000+00:00,25.8832,99.8842,10.0,4.6,mb,"46 km NW of Dali, China",Shallow (<70 km),2017
2017-03-26 23:55:06.280000+00:00,25.9382,99.8406,27.61,5.0,mb,"54 km NW of Dali, China",Shallow (<70 km),2017
2017-03-28 07:31:22.310000+00:00,36.6117,71.0259,211.61,4.2,mb,"32 km SSE of Jurm, Afghanistan",Intermediate (70–300 km),2017
2017-03-28 10:59:21.720000+00:00,33.6425,90.9632,30.25,4.2,mb,"261 km NNW of Nagqu, China",Shallow (<70 km),2017
2017-03-29 18:26:05.660000+00:00,36.4392,70.4434,151.19,4.1,mb,"54 km ESE of Farkh?r, Afghanistan",Intermediate (70–300 km),2017
2017-03-30 23:03:09.900000+00:00,36.4708,71.2541,90.47,4.0,mb,"34 km SW of Ashk?sham, Afghanistan",Intermediate (70–300 km),2017
2017-03-31 22:29:28.650000+00:00,36.5656,70.0559,229.25,4.0,mb,"17 km E of Farkh?r, Afghanistan",Intermediate (70–300 km),2017
2017-04-04 04:48:38.490000+00:00,36.7821,71.3571,178.43,4.8,mb,"19 km NW of Ashk?sham, Afghanistan",Intermediate (70–300 km),2017
2017-04-04 21:41:07.440000+00:00,36.1398,71.3606,108.14,4.9,mb,"62 km SSW of Ashk?sham, Afghanistan",Intermediate (70–300 km),2017
2017-04-06 03:39:44.220000+00:00,36.6782,70.9754,205.36,4.3,mb,"24 km SSE of Jurm, Afghanistan",Intermediate (70–300 km),2017
2017-04-12 00:43:31.200000+00:00,36.5223,70.331,220.57,4.3,mb,"42 km E of Farkh?r, Afghanistan",Intermediate (70–300 km),2017
2017-04-14 06:53:56.030000+00:00,36.5339,71.1915,242.27,4.0,mb,"34 km WSW of Ashk?sham, Afghanistan",Intermediate (70–300 km),2017
2017-04-15 00:23:59.440000+00:00,36.4799,70.5914,206.71,4.0,mb,"47 km SSW of Jurm, Afghanistan",Intermediate (70–300 km),2017
2017-04-16 00:02:59.250000+00:00,36.5377,70.8467,188.64,4.1,mb,"36 km S of Jurm, Afghanistan",Intermediate (70–300 km),2017
2017-04-16 15:07:14.760000+00:00,36.7123,71.12,231.37,4.1,mb,"30 km ESE of Jurm, Afghanistan",Intermediate (70–300 km),2017
2017-04-17 23:04:36.490000+00:00,36.5405,70.8619,194.44,5.1,mb,"36 km S of Jurm, Afghanistan",Intermediate (70–300 km),2017
2017-04-18 05:11:55.400000+00:00,33.9575,76.422,51.3,4.6,mb,Kashmir-India border region,Shallow (<70 km),2017
2017-04-18 14:01:34.540000+00:00,25.0632,91.6394,34.06,4.5,mb,"4 km NW of Chh?tak, Bangladesh",Shallow (<70 km),2017
2017-04-18 18:24:50.680000+00:00,36.7674,71.2289,190.61,4.1,mb,"28 km WNW of Ashk?sham, Afghanistan",Intermediate (70–300 km),2017
2017-04-18 20:33:49.230000+00:00,36.5623,70.835,191.16,4.3,mb,"33 km S of Jurm, Afghanistan",Intermediate (70–300 km),2017
2017-04-20 18:27:47.620000+00:00,36.29,70.2391,110.21,4.1,mb,"46 km SE of Farkh?r, Afghanistan",Intermediate (70–300 km),2017
2017-04-24 15:04:30.130000+00:00,29.6836,81.3034,18.73,4.3,mb,"58 km NE of Dipayal, Nepal",Shallow (<70 km),2017
2017-04-25 16:14:55.930000+00:00,25.6263,90.8833,31.19,4.3,mb,"40 km WNW of Nongstoin, India",Shallow (<70 km),2017
2017-04-27 02:10:11.800000+00:00,29.2836,86.0168,8.0,4.4,mb,"76 km E of Saga, China",Shallow (<70 km),2017
2017-04-28 19:14:13.800000+00:00,36.2911,70.1397,121.36,4.1,mb,"40 km SE of Farkh?r, Afghanistan",Intermediate (70–300 km),2017
2017-04-30 20:09:16.190000+00:00,36.4915,70.8958,152.06,4.1,mb,"41 km S of Jurm, Afghanistan",Intermediate (70–300 km),2017
2017-05-03 22:41:33.010000+00:00,36.3465,70.9662,95.87,4.2,mb,"Hindu Kush region, Afghanistan",Intermediate (70–300 km),2017
2017-05-04 16:16:51.100000+00:00,36.7233,71.401,189.25,4.3,mb,"12 km WNW of Ashk?sham, Afghanistan",Intermediate (70–300 km),2017
2017-05-05 09:17:14.950000+00:00,36.464,70.9239,100.08,4.5,mb,"45 km S of Jurm, Afghanistan",Intermediate (70–300 km),2017
2017-05-06 09:52:28.780000+00:00,36.6476,71.5463,400.57,5.0,mb,"4 km SSE of Ashk?sham, Afghanistan",Deep (≥300 km),2017
2017-05-06 17:57:06.800000+00:00,36.7713,73.9818,77.3,4.2,mb,northwestern Kashmir,Intermediate (70–300 km),2017
2017-05-07 13:35:10.430000+00:00,33.8033,89.2006,10.0,4.4,mb,western Xizang,Shallow (<70 km),2017
2017-05-08 09:18:25.040000+00:00,32.4418,97.5866,10.0,4.1,mb,"150 km NNE of Qamdo, China",Shallow (<70 km),2017
2017-05-10 22:21:36.480000+00:00,36.4905,70.0854,230.69,4.3,mb,"22 km ESE of Farkh?r, Afghanistan",Intermediate (70–300 km),2017
2017-05-12 16:49:01.210000+00:00,36.7053,71.3433,177.09,4.7,mb,"17 km W of Ashk?sham, Afghanistan",Intermediate (70–300 km),2017
2017-05-13 19:22:48.300000+00:00,36.9678,71.2586,105.14,4.2,mb,"39 km ENE of Jurm, Afghanistan",Intermediate (70–300 km),2017
2017-05-14 05:28:14.560000+00:00,35.1792,81.4457,10.0,4.3,mb,"253 km SSE of Hotan, China",Shallow (<70 km),2017
2017-05-14 08:40:31.060000+00:00,36.5205,70.8408,189.88,4.2,mb,"38 km S of Jurm, Afghanistan",Intermediate (70–300 km),2017
2017-05-15 16:20:00.430000+00:00,33.0191,99.0333,16.74,4.5,mb,"272 km NE of Qamdo, China",Shallow (<70 km),2017
2017-05-16 18:13:32.860000+00:00,36.68,71.4074,179.29,4.2,mb,"11 km W of Ashk?sham, Afghanistan",Intermediate (70–300 km),2017
2017-05-16 22:13:19.060000+00:00,27.3266,88.1714,10.0,4.2,mb,"9 km WNW of Gyalshing, India",Shallow (<70 km),2017
2017-05-18 10:26:48.170000+00:00,36.5826,70.1552,213.29,4.5,mb,"26 km E of Farkh?r, Afghanistan",Intermediate (70–300 km),2017
2017-05-18 21:34:40.840000+00:00,36.384,71.3656,100.48,4.2,mb,"36 km SSW of Ashk?sham, Afghanistan",Intermediate (70–300 km),2017
2017-05-18 23:07:04.660000+00:00,30.3205,96.8954,28.76,4.5,mb,Eastern Xizang,Shallow (<70 km),2017
2017-05-19 00:02:33.540000+00:00,33.0204,76.1431,42.99,4.5,mb,"40 km E of Bhadarw?h, India",Shallow (<70 km),2017
2017-05-19 16:02:16.700000+00:00,25.818,99.7761,10.0,4.4,mb,"50 km WNW of Dali, China",Shallow (<70 km),2017
2017-05-20 05:48:44.460000+00:00,32.8696,76.2986,35.36,4.2,mb,"38 km NNE of Chamba, India",Shallow (<70 km),2017
2017-05-21 05:33:35.550000+00:00,36.2491,70.8269,106.39,4.0,mb,"68 km S of Jurm, Afghanistan",Intermediate (70–300 km),2017
2017-05-23 14:37:27.580000+00:00,35.6949,70.1304,87.02,4.3,mb,"Hindu Kush region, Afghanistan",Intermediate (70–300 km),2017
2017-05-24 03:16:29.050000+00:00,27.5189,90.1818,28.39,4.4,mb,"28 km E of Wangdue Phodrang, Bhutan",Shallow (<70 km),2017
2017-05-24 16:08:10.570000+00:00,33.5188,88.9596,10.0,4.2,mb,western Xizang,Shallow (<70 km),2017
2017-05-26 18:31:55.810000+00:00,36.5417,70.8308,193.09,4.0,mb,"35 km S of Jurm, Afghanistan",Intermediate (70–300 km),2017
2017-05-29 13:53:29.160000+00:00,33.2999,75.9276,35.9,4.5,mb,"15 km E of Kishtw?r, India",Shallow (<70 km),2017
2017-06-01 22:55:54.880000+00:00,28.9744,76.7797,10.0,4.7,mb,"16 km NW of Kharkhauda, India",Shallow (<70 km),2017
2017-06-08 00:56:54.020000+00:00,33.615,91.0601,10.0,4.6,mb,"254 km NNW of Nagqu, China",Shallow (<70 km),2017
2017-06-08 04:31:55.080000+00:00,33.772,91.116,62.21,4.0,mb,"269 km NNW of Nagqu, China",Shallow (<70 km),2017
2017-06-09 11:48:06.920000+00:00,25.2784,95.1091,92.06,4.6,mb,"74 km SE of Phek, India",Intermediate (70–300 km),2017
2017-06-10 20:43:32.300000+00:00,36.455,70.5005,136.44,4.1,mb,"54 km SSW of Jurm, Afghanistan",Intermediate (70–300 km),2017
2017-06-12 13:54:25.970000+00:00,36.3624,71.223,77.59,4.6,mb,"45 km SW of Ashk?sham, Afghanistan",Intermediate (70–300 km),2017
2017-06-12 15:27:23.240000+00:00,36.1718,71.2837,102.24,4.3,mb,"61 km SSW of Ashk?sham, Afghanistan",Intermediate (70–300 km),2017
2017-06-12 23:23:29.600000+00:00,36.7882,70.8937,102.06,4.1,mb,"10 km SSE of Jurm, Afghanistan",Intermediate (70–300 km),2017
2017-06-13 19:38:18.360000+00:00,33.616,91.076,35.0,4.8,mb,"254 km NNW of Nagqu, China",Shallow (<70 km),2017
2017-06-14 09:06:06.430000+00:00,34.8708,72.9161,25.09,4.7,mb,"22 km NNW of Shingli Bala, Pakistan",Shallow (<70 km),2017
2017-06-16 13:16:34.680000+00:00,36.718,71.2333,189.69,4.1,mb,"27 km W of Ashk?sham, Afghanistan",Intermediate (70–300 km),2017
2017-06-16 21:43:11.230000+00:00,29.9367,95.1768,24.75,4.2,mb,"174 km NNE of Shi Yomi, India",Shallow (<70 km),2017
2017-06-17 03:00:52.700000+00:00,36.5156,70.9826,154.3,4.1,mb,"40 km SSE of Jurm, Afghanistan",Intermediate (70–300 km),2017
2017-06-18 06:15:29.010000+00:00,36.8519,71.166,90.66,4.2,mb,"29 km E of Jurm, Afghanistan",Intermediate (70–300 km),2017
2017-06-20 12:16:25+00:00,29.4452,99.4611,35.0,4.2,mb,"181 km N of Shangri-La, China",Shallow (<70 km),2017
2017-06-21 10:57:28.880000+00:00,36.6344,70.9044,243.41,4.2,mb,"26 km SSE of Jurm, Afghanistan",Intermediate (70–300 km),2017
2017-06-21 15:00:19.700000+00:00,36.5644,71.127,90.52,4.4,mb,"38 km WSW of Ashk?sham, Afghanistan",Intermediate (70–300 km),2017
2017-06-22 04:10:42.850000+00:00,36.7161,71.3078,188.86,4.9,mb,"20 km W of Ashk?sham, Afghanistan",Intermediate (70–300 km),2017
2017-06-25 23:30:40.200000+00:00,36.4357,70.6732,207.15,5.2,mww,"49 km SSW of Jurm, Afghanistan",Intermediate (70–300 km),2017
2017-06-26 07:35:53.500000+00:00,36.4998,83.701,10.0,4.4,mb,"southern Xinjiang, China",Shallow (<70 km),2017
2017-06-26 16:44:12.940000+00:00,36.5379,70.8425,220.49,4.2,mb,"36 km S of Jurm, Afghanistan",Intermediate (70–300 km),2017
2017-06-28 03:50:42.500000+00:00,36.5451,70.9306,188.61,4.9,mb,"36 km SSE of Jurm, Afghanistan",Intermediate (70–300 km),2017
2017-07-01 05:28:28.540000+00:00,36.6152,70.8726,223.59,4.2,mb,"27 km S of Jurm, Afghanistan",Intermediate (70–300 km),2017
2017-07-02 01:58:27.200000+00:00,27.2384,86.1159,10.0,4.8,mb,"59 km NNE of Janakpur, Nepal",Shallow (<70 km),2017
2017-07-02 13:01:49.990000+00:00,31.9019,95.0788,13.94,4.3,mb,"217 km WNW of Qamdo, China",Shallow (<70 km),2017
2017-07-02 13:24:27.420000+00:00,36.5249,70.9541,161.75,4.1,mb,"39 km SSE of Jurm, Afghanistan",Intermediate (70–300 km),2017
2017-07-03 09:30:53.840000+00:00,36.4769,70.1215,231.56,4.2,mb,"25 km ESE of Farkh?r, Afghanistan",Intermediate (70–300 km),2017
2017-07-08 00:14:04.300000+00:00,36.577,71.2784,94.83,4.3,mb,"25 km WSW of Ashk?sham, Afghanistan",Intermediate (70–300 km),2017
2017-07-08 10:12:31.400000+00:00,34.6598,73.4405,22.29,4.7,mb,"31 km NE of Baffa, Pakistan",Shallow (<70 km),2017
2017-07-09 07:59:49.770000+00:00,29.0249,95.7052,19.48,4.5,mb,"112 km NNE of P?sigh?t, India",Shallow (<70 km),2017
2017-07-14 19:41:06.020000+00:00,36.1653,70.3672,105.59,4.1,mb,"64 km SE of Farkh?r, Afghanistan",Intermediate (70–300 km),2017
2017-07-15 10:57:27.630000+00:00,36.3829,70.9676,126.82,4.1,mb,"54 km SSE of Jurm, Afghanistan",Intermediate (70–300 km),2017
2017-07-15 16:35:28.630000+00:00,28.8507,81.6418,27.7,4.3,mb,"6 km W of Dailekh, Nepal",Shallow (<70 km),2017
2017-07-15 16:56:18.150000+00:00,30.6609,82.7985,51.53,4.6,mb,"161 km ENE of Burang, China",Shallow (<70 km),2017
2017-07-19 09:11:11.950000+00:00,34.3028,70.1673,37.66,4.2,mb,"Hindu Kush region, Afghanistan",Shallow (<70 km),2017
2017-07-19 13:59:38.800000+00:00,36.3061,70.92,112.57,5.0,mb,"62 km S of Jurm, Afghanistan",Intermediate (70–300 km),2017
2017-07-20 09:26:15.130000+00:00,31.6987,95.4825,10.0,4.1,mb,"173 km WNW of Qamdo, China",Shallow (<70 km),2017
2017-07-21 08:13:37.470000+00:00,36.2649,70.8581,109.71,4.3,mb,"66 km S of Jurm, Afghanistan",Intermediate (70–300 km),2017
2017-07-22 08:44:24.960000+00:00,36.7124,70.9118,265.93,4.7,mb,"18 km SSE of Jurm, Afghanistan",Intermediate (70–300 km),2017
2017-07-22 20:06:47.850000+00:00,25.1098,94.8989,68.66,4.0,mb,"73 km SSE of Phek, India",Shallow (<70 km),2017
2017-08-04 18:51:41.150000+00:00,36.5673,70.9333,193.5,4.7,mb,"34 km SSE of Jurm, Afghanistan",Intermediate (70–300 km),2017
2017-08-05 22:24:11.870000+00:00,36.3686,70.5144,133.09,4.2,mb,"62 km SSW of Jurm, Afghanistan",Intermediate (70–300 km),2017
2017-08-07 13:12:36.150000+00:00,31.799,94.7338,32.5,4.4,mb,"243 km WNW of Qamdo, China",Shallow (<70 km),2017
2017-08-10 17:30:29.130000+00:00,36.568,71.2899,83.48,4.5,mb,"25 km WSW of Ashk?sham, Afghanistan",Intermediate (70–300 km),2017
2017-08-10 22:58:44.470000+00:00,36.5105,70.1695,216.92,4.0,mb,"28 km ESE of Farkh?r, Afghanistan",Intermediate (70–300 km),2017
2017-08-11 02:40:35.890000+00:00,31.0571,92.7061,29.39,4.2,mb,"77 km SE of Nagqu, China",Shallow (<70 km),2017
2017-08-12 05:53:09.020000+00:00,36.7289,71.2096,181.19,4.0,mb,"29 km W of Ashk?sham, Afghanistan",Intermediate (70–300 km),2017
2017-08-12 17:10:01.370000+00:00,30.3422,94.8528,28.2,5.0,mb,"206 km NNE of Shi Yomi, India",Shallow (<70 km),2017
2017-08-12 17:46:39.820000+00:00,30.5084,95.0448,39.61,4.2,mb,"215 km WSW of Qamdo, China",Shallow (<70 km),2017
2017-08-14 07:58:29.860000+00:00,30.3157,95.0857,10.0,4.2,mb,"209 km NNE of Shi Yomi, India",Shallow (<70 km),2017
2017-08-16 03:26:53.080000+00:00,32.8724,76.2437,44.78,4.4,mb,"36 km NNE of Chamba, India",Shallow (<70 km),2017
2017-08-17 07:38:33.100000+00:00,25.8288,94.5263,61.1,4.6,mb,"15 km S of Zunheboto, India",Shallow (<70 km),2017
2017-08-18 19:53:11.880000+00:00,36.5765,71.2067,232.94,4.2,mb,"31 km WSW of Ashk?sham, Afghanistan",Intermediate (70–300 km),2017
2017-08-21 01:12:14.320000+00:00,30.3667,94.9281,10.0,4.9,mb,"210 km NNE of Shi Yomi, India",Shallow (<70 km),2017
2017-08-21 01:14:35.080000+00:00,30.4658,94.704,10.0,4.6,mb,"216 km N of Shi Yomi, India",Shallow (<70 km),2017
2017-08-21 09:18:34.330000+00:00,30.3971,95.0948,10.0,4.4,mb,"215 km WSW of Qamdo, China",Shallow (<70 km),2017
2017-08-21 12:03:13.970000+00:00,27.5881,86.1237,10.0,4.5,mb,"44 km SSE of Kod?ri??, Nepal",Shallow (<70 km),2017
2017-08-22 00:50:35.830000+00:00,29.3871,81.1558,10.0,4.6,mb,"25 km ENE of Dipayal, Nepal",Shallow (<70 km),2017
2017-08-23 05:35:46.510000+00:00,36.6947,71.1895,215.57,4.1,mb,"30 km W of Ashk?sham, Afghanistan",Intermediate (70–300 km),2017
2017-08-23 20:58:45.210000+00:00,35.4065,74.5783,49.61,4.6,mb,"61 km SSE of Gilgit, Pakistan",Shallow (<70 km),2017
2017-08-25 07:27:11.940000+00:00,36.4191,71.3353,110.81,5.1,mb,"34 km SSW of Ashk?sham, Afghanistan",Intermediate (70–300 km),2017
2017-08-27 12:24:52.510000+00:00,33.5732,72.998,32.11,4.6,mb,"5 km WSW of Rawalpindi, Pakistan",Shallow (<70 km),2017
2017-08-28 10:17:00.480000+00:00,36.3311,70.9351,114.38,4.6,mb,"59 km S of Jurm, Afghanistan",Intermediate (70–300 km),2017
2017-08-31 01:35:28.440000+00:00,36.562,70.8841,197.17,4.5,mb,"33 km S of Jurm, Afghanistan",Intermediate (70–300 km),2017
2017-08-31 20:21:35.570000+00:00,36.6023,70.8242,221.63,4.1,mb,"29 km S of Jurm, Afghanistan",Intermediate (70–300 km),2017
2017-09-01 02:38:12.500000+00:00,32.0662,82.6488,10.0,4.8,mb,"241 km NE of Burang, China",Shallow (<70 km),2017
2017-09-02 21:59:49.260000+00:00,34.014,83.4386,10.0,4.6,mb,western Xizang,Shallow (<70 km),2017
2017-09-04 20:21:42.160000+00:00,36.4734,71.0931,210.92,4.4,mb,"45 km WSW of Ashk?sham, Afghanistan",Intermediate (70–300 km),2017
2017-09-07 14:32:03.630000+00:00,25.275,90.2279,36.67,4.1,mb,"26 km S of Tura, India",Shallow (<70 km),2017
2017-09-20 15:08:25.280000+00:00,36.5943,70.9001,194.83,4.4,mb,"30 km S of Jurm, Afghanistan",Intermediate (70–300 km),2017
2017-09-23 00:14:11.480000+00:00,34.2131,74.5944,35.0,4.6,mb,"5 km WSW of Sumbal, India",Shallow (<70 km),2017
2017-09-23 16:45:34.390000+00:00,36.4961,71.1591,95.21,4.4,mb,"39 km WSW of Ashk?sham, Afghanistan",Intermediate (70–300 km),2017
2017-09-29 07:57:06.750000+00:00,33.9698,90.3978,10.0,4.2,mb,Xizang-Qinghai border region,Shallow (<70 km),2017
2017-10-01 12:18:17.300000+00:00,28.6799,96.3197,34.7,4.0,mb,"70 km NNW of Hayuliang, India",Shallow (<70 km),2017
2017-10-01 22:26:51.360000+00:00,36.4961,70.1531,213.7,4.3,mb,"27 km ESE of Farkh?r, Afghanistan",Intermediate (70–300 km),2017
2017-10-03 13:48:34.400000+00:00,25.0388,94.7337,77.48,4.5,mb,"73 km SSE of Phek, India",Intermediate (70–300 km),2017
2017-10-06 17:44:22.220000+00:00,30.0189,86.7671,10.0,4.4,mb,"167 km ENE of Saga, China",Shallow (<70 km),2017
2017-10-12 07:52:28.400000+00:00,32.074,95.0497,10.0,5.1,mb,"227 km WNW of Qamdo, China",Shallow (<70 km),2017
2017-10-12 18:34:12.490000+00:00,25.055,97.9054,10.0,4.0,mb,"62 km SE of Myitkyina, Myanmar",Shallow (<70 km),2017
2017-10-14 10:32:55.110000+00:00,36.4967,70.7407,193.17,4.3,mb,"41 km SSW of Jurm, Afghanistan",Intermediate (70–300 km),2017
2017-10-16 17:06:08.330000+00:00,36.4842,70.7083,204.32,4.2,mb,"43 km SSW of Jurm, Afghanistan",Intermediate (70–300 km),2017
2017-10-17 20:16:06.790000+00:00,32.9725,91.8524,10.0,4.4,mb,"166 km N of Nagqu, China",Shallow (<70 km),2017
2017-10-19 01:10:25+00:00,33.5105,76.2599,32.12,4.6,mb,"50 km ENE of Kishtw?r, India",Shallow (<70 km),2017
2017-10-20 04:38:01.490000+00:00,36.5129,70.6434,201.72,4.4,mb,"42 km SSW of Jurm, Afghanistan",Intermediate (70–300 km),2017
2017-10-22 12:34:21.140000+00:00,36.6368,70.8489,217.98,4.1,mb,"25 km S of Jurm, Afghanistan",Intermediate (70–300 km),2017
2017-10-27 02:37:45.580000+00:00,31.9508,77.4341,14.96,4.1,mb,"30 km E of Kulu, India",Shallow (<70 km),2017
2017-10-28 17:45:32.600000+00:00,36.1991,70.6618,101.46,5.2,mww,"75 km SSW of Jurm, Afghanistan",Intermediate (70–300 km),2017
2017-11-01 03:36:41.440000+00:00,36.3549,70.5148,167.76,4.4,mb,"63 km SSW of Jurm, Afghanistan",Intermediate (70–300 km),2017
2017-11-01 05:33:39.660000+00:00,33.3879,96.514,10.0,4.1,mb,"258 km NNW of Qamdo, China",Shallow (<70 km),2017
2017-11-04 16:34:07.350000+00:00,34.1976,70.5572,68.57,4.5,mb,"16 km WNW of Markaz-e Woluswal?-ye ?ch?n, Afghanistan",Shallow (<70 km),2017
2017-11-05 07:31:03.710000+00:00,36.7609,71.406,193.5,4.4,mb,"14 km NW of Ashk?sham, Afghanistan",Intermediate (70–300 km),2017
2017-11-06 03:09:03.590000+00:00,29.6127,81.2918,10.0,4.6,mb,"51 km NE of Dipayal, Nepal",Shallow (<70 km),2017
2017-11-06 13:34:06.190000+00:00,36.9677,96.3595,35.0,4.7,mb,"northern Qinghai, China",Shallow (<70 km),2017
2017-11-06 19:58:54.520000+00:00,36.4649,71.3234,94.57,4.4,mb,"30 km SW of Ashk?sham, Afghanistan",Intermediate (70–300 km),2017
2017-11-07 19:06:41.830000+00:00,30.2645,87.4355,9.83,4.6,mb,"179 km NW of Rikaze, China",Shallow (<70 km),2017
2017-11-11 11:26:46.220000+00:00,36.0111,70.5348,104.16,4.0,mb,"74 km NNW of P?r?n, Afghanistan",Intermediate (70–300 km),2017
2017-11-14 03:14:59.950000+00:00,36.9306,71.0482,72.29,4.1,mb,"20 km ENE of Jurm, Afghanistan",Intermediate (70–300 km),2017
2017-11-15 01:24:59.200000+00:00,30.9963,95.1873,10.0,4.3,mb,"190 km W of Qamdo, China",Shallow (<70 km),2017
2017-11-16 10:55:26.790000+00:00,36.4984,70.3754,204.38,4.2,mb,"47 km E of Farkh?r, Afghanistan",Intermediate (70–300 km),2017
2017-11-17 22:34:19.450000+00:00,29.8333,94.9838,8.0,6.4,mww,"156 km NNE of Shi Yomi, India",Shallow (<70 km),2017
2017-11-18 00:32:01.910000+00:00,29.9311,94.8843,10.0,5.1,mb,"163 km NNE of Shi Yomi, India",Shallow (<70 km),2017
2017-11-18 02:13:40.430000+00:00,30.063,95.1719,10.0,4.1,mb,"186 km NNE of Shi Yomi, India",Shallow (<70 km),2017
2017-11-18 03:36:06.040000+00:00,29.968,95.2211,10.0,4.2,mb,"179 km NNE of Shi Yomi, India",Shallow (<70 km),2017
2017-11-18 05:59:44.980000+00:00,30.0082,95.0046,10.0,4.2,mb,"174 km NNE of Shi Yomi, India",Shallow (<70 km),2017
2017-11-18 21:24:49.880000+00:00,29.8332,95.0334,10.0,4.4,mb,"158 km NNE of Shi Yomi, India",Shallow (<70 km),2017
2017-11-19 08:52:24.170000+00:00,29.9471,95.4494,10.0,4.1,mb,"188 km NE of Shi Yomi, India",Shallow (<70 km),2017
2017-11-20 18:26:29.760000+00:00,35.1672,86.4912,14.73,4.7,mb,western Xizang,Shallow (<70 km),2017
2017-11-22 03:42:40.190000+00:00,35.0633,70.3351,78.71,4.6,mb,"44 km NNE of Mehtar L?m, Afghanistan",Intermediate (70–300 km),2017
2017-11-23 02:14:16.930000+00:00,29.8244,95.2161,26.27,4.5,mb,"165 km NNE of Shi Yomi, India",Shallow (<70 km),2017
2017-11-23 02:59:45.380000+00:00,29.8252,95.2012,10.0,4.1,mb,"164 km NNE of Shi Yomi, India",Shallow (<70 km),2017
2017-11-23 07:13:47.230000+00:00,29.9261,95.1799,10.0,4.7,mb,"173 km NNE of Shi Yomi, India",Shallow (<70 km),2017
2017-11-24 19:25:10.990000+00:00,36.2979,70.6555,115.66,4.3,mb,"64 km SSW of Jurm, Afghanistan",Intermediate (70–300 km),2017
2017-11-24 23:36:02.100000+00:00,36.4605,71.1198,235.24,4.2,mb,"44 km SW of Ashk?sham, Afghanistan",Intermediate (70–300 km),2017
2017-12-02 23:43:44.930000+00:00,27.2856,88.0806,10.0,4.2,mb,"17 km W of Gyalshing, India",Shallow (<70 km),2017
2017-12-05 02:24:15.820000+00:00,26.609,96.3627,89.32,4.2,mb,"63 km NW of Sarupathar, India",Intermediate (70–300 km),2017
2017-12-06 15:19:49.970000+00:00,30.6339,79.1601,10.0,5.1,mb,"34 km NW of P?palkoti, India",Shallow (<70 km),2017
2017-12-06 23:29:03.790000+00:00,35.7238,77.5618,74.3,5.2,mww,"112 km NE of Thang, India",Intermediate (70–300 km),2017
2017-12-08 02:51:18.860000+00:00,27.7618,86.1471,10.0,5.0,mb,"28 km SE of Kod?ri??, Nepal",Shallow (<70 km),2017
2017-12-09 10:43:07.020000+00:00,33.4204,76.9149,20.3,4.7,mb,"5 km SSE of Padam, India",Shallow (<70 km),2017
2017-12-09 11:02:34.040000+00:00,25.6097,96.3486,10.0,4.4,mb,"80 km SW of Sarupathar, India",Shallow (<70 km),2017
2017-12-10 21:37:05.140000+00:00,29.9322,95.0733,24.12,4.5,mb,"169 km NNE of Shi Yomi, India",Shallow (<70 km),2017
2017-12-10 22:58:55.730000+00:00,34.3183,78.5677,35.55,4.6,mb,"92 km E of Leh, India",Shallow (<70 km),2017
2017-12-11 03:35:13.720000+00:00,25.725,90.8605,10.0,4.6,mb,"46 km WNW of Nongstoin, India",Shallow (<70 km),2017
2017-12-14 23:48:35.210000+00:00,36.5741,70.8715,204.78,4.5,mb,"32 km S of Jurm, Afghanistan",Intermediate (70–300 km),2017
2017-12-15 01:11:02.900000+00:00,36.7063,70.0173,36.92,4.3,mb,"20 km NE of Farkh?r, Afghanistan",Shallow (<70 km),2017
2017-12-17 06:20:41.840000+00:00,27.6391,94.2556,15.94,4.6,mb,"36 km WNW of Dhem?ji, India",Shallow (<70 km),2017
2017-12-17 21:14:34.570000+00:00,36.3625,71.2048,118.56,4.4,mb,"46 km SW of Ashk?sham, Afghanistan",Intermediate (70–300 km),2017
2017-12-17 23:11:40.370000+00:00,36.5822,71.2215,227.13,4.3,mb,"30 km WSW of Ashk?sham, Afghanistan",Intermediate (70–300 km),2017
2017-12-18 00:20:03.890000+00:00,34.2946,83.3414,15.22,4.1,mb,western Xizang,Shallow (<70 km),2017
2017-12-18 00:27:41.960000+00:00,36.5167,70.2201,214.35,4.0,mb,"33 km E of Farkh?r, Afghanistan",Intermediate (70–300 km),2017
2017-12-19 17:40:55.590000+00:00,29.964,95.0865,27.66,5.1,mb,"173 km NNE of Shi Yomi, India",Shallow (<70 km),2017
2017-12-21 07:28:36.600000+00:00,36.5424,71.0616,150.67,4.4,mb,"41 km SSE of Jurm, Afghanistan",Intermediate (70–300 km),2017
2017-12-21 17:58:10.570000+00:00,36.4581,70.6489,207.97,4.1,mb,"48 km SSW of Jurm, Afghanistan",Intermediate (70–300 km),2017
2017-12-22 10:16:53.560000+00:00,36.9242,71.3717,107.08,4.1,mb,"30 km NNW of Ashk?sham, Afghanistan",Intermediate (70–300 km),2017
2017-12-23 20:42:01.700000+00:00,25.107,96.4527,10.0,4.2,mb,"99 km WSW of Myitkyina, Myanmar",Shallow (<70 km),2017
2017-12-24 14:20:56.910000+00:00,36.1879,70.2604,112.44,4.4,mb,"55 km SE of Farkh?r, Afghanistan",Intermediate (70–300 km),2017
2017-12-24 15:42:39.570000+00:00,36.5496,70.8351,165.81,4.6,mb,"34 km S of Jurm, Afghanistan",Intermediate (70–300 km),2017
2017-12-25 23:51:21.620000+00:00,34.2442,73.8406,10.0,4.2,mb,"26 km NW of Uri, India",Shallow (<70 km),2017
2017-12-26 08:08:20.830000+00:00,36.562,70.9416,172.9,4.8,mb,"34 km SSE of Jurm, Afghanistan",Intermediate (70–300 km),2017
2017-12-29 14:59:53.340000+00:00,36.6583,71.1595,221.4,4.5,mb,"33 km W of Ashk?sham, Afghanistan",Intermediate (70–300 km),2017
2017-12-29 16:19:14.310000+00:00,26.6901,96.1232,76.88,4.7,mb,"66 km ESE of Khonsa, India",Intermediate (70–300 km),2017
2017-12-31 16:02:59.920000+00:00,34.0591,87.0347,15.81,4.5,mb,western Xizang,Shallow (<70 km),2017
2018-01-02 00:09:46.830000+00:00,36.522,70.3663,198.92,4.5,mb,"45 km E of Farkh?r, Afghanistan",Intermediate (70–300 km),2018
2018-01-03 17:28:36.690000+00:00,30.408,96.9096,10.0,4.5,mb,"84 km SSW of Qamdo, China",Shallow (<70 km),2018
2018-01-08 09:43:09.760000+00:00,36.4313,70.8745,153.73,4.1,mb,"48 km S of Jurm, Afghanistan",Intermediate (70–300 km),2018
2018-01-08 21:55:20.580000+00:00,36.4639,71.118,106.95,4.0,mb,"44 km WSW of Ashk?sham, Afghanistan",Intermediate (70–300 km),2018
2018-01-14 02:45:40.440000+00:00,36.8608,71.3704,99.27,4.2,mb,"24 km NW of Ashk?sham, Afghanistan",Intermediate (70–300 km),2018
2018-01-14 09:19:29.720000+00:00,36.4525,70.7313,199.53,5.3,mww,"46 km SSW of Jurm, Afghanistan",Intermediate (70–300 km),2018
2018-01-16 15:21:25.970000+00:00,36.6893,71.1805,218.13,4.2,mb,"31 km W of Ashk?sham, Afghanistan",Intermediate (70–300 km),2018
2018-01-17 01:25:18.830000+00:00,34.99,86.9597,10.0,5.1,mb,western Xizang,Shallow (<70 km),2018
2018-01-17 19:52:53.050000+00:00,36.2698,71.0571,102.37,4.2,mb,"62 km SW of Ashk?sham, Afghanistan",Intermediate (70–300 km),2018
2018-01-18 02:03:30.260000+00:00,25.2304,95.0332,83.69,4.5,mb,"72 km SE of Phek, India",Intermediate (70–300 km),2018
2018-01-19 14:41:17.890000+00:00,36.4289,76.9152,10.0,4.1,mb,"166 km N of Thang, India",Shallow (<70 km),2018
2018-01-20 01:14:27.260000+00:00,26.1323,89.8746,11.47,4.5,mb,"6 km ENE of Golakganj, India",Shallow (<70 km),2018
2018-01-20 01:55:07.400000+00:00,36.5588,70.8532,187.52,4.2,mb,"33 km S of Jurm, Afghanistan",Intermediate (70–300 km),2018
2018-01-25 20:42:57.370000+00:00,33.1624,83.1998,10.0,4.0,mb,western Xizang,Shallow (<70 km),2018
2018-01-27 17:19:14.950000+00:00,36.1753,70.2259,123.25,4.0,mb,"55 km SE of Farkh?r, Afghanistan",Intermediate (70–300 km),2018
2018-01-28 15:54:25.460000+00:00,36.4066,71.3159,103.61,4.2,mb,"36 km SSW of Ashk?sham, Afghanistan",Intermediate (70–300 km),2018
2018-01-31 07:07:00.290000+00:00,36.5261,70.8507,193.73,6.2,mww,"37 km S of Jurm, Afghanistan",Intermediate (70–300 km),2018
2018-01-31 11:01:39.060000+00:00,36.4981,70.273,212.38,4.0,mb,"38 km ESE of Farkh?r, Afghanistan",Intermediate (70–300 km),2018
2018-02-06 21:48:41.960000+00:00,36.7045,70.407,266.29,4.0,mb,"42 km WSW of Jurm, Afghanistan",Intermediate (70–300 km),2018
2018-02-08 20:56:30.090000+00:00,30.3854,87.8193,10.0,4.2,mb,"162 km NW of Rikaze, China",Shallow (<70 km),2018
2018-02-08 20:58:48.310000+00:00,32.8745,93.3826,10.0,4.8,mb,"199 km NE of Nagqu, China",Shallow (<70 km),2018
2018-02-09 22:17:47.570000+00:00,32.4809,89.6565,35.0,4.2,mb,"252 km WNW of Nagqu, China",Shallow (<70 km),2018
2018-02-11 13:12:25.570000+00:00,30.4816,87.4907,12.07,4.2,mb,"191 km NW of Rikaze, China",Shallow (<70 km),2018
2018-02-12 07:41:04.870000+00:00,36.9673,71.5269,38.3,4.4,mb,"27 km NNW of Ishqoshim, Tajikistan",Shallow (<70 km),2018
2018-02-13 09:32:04.080000+00:00,36.9638,96.8178,10.0,4.5,mb,"northern Qinghai, China",Shallow (<70 km),2018
2018-02-14 23:58:53.690000+00:00,34.8817,86.9413,10.0,4.7,mb,western Xizang,Shallow (<70 km),2018
2018-02-15 03:28:07.070000+00:00,28.3621,97.5473,15.08,4.2,mb,"103 km ENE of Hayuliang, India",Shallow (<70 km),2018
2018-02-15 07:13:25.800000+00:00,36.4507,71.3367,106.16,4.2,mb,"31 km SW of Ashk?sham, Afghanistan",Intermediate (70–300 km),2018
2018-02-15 10:17:27.690000+00:00,35.7797,82.2307,33.68,4.7,mb,"253 km SE of Hotan, China",Shallow (<70 km),2018
2018-02-19 15:24:00.920000+00:00,36.5565,70.4146,188.39,4.2,mb,"49 km E of Farkh?r, Afghanistan",Intermediate (70–300 km),2018
2018-02-21 09:29:52.390000+00:00,36.4994,71.2229,205.8,4.7,mb,"34 km SW of Ashk?sham, Afghanistan",Intermediate (70–300 km),2018
2018-02-21 15:10:18.180000+00:00,36.7869,71.3518,186.2,4.2,mb,"19 km NW of Ashk?sham, Afghanistan",Intermediate (70–300 km),2018
2018-02-22 03:36:25.050000+00:00,35.9619,70.9059,93.56,4.1,mwr,"60 km N of P?r?n, Afghanistan",Intermediate (70–300 km),2018
2018-02-28 10:35:16.460000+00:00,30.3194,87.3792,10.0,4.0,mb,"187 km NW of Rikaze, China",Shallow (<70 km),2018
2018-02-28 19:20:22.690000+00:00,36.5195,70.2522,214.69,4.2,mb,"35 km E of Farkh?r, Afghanistan",Intermediate (70–300 km),2018
2018-03-01 17:27:17.180000+00:00,30.362,87.6339,11.41,4.9,mb,"172 km NW of Rikaze, China",Shallow (<70 km),2018
2018-03-03 21:27:06.350000+00:00,36.4649,70.7926,146.87,4.1,mb,"44 km S of Jurm, Afghanistan",Intermediate (70–300 km),2018
2018-03-10 03:21:25.760000+00:00,35.7059,76.0464,10.0,4.4,mb,"58 km NE of Skardu, Pakistan",Shallow (<70 km),2018
2018-03-14 03:15:08.190000+00:00,25.1354,98.9952,37.15,4.6,mb,"132 km WSW of Dali, China",Shallow (<70 km),2018
2018-03-15 14:53:24.170000+00:00,33.0311,76.0989,39.8,4.5,mb,"36 km E of Bhadarw?h, India",Shallow (<70 km),2018
2018-03-20 21:23:18.270000+00:00,32.4758,83.6076,32.75,4.4,mb,western Xizang,Shallow (<70 km),2018
2018-03-21 22:58:23.210000+00:00,26.3137,89.9018,10.0,4.0,mb,"15 km SSW of Goshaingaon, India",Shallow (<70 km),2018
2018-03-24 22:17:50.050000+00:00,36.4652,70.6687,200.25,5.0,mb,"46 km SSW of Jurm, Afghanistan",Intermediate (70–300 km),2018
2018-03-29 18:22:52.770000+00:00,36.5467,70.9196,195.7,4.0,mb,"36 km SSE of Jurm, Afghanistan",Intermediate (70–300 km),2018
2018-03-30 12:52:56.560000+00:00,36.4721,71.0765,134.94,4.2,mb,"47 km WSW of Ashk?sham, Afghanistan",Intermediate (70–300 km),2018
2018-03-30 18:45:16.630000+00:00,36.4561,71.1277,237.94,5.0,mww,"44 km SW of Ashk?sham, Afghanistan",Intermediate (70–300 km),2018
2018-03-31 09:26:33.560000+00:00,33.0398,90.4011,10.0,4.1,mb,"233 km NW of Nagqu, China",Shallow (<70 km),2018
2018-03-31 19:35:50.640000+00:00,36.6155,70.8641,217.93,4.2,mb,"27 km S of Jurm, Afghanistan",Intermediate (70–300 km),2018
2018-04-02 11:42:10.860000+00:00,26.4448,96.9676,10.0,4.9,mb,"30 km NNE of Sarupathar, India",Shallow (<70 km),2018
2018-04-03 01:36:14.400000+00:00,36.3456,70.013,134.98,4.6,mb,"28 km SSE of Farkh?r, Afghanistan",Intermediate (70–300 km),2018
2018-04-03 16:59:30.030000+00:00,29.8972,95.0012,25.59,4.1,mb,"163 km NNE of Shi Yomi, India",Shallow (<70 km),2018
2018-04-08 06:01:18.060000+00:00,36.4765,71.1873,105.88,4.2,mb,"38 km SW of Ashk?sham, Afghanistan",Intermediate (70–300 km),2018
2018-04-10 02:46:56.730000+00:00,36.5462,71.3885,107.45,4.3,mb,"19 km SW of Ashk?sham, Afghanistan",Intermediate (70–300 km),2018
2018-04-10 11:47:02.780000+00:00,33.4769,73.455,32.94,3.6,mb,"14 km SSE of Kahuta, Pakistan",Shallow (<70 km),2018
2018-04-11 00:59:46.670000+00:00,36.5572,71.2551,230.47,4.1,mb,"28 km WSW of Ashk?sham, Afghanistan",Intermediate (70–300 km),2018
2018-04-12 19:51:49.610000+00:00,31.4116,80.6072,10.0,4.1,mb,"135 km NNW of Burang, China",Shallow (<70 km),2018
2018-04-17 19:51:45.330000+00:00,36.5531,71.3136,120.66,4.2,mb,"24 km SW of Ashk?sham, Afghanistan",Intermediate (70–300 km),2018
2018-04-19 22:52:37.900000+00:00,31.2589,80.4048,29.83,4.0,mb,"111 km NE of Josh?math, India",Shallow (<70 km),2018
2018-04-20 08:28:01.480000+00:00,25.2066,95.4783,147.11,4.3,mb,"110 km ESE of Phek, India",Intermediate (70–300 km),2018
2018-04-22 15:19:11.420000+00:00,36.3981,70.5689,137.32,4.1,mb,"56 km SSW of Jurm, Afghanistan",Intermediate (70–300 km),2018
2018-04-23 00:18:52.520000+00:00,33.2068,71.2581,37.54,4.3,mb,"18 km ENE of Karak, Pakistan",Shallow (<70 km),2018
2018-04-24 15:52:04.990000+00:00,36.7206,70.6957,260.98,4.9,mb,"20 km SW of Jurm, Afghanistan",Intermediate (70–300 km),2018
2018-04-28 15:14:20.430000+00:00,36.3125,71.1715,88.42,5.3,mww,"52 km SW of Ashk?sham, Afghanistan",Intermediate (70–300 km),2018
2018-04-29 15:36:21.730000+00:00,36.2959,70.7453,119.43,4.1,mb,"63 km S of Jurm, Afghanistan",Intermediate (70–300 km),2018
2018-05-01 18:51:50.610000+00:00,36.4125,71.5256,85.79,4.0,mb,"30 km S of Ashk?sham, Afghanistan",Intermediate (70–300 km),2018
2018-05-02 22:56:09.280000+00:00,36.947,71.5641,99.32,4.5,mb,"25 km N of Ishqoshim, Tajikistan",Intermediate (70–300 km),2018
2018-05-03 02:47:24.490000+00:00,34.5309,96.7357,15.19,4.2,mb,"Southern Qinghai, China",Shallow (<70 km),2018
2018-05-04 16:37:45.270000+00:00,34.5942,96.5238,10.0,4.7,mb,"Southern Qinghai, China",Shallow (<70 km),2018
2018-05-05 18:32:25.640000+00:00,36.2674,70.3444,166.5,4.1,mb,"55 km SE of Farkh?r, Afghanistan",Intermediate (70–300 km),2018
2018-05-05 19:56:31.930000+00:00,35.9577,88.8918,10.0,4.1,mb,western Xizang,Shallow (<70 km),2018
2018-05-06 07:46:55.300000+00:00,32.8791,76.1241,41.61,4.1,mb,"35 km N of Chamba, India",Shallow (<70 km),2018
2018-05-06 09:23:38.970000+00:00,34.5599,96.5154,18.25,5.0,mb,"Southern Qinghai, China",Shallow (<70 km),2018
2018-05-07 05:54:54.320000+00:00,33.1142,90.5869,35.0,4.2,mb,"228 km NW of Nagqu, China",Shallow (<70 km),2018
2018-05-08 13:07:39.950000+00:00,28.0604,87.4282,32.61,4.0,mb,"61 km ENE of Lobujya, Nepal",Shallow (<70 km),2018
2018-05-09 03:23:26.710000+00:00,33.1351,70.5177,19.35,5.4,mb,"18 km NNW of Bannu, Pakistan",Shallow (<70 km),2018
2018-05-09 10:41:45.910000+00:00,36.9942,71.3822,116.0,6.2,mww,"36 km NW of Ishqoshim, Tajikistan",Intermediate (70–300 km),2018
2018-05-10 14:08:36.740000+00:00,36.5631,71.0575,199.4,5.0,mww,"38 km SSE of Jurm, Afghanistan",Intermediate (70–300 km),2018
2018-05-10 20:01:51.640000+00:00,28.4517,87.421,4.66,4.4,mb,"81 km NE of Lobujya, Nepal",Shallow (<70 km),2018
2018-05-15 06:18:13.430000+00:00,36.4895,71.2761,113.85,4.2,mb,"31 km SW of Ashk?sham, Afghanistan",Intermediate (70–300 km),2018
2018-05-16 08:26:01.240000+00:00,25.0197,99.433,10.0,4.3,mb,"100 km SW of Dali, China",Shallow (<70 km),2018
2018-05-21 10:51:02.750000+00:00,31.7412,78.4799,10.0,4.5,mb,"69 km ENE of Sar?han, India",Shallow (<70 km),2018
2018-05-24 11:12:57.500000+00:00,36.6123,70.7638,242.1,4.2,mb,"28 km SSW of Jurm, Afghanistan",Intermediate (70–300 km),2018
2018-05-24 13:55:26.250000+00:00,33.9885,89.2958,10.0,4.2,mb,western Xizang,Shallow (<70 km),2018
2018-05-25 00:46:36.380000+00:00,36.3921,70.6393,150.02,4.2,mb,"55 km SSW of Jurm, Afghanistan",Intermediate (70–300 km),2018
2018-05-25 12:43:55.610000+00:00,26.4604,94.3715,59.43,4.4,mb,"20 km NW of Mokokch?ng, India",Shallow (<70 km),2018
2018-05-25 20:25:46.260000+00:00,26.3926,93.5059,49.17,4.0,mb,"29 km SSW of Bok?kh?t, India",Shallow (<70 km),2018
2018-05-29 18:25:41.880000+00:00,36.4564,70.2964,205.3,4.1,mb,"41 km ESE of Farkh?r, Afghanistan",Intermediate (70–300 km),2018
2018-05-30 13:30:44.930000+00:00,36.536,70.8913,194.44,4.3,mb,"36 km S of Jurm, Afghanistan",Intermediate (70–300 km),2018
2018-06-01 01:55:36.790000+00:00,36.4765,70.9889,130.16,4.4,mb,"45 km SSE of Jurm, Afghanistan",Intermediate (70–300 km),2018
2018-06-01 16:12:54.450000+00:00,36.4646,70.6684,200.44,4.1,mb,"46 km SSW of Jurm, Afghanistan",Intermediate (70–300 km),2018
2018-06-02 05:46:07.210000+00:00,27.1823,96.9851,38.89,4.9,mww,"107 km SSE of Hayuliang, India",Shallow (<70 km),2018
2018-06-05 01:34:36.810000+00:00,29.6464,81.6777,10.0,4.7,mb,"64 km NW of Jumla, Nepal",Shallow (<70 km),2018
2018-06-06 08:31:28.580000+00:00,36.6385,70.9685,202.09,4.1,mb,"27 km SSE of Jurm, Afghanistan",Intermediate (70–300 km),2018
2018-06-06 17:41:24.020000+00:00,30.7553,78.9228,10.0,4.5,mb,"45 km E of Uttark?shi, India",Shallow (<70 km),2018
2018-06-06 18:15:52.060000+00:00,35.7873,78.3493,23.01,5.0,mww,"170 km SSW of Zangguy, China",Shallow (<70 km),2018
2018-06-07 06:51:17.700000+00:00,34.2276,78.0514,10.0,4.4,mb,"43 km E of Leh, India",Shallow (<70 km),2018
2018-06-08 12:45:05.030000+00:00,34.0033,89.3233,10.0,4.2,mb,Xizang-Qinghai border region,Shallow (<70 km),2018
2018-06-08 17:26:04.240000+00:00,36.4689,71.1663,235.14,4.2,mb,"40 km SW of Ashk?sham, Afghanistan",Intermediate (70–300 km),2018
2018-06-11 04:53:50.390000+00:00,26.3263,92.6686,47.34,4.9,mb,"18 km NE of Rah?, India",Shallow (<70 km),2018
2018-06-11 22:34:50.260000+00:00,36.3973,71.1666,119.27,4.4,mb,"45 km SW of Ashk?sham, Afghanistan",Intermediate (70–300 km),2018
2018-06-12 13:08:45.390000+00:00,26.3289,96.4714,116.86,4.2,mb,"36 km WNW of Sarupathar, India",Intermediate (70–300 km),2018
2018-06-13 04:51:25.450000+00:00,36.2611,70.9416,125.49,4.2,mb,"67 km S of Jurm, Afghanistan",Intermediate (70–300 km),2018
2018-06-14 00:42:07.560000+00:00,30.8612,78.2815,10.0,4.4,mb,"9 km NE of Barkot, India",Shallow (<70 km),2018
2018-06-14 01:46:17.520000+00:00,36.605,71.3574,96.37,4.3,mb,"17 km WSW of Ashk?sham, Afghanistan",Intermediate (70–300 km),2018
2018-06-14 10:15:49.470000+00:00,32.5602,76.3615,10.0,4.5,mb,"22 km E of Chamba, India",Shallow (<70 km),2018
2018-06-14 16:57:30.630000+00:00,36.5256,70.3797,168.61,4.5,mb,"47 km E of Farkh?r, Afghanistan",Intermediate (70–300 km),2018
2018-06-16 22:06:35.230000+00:00,31.7248,77.6864,10.0,3.2,mb,"25 km NNW of Sar?han, India",Shallow (<70 km),2018
2018-06-17 14:21:28.910000+00:00,30.0772,70.2093,10.0,5.1,mww,"41 km W of Dera Ghazi Khan, Pakistan",Shallow (<70 km),2018
2018-06-17 15:07:37.130000+00:00,27.4201,88.4739,49.76,4.4,mb,"11 km SSW of Mangan, India",Shallow (<70 km),2018
2018-06-18 23:45:02.270000+00:00,35.8144,78.3541,10.0,4.6,mb,"167 km SSW of Zangguy, China",Shallow (<70 km),2018
2018-06-20 04:08:59.880000+00:00,26.9633,87.505,38.3,4.4,mb,"17 km E of Dhankut?, Nepal",Shallow (<70 km),2018
2018-06-20 04:15:26.410000+00:00,27.1508,87.8133,52.91,4.4,mb,"29 km NNW of Il?m, Nepal",Shallow (<70 km),2018
2018-06-21 03:27:41.590000+00:00,36.7325,71.2179,184.68,4.0,mb,"28 km W of Ashk?sham, Afghanistan",Intermediate (70–300 km),2018
2018-06-22 17:55:42.710000+00:00,36.4874,71.2123,235.68,4.3,mb,"36 km SW of Ashk?sham, Afghanistan",Intermediate (70–300 km),2018
2018-06-23 08:31:12.720000+00:00,36.6162,70.9919,210.84,4.3,mb,"30 km SSE of Jurm, Afghanistan",Intermediate (70–300 km),2018
2018-06-24 00:45:47.090000+00:00,36.4883,70.4699,203.94,4.3,mb,"52 km SW of Jurm, Afghanistan",Intermediate (70–300 km),2018
2018-06-24 18:35:32.910000+00:00,36.465,70.004,229.59,4.4,mb,"17 km SE of Farkh?r, Afghanistan",Intermediate (70–300 km),2018
2018-06-28 00:30:53.070000+00:00,30.3943,87.5273,10.0,4.2,mb,"182 km NW of Rikaze, China",Shallow (<70 km),2018
2018-06-28 04:07:47.290000+00:00,27.8919,84.8272,10.0,4.8,mb,"45 km ENE of Bharatpur, Nepal",Shallow (<70 km),2018
2018-06-30 08:47:41.880000+00:00,36.7028,71.0094,228.18,4.4,mb,"23 km SE of Jurm, Afghanistan",Intermediate (70–300 km),2018
2018-07-01 10:07:02.900000+00:00,29.0928,76.9296,10.0,4.5,mb,"13 km NW of Son?pat, India",Shallow (<70 km),2018
2018-07-01 19:00:33.250000+00:00,36.7107,70.8374,267.07,4.2,mb,"17 km S of Jurm, Afghanistan",Intermediate (70–300 km),2018
2018-07-02 03:24:43.280000+00:00,30.3108,97.0786,10.0,4.5,mb,"91 km N of Qamdo, China",Shallow (<70 km),2018
2018-07-06 00:21:39.530000+00:00,36.6478,71.0229,219.62,4.3,mb,"29 km SE of Jurm, Afghanistan",Intermediate (70–300 km),2018
2018-07-07 01:34:15.540000+00:00,35.6915,74.4459,83.27,4.3,mb,"27 km SSE of Gilgit, Pakistan",Intermediate (70–300 km),2018
2018-07-07 02:54:36.370000+00:00,36.0944,70.5977,123.18,4.4,mb,"80 km NNW of P?r?n, Afghanistan",Intermediate (70–300 km),2018
2018-07-07 03:14:27.690000+00:00,31.8069,83.7746,10.0,4.4,mb,"299 km ENE of Burang, China",Shallow (<70 km),2018
2018-07-07 19:11:41.800000+00:00,36.6819,71.1302,216.31,4.3,mb,"33 km SE of Jurm, Afghanistan",Intermediate (70–300 km),2018
2018-07-08 04:13:25.170000+00:00,27.7857,76.207,10.0,3.6,mb,"9 km N of Kotputli, India",Shallow (<70 km),2018
2018-07-13 11:29:33.720000+00:00,36.6815,71.4015,156.11,4.1,mb,"11 km W of Ashk?sham, Afghanistan",Intermediate (70–300 km),2018
2018-07-19 02:51:45.710000+00:00,36.5531,70.0669,205.9,4.4,mb,"18 km E of Farkh?r, Afghanistan",Intermediate (70–300 km),2018
2018-07-20 22:45:52.950000+00:00,36.4421,71.1016,110.26,4.0,mb,"47 km SW of Ashk?sham, Afghanistan",Intermediate (70–300 km),2018
2018-07-21 00:40:35.810000+00:00,34.9676,80.996,10.0,4.6,mb,"255 km SSE of Hotan, China",Shallow (<70 km),2018
2018-07-21 09:19:36.900000+00:00,34.2911,74.0789,40.06,4.5,mb,"23 km N of Uri, India",Shallow (<70 km),2018
2018-07-21 19:37:46.500000+00:00,34.3623,73.9968,43.84,4.2,mb,"31 km N of Uri, India",Shallow (<70 km),2018
2018-07-21 21:28:43.340000+00:00,36.4641,70.7941,138.08,4.2,mb,"44 km S of Jurm, Afghanistan",Intermediate (70–300 km),2018
2018-07-22 12:08:03.540000+00:00,36.6021,70.9184,193.5,4.3,mb,"30 km SSE of Jurm, Afghanistan",Intermediate (70–300 km),2018
2018-07-23 13:24:45.240000+00:00,36.5796,70.8419,221.81,4.0,mb,"31 km S of Jurm, Afghanistan",Intermediate (70–300 km),2018
2018-07-28 08:56:32.320000+00:00,36.7023,71.0916,239.48,4.2,mb,"29 km SE of Jurm, Afghanistan",Intermediate (70–300 km),2018
2018-07-30 18:37:54.710000+00:00,33.8083,72.6627,38.09,3.8,mb,"19 km SE of Hazro City, Pakistan",Shallow (<70 km),2018
2018-07-30 21:23:29.290000+00:00,29.4195,90.341,19.98,4.0,mb,"70 km SSW of Dêqên, China",Shallow (<70 km),2018
2018-07-31 10:48:25.640000+00:00,36.3975,71.1918,101.35,4.4,mb,"44 km SW of Ashk?sham, Afghanistan",Intermediate (70–300 km),2018
2018-07-31 21:37:44.420000+00:00,36.1351,70.5973,107.39,4.1,mb,"82 km SE of Farkh?r, Afghanistan",Intermediate (70–300 km),2018
2018-08-01 15:45:31.740000+00:00,30.4062,87.4905,10.0,4.3,mb,"185 km NW of Rikaze, China",Shallow (<70 km),2018
2018-08-01 15:46:23.750000+00:00,30.3493,87.6027,10.0,5.2,mww,"173 km NW of Rikaze, China",Shallow (<70 km),2018
2018-08-03 01:34:22.350000+00:00,34.9356,92.1552,18.74,5.2,mww,"Southern Qinghai, China",Shallow (<70 km),2018
2018-08-03 03:04:16.130000+00:00,36.5236,70.7626,192.18,4.2,mb,"38 km S of Jurm, Afghanistan",Intermediate (70–300 km),2018
2018-08-03 23:09:23.970000+00:00,34.4885,70.9806,35.0,4.0,mb,"25 km NW of Shinpokh, Pakistan",Shallow (<70 km),2018
2018-08-04 04:04:10.210000+00:00,35.0467,81.0371,10.0,5.1,mb,"249 km SSE of Hotan, China",Shallow (<70 km),2018
2018-08-07 21:29:53+00:00,31.1035,95.0118,10.0,4.2,mb,"206 km W of Qamdo, China",Shallow (<70 km),2018
2018-08-08 11:37:41.130000+00:00,36.575,70.8707,206.51,4.4,mb,"32 km S of Jurm, Afghanistan",Intermediate (70–300 km),2018
2018-08-11 05:21:19.030000+00:00,36.4902,70.9388,115.77,4.5,mb,"42 km SSE of Jurm, Afghanistan",Intermediate (70–300 km),2018
2018-08-11 10:04:15.100000+00:00,26.7933,90.9506,10.0,3.8,mb,"8 km SSW of Panbang, Bhutan",Shallow (<70 km),2018
2018-08-12 21:26:53.050000+00:00,36.986,71.8774,227.48,4.7,mb,"37 km NE of Ishqoshim, Tajikistan",Intermediate (70–300 km),2018
2018-08-14 03:11:01.620000+00:00,32.815,97.3419,15.07,4.1,mb,"187 km N of Qamdo, China",Shallow (<70 km),2018
2018-08-15 10:05:45.560000+00:00,36.779,71.4046,91.43,4.1,mb,"16 km SE of Ashkāsham, Afghanistan",Intermediate (70–300 km),2018
2018-08-17 19:04:19.520000+00:00,25.6357,90.9299,10.0,3.8,mb,"36 km WNW of Nongstoin, India",Shallow (<70 km),2018
2018-08-19 08:18:24.470000+00:00,33.1511,88.8284,26.62,4.8,mb,western Xizang,Shallow (<70 km),2018
2018-08-20 15:52:54.250000+00:00,36.661,70.6854,249.85,4.4,mb,"26 km SSW of Jurm, Afghanistan",Intermediate (70–300 km),2018
2018-08-20 21:24:06.930000+00:00,29.9273,70.2681,25.07,4.1,mb,"38 km WSW of Dera Ghazi Khan, Pakistan",Shallow (<70 km),2018
2018-08-21 11:54:00.410000+00:00,34.432,81.3792,10.0,4.3,mb,western Xizang,Shallow (<70 km),2018
2018-08-23 22:12:19.760000+00:00,36.5167,70.1837,215.69,4.3,mb,"29 km ESE of Farkh?r, Afghanistan",Intermediate (70–300 km),2018
2018-08-28 06:26:02.230000+00:00,36.5302,70.8332,195.8,4.2,mb,"37 km S of Jurm, Afghanistan",Intermediate (70–300 km),2018
2018-08-29 14:01:18.320000+00:00,34.0721,83.905,10.0,4.1,mb,western Xizang,Shallow (<70 km),2018
2018-08-31 01:55:24.880000+00:00,36.5337,70.8109,194.01,4.2,mb,"36 km S of Jurm, Afghanistan",Intermediate (70–300 km),2018
2018-08-31 19:56:47.670000+00:00,36.436,70.7708,115.84,4.3,mb,"47 km S of Jurm, Afghanistan",Intermediate (70–300 km),2018
2018-09-01 12:21:07.290000+00:00,31.2496,74.046,10.0,3.9,mb,"10 km NNW of Kot Radha Kishan, Pakistan",Shallow (<70 km),2018
2018-09-02 05:12:22.600000+00:00,36.5136,71.0734,97.11,4.1,mb,"44 km SSE of Jurm, Afghanistan",Intermediate (70–300 km),2018
2018-09-07 06:09:31.470000+00:00,36.5325,70.8128,197.61,4.3,mb,"36 km S of Jurm, Afghanistan",Intermediate (70–300 km),2018
2018-09-09 01:38:50.310000+00:00,36.5521,71.2454,232.94,4.3,mb,"29 km WSW of Ashk?sham, Afghanistan",Intermediate (70–300 km),2018
2018-09-09 11:07:02.910000+00:00,28.6531,76.8101,10.0,4.6,mb,"13 km WSW of Bah?durgarh, India",Shallow (<70 km),2018
2018-09-10 00:58:05.880000+00:00,28.8193,76.8395,10.0,3.6,mb,"7 km NE of Kheri S?mpla, India",Shallow (<70 km),2018
2018-09-10 11:45:31.370000+00:00,36.3196,70.7783,95.99,4.2,mb,"60 km S of Jurm, Afghanistan",Intermediate (70–300 km),2018
2018-09-11 12:05:41.830000+00:00,33.6364,76.2087,35.0,4.4,mb,"54 km NE of Kishtw?r, India",Shallow (<70 km),2018
2018-09-11 16:34:47.840000+00:00,36.503,71.0343,161.49,4.6,mb,"43 km SSE of Jurm, Afghanistan",Intermediate (70–300 km),2018
2018-09-11 23:45:09.170000+00:00,36.3435,76.2811,79.41,4.4,mb,"129 km NNE of Skardu, Pakistan",Intermediate (70–300 km),2018
2018-09-12 04:50:46.570000+00:00,26.3711,90.1611,10.0,5.3,mww,"5 km NE of Sapatgr?m, India",Shallow (<70 km),2018
2018-09-13 21:31:09.450000+00:00,36.5216,71.2044,230.14,4.5,mb,"34 km WSW of Ashk?sham, Afghanistan",Intermediate (70–300 km),2018
2018-09-14 07:13:20.990000+00:00,35.0343,92.2708,10.0,4.2,mb,"Southern Qinghai, China",Shallow (<70 km),2018
2018-09-17 00:22:33.070000+00:00,36.704,71.1295,247.04,4.1,mb,"31 km SE of Jurm, Afghanistan",Intermediate (70–300 km),2018
2018-09-19 18:54:59.690000+00:00,36.5654,71.2504,107.77,4.3,mb,"28 km WSW of Ashk?sham, Afghanistan",Intermediate (70–300 km),2018
2018-09-23 05:45:32+00:00,30.9898,74.2076,10.0,3.7,mb,"21 km E of Chunian, Pakistan",Shallow (<70 km),2018
2018-09-24 06:52:26.620000+00:00,36.644,71.1104,86.23,4.4,mb,"34 km SE of Jurm, Afghanistan",Intermediate (70–300 km),2018
2018-09-25 03:47:30.020000+00:00,26.0547,90.8859,10.0,4.4,mb,"29 km ESE of Go?lp?ra, India",Shallow (<70 km),2018
2018-09-27 04:21:49.860000+00:00,36.535,70.4068,211.97,4.2,mb,"49 km E of Farkh?r, Afghanistan",Intermediate (70–300 km),2018
2018-09-27 10:40:27.860000+00:00,36.5168,70.6982,182.8,4.2,mb,"40 km SSW of Jurm, Afghanistan",Intermediate (70–300 km),2018
2018-09-27 13:35:47.410000+00:00,25.777,95.0062,80.14,4.2,mb,"52 km ENE of Phek, India",Intermediate (70–300 km),2018
2018-09-27 21:13:19.900000+00:00,34.2169,80.6903,10.0,5.0,mww,"286 km E of Leh, India",Shallow (<70 km),2018
2018-09-29 15:05:19.190000+00:00,36.4811,71.2024,237.3,4.2,mb,"37 km SW of Ashk?sham, Afghanistan",Intermediate (70–300 km),2018
2018-09-30 23:26:29.140000+00:00,36.7098,71.0284,215.85,4.3,mb,"24 km SE of Jurm, Afghanistan",Intermediate (70–300 km),2018
2018-10-02 02:21:42.800000+00:00,36.534,70.3024,202.82,4.2,mb,"40 km E of Farkh?r, Afghanistan",Intermediate (70–300 km),2018
2018-10-02 10:28:10.890000+00:00,34.0874,83.8895,10.0,4.6,mb,western Xizang,Shallow (<70 km),2018
2018-10-04 07:08:17.200000+00:00,36.963,71.5946,126.39,4.3,mb,"26 km N of Ishqoshim, Tajikistan",Intermediate (70–300 km),2018
2018-10-05 07:08:11.750000+00:00,28.874,81.5789,10.0,4.4,mb,"13 km WNW of Dailekh, Nepal",Shallow (<70 km),2018
2018-10-05 07:15:04.390000+00:00,28.7099,81.4792,10.0,4.3,mb,"18 km NW of Birendranagar, Nepal",Shallow (<70 km),2018
2018-10-06 15:35:20.230000+00:00,35.674,89.3774,10.0,4.2,mb,western Xizang,Shallow (<70 km),2018
2018-10-06 21:46:25.560000+00:00,33.5319,89.2661,10.0,4.3,mb,western Xizang,Shallow (<70 km),2018
2018-10-06 22:15:35.250000+00:00,35.9569,70.5288,102.9,4.5,mb,"69 km NNW of P?r?n, Afghanistan",Intermediate (70–300 km),2018
2018-10-07 02:39:39.190000+00:00,36.8647,74.5646,79.37,3.9,mb,"61 km N of Barishal, Pakistan",Intermediate (70–300 km),2018
2018-10-07 13:52:39.860000+00:00,36.5308,70.5471,194.81,4.8,mww,"45 km SW of Jurm, Afghanistan",Intermediate (70–300 km),2018
2018-10-14 14:26:49.780000+00:00,34.1705,84.0333,10.0,4.6,mb,western Xizang,Shallow (<70 km),2018
2018-10-16 11:05:50.690000+00:00,32.8584,90.1185,10.0,4.4,mb,"238 km NW of Nagqu, China",Shallow (<70 km),2018
2018-10-17 05:16:43.110000+00:00,33.5233,89.2541,10.0,4.2,mb,western Xizang,Shallow (<70 km),2018
2018-10-18 07:51:59.030000+00:00,33.5346,89.2072,10.0,4.7,mb,western Xizang,Shallow (<70 km),2018
2018-10-18 15:28:58.920000+00:00,36.3564,70.8664,105.73,4.4,mb,"56 km S of Jurm, Afghanistan",Intermediate (70–300 km),2018
2018-10-22 10:08:30.600000+00:00,34.1808,83.9736,10.0,4.0,mb,western Xizang,Shallow (<70 km),2018
2018-10-22 15:10:05.270000+00:00,30.2176,87.6309,11.42,4.5,mb,"161 km NW of Rikaze, China",Shallow (<70 km),2018
2018-10-22 16:49:36.120000+00:00,30.4664,87.7783,13.83,4.8,mb,"171 km NW of Rikaze, China",Shallow (<70 km),2018
2018-10-22 17:19:19.530000+00:00,36.5042,70.5787,204.94,4.4,mb,"46 km SSW of Jurm, Afghanistan",Intermediate (70–300 km),2018
2018-10-23 04:19:52.420000+00:00,36.693,71.3909,171.67,4.3,mb,"12 km W of Ashk?sham, Afghanistan",Intermediate (70–300 km),2018
2018-10-26 03:54:49.520000+00:00,36.2681,71.1511,103.35,4.2,mb,"57 km SW of Ashk?sham, Afghanistan",Intermediate (70–300 km),2018
2018-10-29 06:27:55.360000+00:00,34.2929,78.0838,10.0,4.6,mb,"48 km ENE of Leh, India",Shallow (<70 km),2018
2018-10-29 14:43:35.790000+00:00,34.2342,78.1243,10.0,4.9,mww,"50 km E of Leh, India",Shallow (<70 km),2018
2018-10-29 14:56:47.190000+00:00,34.3492,78.1903,10.0,4.5,mb,"59 km ENE of Leh, India",Shallow (<70 km),2018
2018-10-29 16:02:48.200000+00:00,34.0313,77.9427,10.0,4.1,mb,"36 km ESE of Leh, India",Shallow (<70 km),2018
2018-10-31 01:08:39.370000+00:00,35.5736,87.8934,10.0,4.2,mb,western Xizang,Shallow (<70 km),2018
2018-10-31 01:49:29.220000+00:00,30.3789,87.6483,10.0,4.7,mb,"172 km NW of Rikaze, China",Shallow (<70 km),2018
2018-10-31 23:09:01.530000+00:00,30.2891,87.4647,10.0,5.0,mb,"179 km NW of Rikaze, China",Shallow (<70 km),2018
2018-11-01 14:01:38.840000+00:00,36.6225,71.0181,212.67,4.0,mb,"31 km SSE of Jurm, Afghanistan",Intermediate (70–300 km),2018
2018-11-02 10:31:55.700000+00:00,29.964,95.158,10.0,4.3,mb,"176 km NNE of Shi Yomi, India",Shallow (<70 km),2018
2018-11-02 22:35:10.220000+00:00,34.1017,83.9207,14.92,4.6,mb,western Xizang,Shallow (<70 km),2018
2018-11-04 14:20:44.400000+00:00,33.5619,89.3679,6.95,4.5,mb,western Xizang,Shallow (<70 km),2018
2018-11-06 05:43:43.680000+00:00,32.8748,90.3241,10.0,4.7,mb,"225 km NW of Nagqu, China",Shallow (<70 km),2018
2018-11-06 11:36:26.690000+00:00,36.5275,70.529,236.99,4.1,mb,"46 km SW of Jurm, Afghanistan",Intermediate (70–300 km),2018
2018-11-07 02:34:02.960000+00:00,30.5052,87.9351,10.0,4.4,mb,"166 km NNW of Rikaze, China",Shallow (<70 km),2018
2018-11-11 07:07:31.800000+00:00,29.9248,80.6472,10.0,4.5,mb,"14 km NE of D?rchul?, Nepal",Shallow (<70 km),2018
2018-11-11 22:11:13.170000+00:00,35.1202,81.0792,10.0,4.4,mb,"243 km SSE of Hotan, China",Shallow (<70 km),2018
2018-11-13 05:47:43.170000+00:00,33.5889,89.2206,10.0,4.1,mb,western Xizang,Shallow (<70 km),2018
2018-11-13 10:12:07.230000+00:00,36.6317,70.9827,204.82,4.3,mb,"29 km SSE of Jurm, Afghanistan",Intermediate (70–300 km),2018
2018-11-14 17:10:48.120000+00:00,34.0148,83.9006,11.97,4.5,mb,western Xizang,Shallow (<70 km),2018
2018-11-16 07:01:22.680000+00:00,35.6472,89.2704,10.0,4.2,mb,western Xizang,Shallow (<70 km),2018
2018-11-20 21:44:54.190000+00:00,34.064,83.9403,10.0,4.4,mb,western Xizang,Shallow (<70 km),2018
2018-11-24 03:27:59+00:00,36.5803,70.8239,212.99,4.2,mb,"31 km S of Jurm, Afghanistan",Intermediate (70–300 km),2018
2018-11-24 18:47:11.120000+00:00,36.6812,71.2907,194.32,4.1,mb,"21 km W of Ashk?sham, Afghanistan",Intermediate (70–300 km),2018
2018-11-24 21:03:22.310000+00:00,27.3188,97.1847,10.0,4.3,mb,"104 km SE of Hayuliang, India",Shallow (<70 km),2018
2018-11-27 11:31:58.430000+00:00,36.6912,70.9527,226.92,4.3,mb,"21 km SSE of Jurm, Afghanistan",Intermediate (70–300 km),2018
2018-11-28 06:28:18.620000+00:00,30.488,87.8361,10.0,4.1,mb,"170 km NW of Rikaze, China",Shallow (<70 km),2018
2018-11-28 10:17:06.970000+00:00,27.1986,96.9185,11.0,5.4,mww,"103 km SSE of Hayuliang, India",Shallow (<70 km),2018
2018-11-30 02:26:05.120000+00:00,36.5215,70.5663,205.14,4.3,mb,"44 km SSW of Jurm, Afghanistan",Intermediate (70–300 km),2018
2018-12-01 08:34:12.150000+00:00,36.1626,70.4404,111.18,4.5,mb,"69 km SE of Farkh?r, Afghanistan",Intermediate (70–300 km),2018
2018-12-01 15:07:26.550000+00:00,28.0036,92.6174,10.0,4.8,mb,"83 km NE of Tawang, India",Shallow (<70 km),2018
2018-12-02 13:41:30.770000+00:00,30.0554,70.3842,20.94,4.1,mb,Pakistan,Shallow (<70 km),2018
2018-12-02 21:47:13.860000+00:00,36.6521,70.89,241.94,4.4,mb,"24 km SSE of Jurm, Afghanistan",Intermediate (70–300 km),2018
2018-12-04 15:28:46.790000+00:00,34.3875,70.49,65.03,4.2,mb,"Hindu Kush region, Afghanistan",Shallow (<70 km),2018
2018-12-04 16:11:20.580000+00:00,36.6966,71.0477,98.04,4.1,mb,"26 km SE of Jurm, Afghanistan",Intermediate (70–300 km),2018
2018-12-08 23:04:29.820000+00:00,36.4688,70.5195,200.02,4.2,mb,"52 km SSW of Jurm, Afghanistan",Intermediate (70–300 km),2018
2018-12-09 14:58:19.120000+00:00,36.0441,70.1732,112.26,4.2,mb,"65 km SSE of Farkh?r, Afghanistan",Intermediate (70–300 km),2018
2018-12-09 15:39:35.990000+00:00,36.5915,70.8823,206.22,4.3,mb,"30 km S of Jurm, Afghanistan",Intermediate (70–300 km),2018
2018-12-13 15:32:54.250000+00:00,29.7432,98.7762,26.49,5.1,mww,"217 km SE of Qamdo, China",Shallow (<70 km),2018
2018-12-13 15:39:45.230000+00:00,29.6624,98.825,22.78,4.7,mb,"221 km NNW of Shangri-La, China",Shallow (<70 km),2018
2018-12-13 15:44:29.870000+00:00,36.5254,70.5372,201.18,4.6,mb,"46 km SW of Jurm, Afghanistan",Intermediate (70–300 km),2018
2018-12-14 04:36:01.940000+00:00,36.1086,70.461,117.76,4.8,mb,"74 km SE of Farkh?r, Afghanistan",Intermediate (70–300 km),2018
2018-12-17 01:08:11.180000+00:00,36.5617,71.2354,224.85,4.8,mb,"29 km WSW of Ashk?sham, Afghanistan",Intermediate (70–300 km),2018
2018-12-17 23:30:29.160000+00:00,36.5714,70.8969,152.77,4.0,mb,"33 km S of Jurm, Afghanistan",Intermediate (70–300 km),2018
2018-12-18 17:21:21.340000+00:00,35.1488,81.0515,7.79,4.6,mb,"239 km SSE of Hotan, China",Shallow (<70 km),2018
2018-12-22 23:21:54.860000+00:00,27.7764,85.5548,10.0,4.1,mb,"7 km NNE of Nagarkot, Nepal",Shallow (<70 km),2018
2018-12-23 11:21:00.090000+00:00,27.4151,96.382,10.0,4.3,mb,"60 km SSE of Tezu, India",Shallow (<70 km),2018
2018-12-23 19:32:22.060000+00:00,30.4079,87.62,10.0,5.8,mww,"177 km NW of Rikaze, China",Shallow (<70 km),2018
2018-12-23 19:35:20.200000+00:00,30.4684,86.7946,10.0,5.0,mb,"197 km NE of Saga, China",Shallow (<70 km),2018
2018-12-23 19:36:56.920000+00:00,30.1798,87.4547,10.0,4.9,mb,"172 km NW of Rikaze, China",Shallow (<70 km),2018
2018-12-23 20:32:19.670000+00:00,26.4496,96.6002,115.7,4.7,mb,"34 km NW of Sarupathar, India",Intermediate (70–300 km),2018
2018-12-24 18:40:40.380000+00:00,30.2227,87.4245,10.0,4.2,mb,"177 km NW of Rikaze, China",Shallow (<70 km),2018
2018-12-30 01:03:24.030000+00:00,36.5145,70.8345,195.27,4.2,mb,"38 km S of Jurm, Afghanistan",Intermediate (70–300 km),2018
2019-01-01 15:41:04.830000+00:00,36.6758,71.0378,231.87,4.2,mb,"27 km SE of Jurm, Afghanistan",Intermediate (70–300 km),2019
2019-01-03 03:08:17.020000+00:00,36.2364,70.3225,184.99,4.5,mb,"55 km SE of Farkh?r, Afghanistan",Intermediate (70–300 km),2019
2019-01-04 10:11:20.360000+00:00,36.0731,71.7714,113.4,4.5,mb,"71 km SSE of Ashk?sham, Afghanistan",Intermediate (70–300 km),2019
2019-01-06 19:45:17.860000+00:00,36.5246,70.0622,225.86,4.3,mb,"19 km ESE of Farkh?r, Afghanistan",Intermediate (70–300 km),2019
2019-01-06 23:10:42.200000+00:00,34.2031,78.0505,10.0,4.3,mb,"43 km E of Leh, India",Shallow (<70 km),2019
2019-01-07 17:15:44.420000+00:00,26.7955,99.4683,10.0,4.5,mb,"75 km W of Lijiang, China",Shallow (<70 km),2019
2019-01-08 00:49:28.360000+00:00,28.6268,99.2729,10.0,4.1,mb,"98 km NNW of Shangri-La, China",Shallow (<70 km),2019
2019-01-08 04:50:06.910000+00:00,36.4609,71.0742,125.04,4.3,mb,"47 km WSW of Ashk?sham, Afghanistan",Intermediate (70–300 km),2019
2019-01-10 02:52:04.640000+00:00,34.3645,78.2373,34.51,4.6,mb,"64 km ENE of Leh, India",Shallow (<70 km),2019
2019-01-13 13:23:19.670000+00:00,36.781,71.2829,176.76,4.4,mb,"24 km WNW of Ashk?sham, Afghanistan",Intermediate (70–300 km),2019
2019-01-14 22:55:41.230000+00:00,32.965,87.1476,10.0,4.2,mb,western Xizang,Shallow (<70 km),2019
2019-01-16 23:56:11.120000+00:00,27.0774,88.9007,10.0,3.8,mb,"27 km NW of Samtse, Bhutan",Shallow (<70 km),2019
2019-01-19 09:37:50.330000+00:00,36.542,70.9081,137.97,4.1,mb,"36 km S of Jurm, Afghanistan",Intermediate (70–300 km),2019
2019-01-20 02:52:03.730000+00:00,30.0401,95.1522,10.0,4.6,mb,Eastern Xizang,Shallow (<70 km),2019
2019-01-20 14:28:30.290000+00:00,30.3908,87.6229,9.85,5.2,mb,"175 km NW of Rikaze, China",Shallow (<70 km),2019
2019-01-20 15:06:39.170000+00:00,30.3859,87.6754,9.97,4.7,mb,"171 km NW of Rikaze, China",Shallow (<70 km),2019
2019-01-22 16:45:15.580000+00:00,27.2579,86.9202,10.0,4.3,mb,"15 km NW of Bhojpur, Nepal",Shallow (<70 km),2019
2019-01-25 05:01:03.340000+00:00,36.4835,70.6942,199.66,4.1,mb,"Hindu Kush region, Afghanistan",Intermediate (70–300 km),2019
2019-01-26 03:26:49.210000+00:00,36.5295,70.7363,186.88,4.3,mb,"38 km SSW of Jurm, Afghanistan",Intermediate (70–300 km),2019
2019-01-26 03:40:22.610000+00:00,36.499,70.7016,192.86,4.2,mb,"42 km SSW of Jurm, Afghanistan",Intermediate (70–300 km),2019
2019-01-26 13:39:00.420000+00:00,36.43,70.6883,210.23,4.4,mb,"49 km SSW of Jurm, Afghanistan",Intermediate (70–300 km),2019
2019-02-01 04:12:31.520000+00:00,31.4278,98.7154,10.0,4.4,mb,"149 km ENE of Qamdo, China",Shallow (<70 km),2019
2019-02-02 08:48:44.160000+00:00,36.456,71.1338,232.38,4.1,mb,"43 km SW of Ashk?sham, Afghanistan",Intermediate (70–300 km),2019
2019-02-02 12:04:34.470000+00:00,36.4642,70.7006,211.72,5.6,mww,"46 km SSW of Jurm, Afghanistan",Intermediate (70–300 km),2019
2019-02-02 17:32:35.330000+00:00,25.2277,95.2123,101.16,4.1,mb,"86 km SE of Phek, India",Intermediate (70–300 km),2019
2019-02-03 23:10:18.230000+00:00,36.4406,71.2919,115.4,4.1,mb,"34 km SW of Ashk?sham, Afghanistan",Intermediate (70–300 km),2019
2019-02-05 00:57:28.710000+00:00,36.4001,71.3079,97.04,4.1,mb,"37 km SSW of Ashk?sham, Afghanistan",Intermediate (70–300 km),2019
2019-02-05 12:21:54.820000+00:00,36.5363,70.8346,183.74,4.5,mb,"36 km S of Jurm, Afghanistan",Intermediate (70–300 km),2019
2019-02-05 13:38:32.990000+00:00,35.1073,74.0402,30.14,4.5,mb,"93 km SSW of Gilgit, Pakistan",Shallow (<70 km),2019
2019-02-05 16:47:06.750000+00:00,35.103,74.1694,20.67,5.2,mww,"87 km NNW of Bandipura, India",Shallow (<70 km),2019
2019-02-05 21:11:27.890000+00:00,35.0109,74.2087,10.0,4.0,mb,"76 km NNW of Bandipura, India",Shallow (<70 km),2019
2019-02-05 22:38:46.600000+00:00,36.6154,70.3916,235.09,4.2,mb,"47 km E of Farkh?r, Afghanistan",Intermediate (70–300 km),2019
2019-02-06 13:30:27.060000+00:00,29.2611,87.2216,10.0,4.1,mb,"150 km NNE of Lobujya, Nepal",Shallow (<70 km),2019
2019-02-06 16:42:56.040000+00:00,36.5096,70.3615,215.63,4.2,mb,"45 km E of Farkh?r, Afghanistan",Intermediate (70–300 km),2019
2019-02-07 05:35:48.490000+00:00,29.2915,87.2699,10.0,4.2,mb,"155 km NNE of Lobujya, Nepal",Shallow (<70 km),2019
2019-02-07 08:49:37.010000+00:00,26.0047,96.8478,10.0,4.3,mb,"22 km S of Sarupathar, India",Shallow (<70 km),2019
2019-02-10 03:22:05.370000+00:00,27.3345,96.3645,10.0,5.0,mww,"68 km SSE of Tezu, India",Shallow (<70 km),2019
2019-02-11 14:54:15.030000+00:00,36.7177,71.3677,181.97,4.2,mb,"15 km WNW of Ashk?sham, Afghanistan",Intermediate (70–300 km),2019
2019-02-12 07:23:52.950000+00:00,36.6145,70.925,214.41,4.2,mb,"28 km SSE of Jurm, Afghanistan",Intermediate (70–300 km),2019
2019-02-15 22:11:33.610000+00:00,25.5862,95.6268,48.48,4.1,mb,"110 km SE of Tuensang, India",Shallow (<70 km),2019
2019-02-17 22:53:30.280000+00:00,33.4367,76.7294,23.88,4.5,mb,"14 km WSW of Padam, India",Shallow (<70 km),2019
2019-02-20 02:29:34.520000+00:00,29.3387,77.3166,10.0,4.0,mb,"4 km ENE of K?ndhla, India",Shallow (<70 km),2019
2019-02-24 09:37:33.250000+00:00,36.0786,70.3164,118.36,4.1,mb,"68 km SE of Farkh?r, Afghanistan",Intermediate (70–300 km),2019
2019-02-26 00:23:47.310000+00:00,36.5026,70.7153,158.72,4.5,mb,"41 km SSW of Jurm, Afghanistan",Intermediate (70–300 km),2019
2019-02-28 20:24:21.360000+00:00,36.5241,70.7236,190.68,4.2,mb,"39 km SSW of Jurm, Afghanistan",Intermediate (70–300 km),2019
2019-03-01 00:39:34.680000+00:00,36.9305,71.4718,189.55,4.0,mb,"26 km NNW of Ishqoshim, Tajikistan",Intermediate (70–300 km),2019
2019-03-05 15:26:45.480000+00:00,35.99,70.2753,113.76,4.3,mb,"74 km SSE of Farkh?r, Afghanistan",Intermediate (70–300 km),2019
2019-03-05 15:34:04.070000+00:00,26.5453,98.3488,10.69,4.1,mb,"158 km ENE of Sarupathar, India",Shallow (<70 km),2019
2019-03-06 00:45:51.040000+00:00,30.1682,87.368,10.0,4.1,mb,"178 km NW of Rikaze, China",Shallow (<70 km),2019
2019-03-12 01:27:05.312000+00:00,36.3597,70.8642,111.44,4.0,mb,"56 km S of Jurm, Afghanistan",Intermediate (70–300 km),2019
2019-03-14 15:17:36.774000+00:00,26.1211,96.9489,45.71,4.3,mb,"16 km SE of Sarupathar, India",Shallow (<70 km),2019
2019-03-14 19:25:18.021000+00:00,36.4606,71.2685,115.1,4.6,mb,"34 km SW of Ashk?sham, Afghanistan",Intermediate (70–300 km),2019
2019-03-15 22:31:53.270000+00:00,36.6861,70.9221,232.77,4.4,mb,"21 km SSE of Jurm, Afghanistan",Intermediate (70–300 km),2019
2019-03-16 23:41:28.160000+00:00,27.4854,76.867,10.0,4.0,mb,"13 km W of Govindgarh, India",Shallow (<70 km),2019
2019-03-18 07:10:24.998000+00:00,36.7589,70.095,283.25,4.4,mb,"29 km NE of Farkh?r, Afghanistan",Intermediate (70–300 km),2019
2019-03-19 12:11:37.748000+00:00,36.4188,71.2126,113.26,4.2,mb,Afghanistan-Tajikistan-Pakistan region,Intermediate (70–300 km),2019
2019-03-20 20:52:03.563000+00:00,31.0122,70.0655,10.0,4.6,mb,"65 km WNW of Taunsa, Pakistan",Shallow (<70 km),2019
2019-03-21 14:30:52.863000+00:00,25.6452,90.9083,10.0,4.4,mb,"38 km WNW of Nongstoin, India",Shallow (<70 km),2019
2019-03-22 12:17:18.465000+00:00,36.5711,70.8958,195.19,4.6,mb,"33 km S of Jurm, Afghanistan",Intermediate (70–300 km),2019
2019-03-23 13:53:25.968000+00:00,33.4611,96.5758,10.0,4.2,mb,"264 km NNW of Qamdo, China",Shallow (<70 km),2019
2019-03-25 11:25:26.220000+00:00,30.9605,70.0381,10.0,4.8,mb,"65 km WNW of Taunsa, Pakistan",Shallow (<70 km),2019
2019-03-27 17:13:50+00:00,30.9591,70.1131,23.99,4.2,mb,"58 km WNW of Taunsa, Pakistan",Shallow (<70 km),2019
2019-03-28 02:35:10.809000+00:00,36.7398,90.4226,13.78,4.6,mb,"Xinjiang-Qinghai border region, China",Shallow (<70 km),2019
2019-03-30 18:40:20.740000+00:00,36.6913,71.378,185.63,3.9,mb,"13 km W of Ashk?sham, Afghanistan",Intermediate (70–300 km),2019
2019-03-31 06:42:20.572000+00:00,25.3484,95.5572,125.53,4.1,mb,"111 km ESE of Phek, India",Intermediate (70–300 km),2019
2019-04-04 07:45:30.378000+00:00,25.4467,94.4235,61.78,5.1,mww,"25 km SSW of Phek, India",Shallow (<70 km),2019
2019-04-05 02:20:18.063000+00:00,30.7239,70.2978,10.0,4.5,mb,"33 km W of Taunsa, Pakistan",Shallow (<70 km),2019
2019-04-07 07:46:43.052000+00:00,36.5327,70.2062,215.7,4.2,mb,"31 km E of Farkh?r, Afghanistan",Intermediate (70–300 km),2019
2019-04-12 09:27:50.400000+00:00,30.1742,87.4938,10.0,4.5,mb,"169 km NW of Rikaze, China",Shallow (<70 km),2019
2019-04-12 14:24:16.030000+00:00,36.8634,75.9657,10.0,4.4,mb,"128 km ENE of Barishal, Pakistan",Shallow (<70 km),2019
2019-04-14 18:31:06.070000+00:00,32.3783,89.2588,10.0,4.5,mb,"282 km WNW of Nagqu, China",Shallow (<70 km),2019
2019-04-14 22:42:42.875000+00:00,29.5192,81.2864,10.0,4.0,mb,"44 km NE of Dipayal, Nepal",Shallow (<70 km),2019
2019-04-17 18:35:20.919000+00:00,36.5899,71.2927,147.47,4.2,mb,"23 km WSW of Ashk?sham, Afghanistan",Intermediate (70–300 km),2019
2019-04-18 16:32:11.940000+00:00,36.5088,70.2926,194.01,4.3,mb,"39 km E of Farkh?r, Afghanistan",Intermediate (70–300 km),2019
2019-04-21 14:18:11.744000+00:00,36.6076,70.9191,204.34,4.2,mb,"29 km SSE of Jurm, Afghanistan",Intermediate (70–300 km),2019
2019-04-23 20:15:50.777000+00:00,28.4073,94.5605,14.0,5.9,mww,"22 km SE of Shi Yomi, India",Shallow (<70 km),2019
2019-04-24 00:44:31.986000+00:00,27.7651,85.0667,27.34,4.7,mb,"22 km WNW of Kirtipur, Nepal",Shallow (<70 km),2019
2019-04-24 11:56:42.499000+00:00,34.8762,82.5526,10.0,4.5,mb,western Xizang,Shallow (<70 km),2019
2019-04-27 06:27:02.999000+00:00,26.4403,93.0258,43.81,4.6,mb,"31 km SE of Tezpur, India",Shallow (<70 km),2019
2019-04-28 01:56:54.514000+00:00,33.8735,90.5537,10.0,4.1,mb,Xizang-Qinghai border region,Shallow (<70 km),2019
2019-04-29 12:55:22.365000+00:00,32.0014,83.7165,10.0,4.0,mb,western Xizang,Shallow (<70 km),2019
2019-04-29 13:36:04.899000+00:00,33.5157,81.5138,15.73,4.5,mb,western Xizang,Shallow (<70 km),2019
2019-04-30 09:31:56.888000+00:00,29.533,85.3709,10.0,4.2,mb,"27 km NNE of Saga, China",Shallow (<70 km),2019
2019-05-04 11:04:01.133000+00:00,26.2288,95.7216,85.93,5.2,mww,"86 km SE of Mon, India",Intermediate (70–300 km),2019
2019-05-11 18:51:01.960000+00:00,28.8684,81.5715,31.28,4.5,mb,"13 km W of Dailekh, Nepal",Shallow (<70 km),2019
2019-05-17 08:23:37.430000+00:00,27.9487,84.7453,10.0,4.7,mb,"42 km NE of Bharatpur, Nepal",Shallow (<70 km),2019
2019-05-20 00:30:11.351000+00:00,36.3334,71.0381,114.5,4.4,mwr,"58 km SW of Ashk?sham, Afghanistan",Intermediate (70–300 km),2019
2019-05-20 06:58:55.106000+00:00,36.3356,71.2399,100.77,4.4,mb,"46 km SW of Ashk?sham, Afghanistan",Intermediate (70–300 km),2019
2019-05-22 12:55:53.738000+00:00,25.0456,95.2138,95.78,4.4,mb,"99 km SE of Phek, India",Intermediate (70–300 km),2019
2019-05-25 05:17:24.276000+00:00,27.6468,86.3425,10.0,4.5,mb,"40 km WSW of Namche Bazar, Nepal",Shallow (<70 km),2019
2019-05-25 15:23:59.917000+00:00,29.5741,81.4056,49.39,4.0,mb,"56 km NE of Dipayal, Nepal",Shallow (<70 km),2019
2019-05-26 01:44:55.302000+00:00,30.3288,87.661,10.0,4.7,mb,"168 km NW of Rikaze, China",Shallow (<70 km),2019
2019-05-26 02:09:27.242000+00:00,30.3347,87.5686,10.0,4.8,mb,"174 km NW of Rikaze, China",Shallow (<70 km),2019
2019-05-26 09:07:08.532000+00:00,36.5584,70.7654,219.47,4.4,mb,"34 km S of Jurm, Afghanistan",Intermediate (70–300 km),2019
2019-05-27 14:23:14.471000+00:00,36.4607,71.1002,215.8,4.3,mb,"45 km WSW of Ashk?sham, Afghanistan",Intermediate (70–300 km),2019
2019-05-30 05:22:13.327000+00:00,36.0453,70.8711,106.39,4.3,mb,"69 km N of P?r?n, Afghanistan",Intermediate (70–300 km),2019
2019-05-30 06:44:04.789000+00:00,36.5389,71.156,223.88,4.2,mb,"37 km WSW of Ashk?sham, Afghanistan",Intermediate (70–300 km),2019
2019-05-31 00:36:44.624000+00:00,34.4841,82.9807,10.0,4.3,mb,western Xizang,Shallow (<70 km),2019
2019-05-31 16:01:33.047000+00:00,36.8669,75.8543,35.0,4.5,mb,"120 km ENE of Barishal, Pakistan",Shallow (<70 km),2019
2019-06-04 13:27:33.983000+00:00,25.0414,94.8689,65.32,4.6,mb,"78 km SSE of Phek, India",Shallow (<70 km),2019
2019-06-09 02:36:53.562000+00:00,32.7729,71.2286,35.0,4.2,mb,"14 km WSW of Kamar Mushani, Pakistan",Shallow (<70 km),2019
2019-06-12 03:10:24.900000+00:00,34.6813,72.8572,12.9,5.2,mb,"11 km W of Shingli Bala, Pakistan",Shallow (<70 km),2019
2019-06-13 21:53:39.768000+00:00,36.7208,71.3958,181.16,4.0,mb,"12 km WNW of Ashk?sham, Afghanistan",Intermediate (70–300 km),2019
2019-06-14 07:36:43.460000+00:00,36.6531,71.0095,216.13,4.2,mb,"28 km SSE of Jurm, Afghanistan",Intermediate (70–300 km),2019
2019-06-14 17:47:29.386000+00:00,36.6416,70.9986,208.94,4.1,mb,"28 km SSE of Jurm, Afghanistan",Intermediate (70–300 km),2019
2019-06-15 07:52:29.637000+00:00,36.2076,70.8033,108.61,4.3,mb,"72 km S of Jurm, Afghanistan",Intermediate (70–300 km),2019
2019-06-16 12:39:10.169000+00:00,34.6122,72.2752,31.11,4.6,mb,"20 km SSW of Mingora, Pakistan",Shallow (<70 km),2019
2019-06-17 17:58:20.595000+00:00,28.4217,87.173,84.75,4.6,mb,"62 km NE of Lobujya, Nepal",Intermediate (70–300 km),2019
2019-06-18 23:00:57.682000+00:00,36.7132,71.2767,186.13,4.2,mb,"23 km W of Ashk?sham, Afghanistan",Intermediate (70–300 km),2019
2019-06-20 05:24:08.787000+00:00,36.7045,71.2454,183.32,4.2,mb,"25 km W of Ashk?sham, Afghanistan",Intermediate (70–300 km),2019
2019-06-21 16:42:25.085000+00:00,25.812,95.8922,132.99,4.2,mb,"101 km WSW of Sarupathar, India",Intermediate (70–300 km),2019
2019-06-24 17:49:33.798000+00:00,31.4827,70.0422,10.0,4.1,mb,"58 km ENE of Zhob, Pakistan",Shallow (<70 km),2019
2019-06-26 09:21:58.425000+00:00,36.5339,70.3207,208.97,4.3,mb,"41 km E of Farkh?r, Afghanistan",Intermediate (70–300 km),2019
2019-06-26 21:33:32.577000+00:00,36.8377,71.0159,100.9,4.4,mb,"16 km E of Jurm, Afghanistan",Intermediate (70–300 km),2019
2019-06-26 22:01:09.716000+00:00,36.4613,70.8623,132.77,4.5,mb,"44 km S of Jurm, Afghanistan",Intermediate (70–300 km),2019
2019-06-27 20:29:14.729000+00:00,36.7064,71.2503,197.99,4.3,mb,Afghanistan-Tajikistan-Pakistan region,Intermediate (70–300 km),2019
2019-06-28 05:16:12.166000+00:00,36.4914,70.2351,210.16,4.2,mb,"34 km ESE of Farkh?r, Afghanistan",Intermediate (70–300 km),2019
2019-06-29 13:20:21.435000+00:00,33.6308,82.5671,10.0,4.6,mb,western Xizang,Shallow (<70 km),2019
2019-07-01 13:10:20.561000+00:00,36.793,71.1402,97.97,4.5,mb,"28 km ESE of Jurm, Afghanistan",Intermediate (70–300 km),2019
2019-07-02 00:08:32.929000+00:00,27.7834,94.8947,10.0,4.4,mb,"26 km NE of Silapathar, India",Shallow (<70 km),2019
2019-07-02 21:34:45.878000+00:00,36.561,70.8559,188.05,4.2,mb,"33 km S of Jurm, Afghanistan",Intermediate (70–300 km),2019
2019-07-03 19:32:25.750000+00:00,32.8642,91.9414,10.0,4.2,mb,"154 km N of Nagqu, China",Shallow (<70 km),2019
2019-07-04 04:20:07.847000+00:00,36.6268,70.9234,75.83,4.6,mb,"27 km SSE of Jurm, Afghanistan",Intermediate (70–300 km),2019
2019-07-07 09:33:44.944000+00:00,36.5481,70.853,194.05,4.1,mb,"35 km S of Jurm, Afghanistan",Intermediate (70–300 km),2019
2019-07-07 10:04:09.118000+00:00,36.4942,70.7555,191.36,4.4,mb,"41 km S of Jurm, Afghanistan",Intermediate (70–300 km),2019
2019-07-07 13:45:16.802000+00:00,33.9683,94.3177,10.0,4.0,mb,"Southern Qinghai, China",Shallow (<70 km),2019
2019-07-08 22:46:33.553000+00:00,36.2462,70.7671,104.27,4.6,mb,"68 km S of Jurm, Afghanistan",Intermediate (70–300 km),2019
2019-07-12 19:08:49.968000+00:00,36.5729,71.0706,244.97,4.2,mb,"38 km SSE of Jurm, Afghanistan",Intermediate (70–300 km),2019
2019-07-13 02:16:15.603000+00:00,36.5367,70.8566,176.97,4.5,mb,"36 km S of Jurm, Afghanistan",Intermediate (70–300 km),2019
2019-07-13 21:40:33.749000+00:00,36.5025,71.1465,233.8,4.3,mb,"40 km WSW of Ashk?sham, Afghanistan",Intermediate (70–300 km),2019
2019-07-14 18:34:46.103000+00:00,36.6971,71.1981,230.06,4.2,mb,"29 km W of Ashk?sham, Afghanistan",Intermediate (70–300 km),2019
2019-07-14 22:25:54.113000+00:00,35.0886,81.1262,10.0,4.3,mb,"248 km SSE of Hotan, China",Shallow (<70 km),2019
2019-07-15 17:41:29.981000+00:00,31.7644,91.1874,11.93,4.9,mb,"88 km WNW of Nagqu, China",Shallow (<70 km),2019
2019-07-17 02:42:16.392000+00:00,36.1201,70.4171,171.16,4.0,mb,"71 km SE of Farkh?r, Afghanistan",Intermediate (70–300 km),2019
2019-07-19 09:22:15.514000+00:00,27.7188,92.8302,15.0,5.5,mww,"64 km NE of Bomdila, India",Shallow (<70 km),2019
2019-07-19 09:52:01.986000+00:00,27.7047,92.7236,10.0,4.7,mb,"57 km NNE of Bomdila, India",Shallow (<70 km),2019
2019-07-19 15:41:42.082000+00:00,36.463,70.175,228.58,4.3,mb,"31 km ESE of Farkhār, Afghanistan",Intermediate (70–300 km),2019
2019-07-19 22:54:24.714000+00:00,27.7365,92.8044,10.0,4.9,mww,"64 km NE of Bomdila, India",Shallow (<70 km),2019
2019-07-23 06:56:57.384000+00:00,28.8184,95.9771,10.0,4.5,mb,"99 km NW of Hayuliang, India",Shallow (<70 km),2019
2019-07-24 19:17:11.840000+00:00,32.7286,76.3907,10.0,4.2,mb,"31 km NE of Chamba, India",Shallow (<70 km),2019
2019-07-25 23:00:44.212000+00:00,33.9937,71.7561,10.0,4.2,mb,"3 km WSW of Pabbi, Pakistan",Shallow (<70 km),2019
2019-07-26 03:24:26.503000+00:00,34.4294,92.9068,10.0,4.3,mb,"Southern Qinghai, China",Shallow (<70 km),2019
2019-07-27 06:56:45.377000+00:00,36.5337,71.3439,117.39,4.8,mb,"23 km SW of Ashk?sham, Afghanistan",Intermediate (70–300 km),2019
2019-07-27 17:24:03.826000+00:00,36.4757,70.8799,121.78,4.3,mb,"43 km S of Jurm, Afghanistan",Intermediate (70–300 km),2019
2019-07-29 03:33:52.069000+00:00,32.8856,76.7183,10.0,4.4,mb,"45 km NW of Kyelang, India",Shallow (<70 km),2019
2019-07-29 19:55:44.017000+00:00,36.56,70.8412,210.76,4.3,mb,"33 km S of Jurm, Afghanistan",Intermediate (70–300 km),2019
2019-08-03 04:30:26.484000+00:00,36.4999,70.2751,198.63,4.2,mb,"38 km ESE of Farkh?r, Afghanistan",Intermediate (70–300 km),2019
2019-08-03 12:19:16.719000+00:00,25.2858,96.8919,10.0,4.8,mb,"51 km WSW of Myitkyina, Myanmar",Shallow (<70 km),2019
2019-08-03 21:15:00.184000+00:00,36.869,70.7455,54.5,4.0,mb,"7 km W of Jurm, Afghanistan",Shallow (<70 km),2019
2019-08-04 19:04:54.307000+00:00,36.6761,71.2747,226.29,5.1,mww,"23 km W of Ashk?sham, Afghanistan",Intermediate (70–300 km),2019
2019-08-05 09:43:03.209000+00:00,25.6762,96.6433,10.0,4.7,mb,"61 km SSW of Sarupathar, India",Shallow (<70 km),2019
2019-08-06 07:02:42.378000+00:00,36.4177,71.0278,230.57,4.3,mb,"52 km SSE of Jurm, Afghanistan",Intermediate (70–300 km),2019
2019-08-08 00:45:26.713000+00:00,36.5272,70.0571,226.0,5.8,mww,"18 km ESE of Farkh?r, Afghanistan",Intermediate (70–300 km),2019
2019-08-08 06:42:46.037000+00:00,36.5319,70.7902,193.1,4.3,mb,"37 km S of Jurm, Afghanistan",Intermediate (70–300 km),2019
2019-08-09 12:41:13.913000+00:00,28.4321,83.3273,10.0,4.4,mb,"31 km NW of B?glung, Nepal",Shallow (<70 km),2019
2019-08-09 19:56:56.559000+00:00,36.7186,71.1847,239.57,4.2,mb,"31 km W of Ashk?sham, Afghanistan",Intermediate (70–300 km),2019
2019-08-11 02:13:26.332000+00:00,30.3447,94.8731,10.0,5.0,mb,"206 km NNE of Shi Yomi, India",Shallow (<70 km),2019
2019-08-11 11:08:00.620000+00:00,30.4138,94.8662,10.0,4.6,mb,"214 km NNE of Shi Yomi, India",Shallow (<70 km),2019
2019-08-12 03:06:16.223000+00:00,30.3508,94.7872,10.0,4.3,mb,"205 km NNE of Shi Yomi, India",Shallow (<70 km),2019
2019-08-12 03:32:29.358000+00:00,30.4088,94.7964,10.0,4.8,mb,"212 km NNE of Shi Yomi, India",Shallow (<70 km),2019
2019-08-12 16:30:51.136000+00:00,36.0168,82.1106,10.0,4.1,mb,"229 km ESE of Hotan, China",Shallow (<70 km),2019
2019-08-13 02:58:49.628000+00:00,36.6307,70.9994,196.03,4.4,mb,"29 km SSE of Jurm, Afghanistan",Intermediate (70–300 km),2019
2019-08-14 08:13:54.632000+00:00,30.4829,94.83,10.0,4.9,mb,"220 km NNE of Shi Yomi, India",Shallow (<70 km),2019
2019-08-14 23:47:03.718000+00:00,30.3683,94.8628,10.0,4.9,mb,"209 km NNE of Shi Yomi, India",Shallow (<70 km),2019
2019-08-15 05:42:53.633000+00:00,30.4473,94.8662,35.92,4.5,mb,"217 km NNE of Shi Yomi, India",Shallow (<70 km),2019
2019-08-16 02:09:20.364000+00:00,36.4389,70.693,207.71,5.1,mww,"48 km SSW of Jurm, Afghanistan",Intermediate (70–300 km),2019
2019-08-20 00:55:47.432000+00:00,33.759,86.9172,10.0,4.1,mb,western Xizang,Shallow (<70 km),2019
2019-08-20 01:08:53.855000+00:00,30.4025,94.7951,10.0,4.6,mb,"211 km NNE of Shi Yomi, India",Shallow (<70 km),2019
2019-08-21 10:22:41.479000+00:00,36.4833,71.2686,104.1,4.1,mb,"32 km SW of Ashk?sham, Afghanistan",Intermediate (70–300 km),2019
2019-08-24 05:50:08.536000+00:00,30.6928,87.8718,10.0,4.1,mb,"187 km NNW of Rikaze, China",Shallow (<70 km),2019
2019-08-26 02:49:16.737000+00:00,26.4642,96.1069,105.63,4.7,mb,"75 km WNW of Sarupathar, India",Intermediate (70–300 km),2019
2019-08-27 09:57:51.030000+00:00,28.9012,86.4476,10.0,4.5,mb,"111 km NNW of Lobujya, Nepal",Shallow (<70 km),2019
2019-08-27 11:30:09.328000+00:00,36.4786,70.6641,200.07,4.3,mb,"45 km SSW of Jurm, Afghanistan",Intermediate (70–300 km),2019
2019-08-28 04:19:01.793000+00:00,36.5601,70.7369,183.6,4.5,mb,"34 km SSW of Jurm, Afghanistan",Intermediate (70–300 km),2019
2019-08-29 02:24:46.391000+00:00,35.6339,70.0143,28.11,4.5,mb,"57 km NE of B?z?rak, Afghanistan",Shallow (<70 km),2019
2019-09-03 12:34:31.592000+00:00,36.4497,70.645,201.66,4.8,mww,"49 km SSW of Jurm, Afghanistan",Intermediate (70–300 km),2019
2019-09-03 14:30:56.915000+00:00,36.4155,70.7402,203.83,4.5,mb,"50 km S of Jurm, Afghanistan",Intermediate (70–300 km),2019
2019-09-03 19:18:39.698000+00:00,25.0899,95.0419,88.22,4.5,mb,"84 km SE of Phek, India",Intermediate (70–300 km),2019
2019-09-06 12:49:34.513000+00:00,36.6473,70.9381,229.51,4.3,mb,"25 km SSE of Jurm, Afghanistan",Intermediate (70–300 km),2019
2019-09-08 02:34:32.435000+00:00,33.0736,76.1758,10.0,4.8,mb,"44 km ENE of Bhadarw?h, India",Shallow (<70 km),2019
2019-09-08 10:19:55.266000+00:00,36.5273,70.649,189.69,4.2,mb,"40 km SSW of Jurm, Afghanistan",Intermediate (70–300 km),2019
2019-09-09 06:40:33.517000+00:00,32.9804,76.181,43.93,4.9,mb,"43 km E of Bhadarw?h, India",Shallow (<70 km),2019
2019-09-11 07:14:38.739000+00:00,36.6682,71.0056,225.7,4.5,mb,"26 km SE of Jurm, Afghanistan",Intermediate (70–300 km),2019
2019-09-12 09:22:32.739000+00:00,36.6697,70.6855,261.4,4.9,mb,"25 km SSW of Jurm, Afghanistan",Intermediate (70–300 km),2019
2019-09-13 00:59:56.125000+00:00,36.2333,83.9973,10.0,4.4,mb,"southern Xinjiang, China",Shallow (<70 km),2019
2019-09-13 11:36:09.647000+00:00,36.5594,70.7923,116.83,4.5,mb,"34 km S of Jurm, Afghanistan",Intermediate (70–300 km),2019
2019-09-16 14:33:25.773000+00:00,29.691,80.7419,10.0,4.5,mb,"24 km SE of D?rchul?, Nepal",Shallow (<70 km),2019
2019-09-17 11:04:19.524000+00:00,36.5095,70.6811,198.86,4.2,mb,"41 km SSW of Jurm, Afghanistan",Intermediate (70–300 km),2019
2019-09-22 13:42:11.441000+00:00,36.6951,71.0896,211.14,4.5,mb,"29 km SE of Jurm, Afghanistan",Intermediate (70–300 km),2019
2019-09-22 16:17:01.966000+00:00,28.4605,84.3309,18.23,4.5,mb,"41 km ENE of Pokhara, Nepal",Shallow (<70 km),2019
2019-09-23 09:36:26.024000+00:00,29.4512,95.0638,10.0,4.3,mb,"122 km NNE of Shi Yomi, India",Shallow (<70 km),2019
2019-09-24 11:01:54.990000+00:00,33.0779,73.7936,10.0,5.4,mww,"8 km SSE of New Mirpur, Pakistan",Shallow (<70 km),2019
2019-09-24 11:38:53.556000+00:00,36.6765,70.9062,220.31,4.4,mb,"21 km SSE of Jurm, Afghanistan",Intermediate (70–300 km),2019
2019-09-24 17:35:57.556000+00:00,33.0904,73.7855,10.0,3.6,mb,"7 km SSE of New Mirpur, Pakistan",Shallow (<70 km),2019
2019-09-25 01:03:59.497000+00:00,32.9807,73.6466,10.0,3.7,mb,"9 km WNW of Jhelum, Pakistan",Shallow (<70 km),2019
2019-09-26 07:01:25.768000+00:00,33.0481,73.6318,10.0,4.7,mb,"15 km NW of Jhelum, Pakistan",Shallow (<70 km),2019
2019-09-26 13:04:21.563000+00:00,28.0869,84.4371,10.0,4.4,mb,"45 km N of Bharatpur, Nepal",Shallow (<70 km),2019
2019-09-28 04:58:27.168000+00:00,30.026,81.5319,10.0,4.4,mb,"45 km SE of Burang, China",Shallow (<70 km),2019
2019-09-29 02:17:31.538000+00:00,35.9731,70.2323,104.86,4.5,mb,"74 km SSE of Farkh?r, Afghanistan",Intermediate (70–300 km),2019
2019-09-29 22:47:38.138000+00:00,36.6293,70.9558,207.97,4.2,mb,"28 km SSE of Jurm, Afghanistan",Intermediate (70–300 km),2019
2019-10-02 03:23:49.912000+00:00,36.5274,70.0431,225.79,4.4,mb,"17 km ESE of Farkh?r, Afghanistan",Intermediate (70–300 km),2019
2019-10-06 05:25:54.681000+00:00,32.9078,73.6905,10.0,3.6,mb,"4 km SW of Jhelum, Pakistan",Shallow (<70 km),2019
2019-10-07 12:35:46.401000+00:00,27.293,91.3145,10.0,4.7,mb,"7 km ENE of Mongar, Bhutan",Shallow (<70 km),2019
2019-10-08 07:44:40.429000+00:00,33.9956,72.5735,10.0,3.9,mb,"9 km SSW of Topi, Pakistan",Shallow (<70 km),2019
2019-10-09 03:23:53.824000+00:00,36.5492,70.0605,232.7,4.1,mb,"18 km E of Farkh?r, Afghanistan",Intermediate (70–300 km),2019
2019-10-09 08:17:23.841000+00:00,36.5983,71.2071,94.62,4.6,mb,"30 km WSW of Ashk?sham, Afghanistan",Intermediate (70–300 km),2019
2019-10-09 10:44:35.740000+00:00,36.5069,70.6409,203.28,5.1,mww,"43 km SSW of Jurm, Afghanistan",Intermediate (70–300 km),2019
2019-10-12 15:21:27.114000+00:00,35.6919,70.0143,104.81,4.2,mb,"61 km NE of B?z?rak, Afghanistan",Intermediate (70–300 km),2019
2019-10-13 05:06:33.866000+00:00,28.1573,73.1834,14.98,4.0,mb,"20 km NW of B?kaner, India",Shallow (<70 km),2019
2019-10-13 17:41:20.227000+00:00,33.0038,73.5064,10.0,3.3,mb,"22 km WNW of Jhelum, Pakistan",Shallow (<70 km),2019
2019-10-14 01:11:29.005000+00:00,36.5287,70.6021,202.56,5.0,mww,"42 km SSW of Jurm, Afghanistan",Intermediate (70–300 km),2019
2019-10-14 07:49:07.351000+00:00,36.548,70.8432,201.25,4.5,mb,"35 km S of Jurm, Afghanistan",Intermediate (70–300 km),2019
2019-10-18 10:32:54.487000+00:00,32.9796,73.5759,42.77,4.7,mb,"15 km WNW of Jhelum, Pakistan",Shallow (<70 km),2019
2019-10-20 13:12:17.091000+00:00,25.2638,97.0073,10.0,4.3,mb,"41 km WSW of Myitkyina, Myanmar",Shallow (<70 km),2019
2019-10-21 17:26:35.244000+00:00,33.4696,81.4093,10.0,4.0,mb,western Xizang,Shallow (<70 km),2019
2019-10-22 13:19:17.101000+00:00,36.152,78.2867,35.51,4.4,mb,"132 km SSW of Zangguy, China",Shallow (<70 km),2019
2019-10-25 01:56:38.615000+00:00,36.4762,71.1023,235.11,4.0,mb,"44 km WSW of Ashk?sham, Afghanistan",Intermediate (70–300 km),2019
2019-10-25 07:48:10.583000+00:00,36.5161,70.3899,218.0,4.0,mb,"48 km E of Farkh?r, Afghanistan",Intermediate (70–300 km),2019
2019-10-26 10:54:09.937000+00:00,30.5449,87.3847,10.44,4.0,mb,"203 km NW of Rikaze, China",Shallow (<70 km),2019
2019-10-26 17:04:03.001000+00:00,36.5365,71.1528,225.5,4.4,mb,"37 km WSW of Ashk?sham, Afghanistan",Intermediate (70–300 km),2019
2019-10-29 03:55:14.454000+00:00,36.7185,71.3538,179.34,4.1,mb,"16 km WNW of Ashk?sham, Afghanistan",Intermediate (70–300 km),2019
2019-10-29 21:43:39.261000+00:00,36.6103,70.842,215.06,4.1,mb,"28 km S of Jurm, Afghanistan",Intermediate (70–300 km),2019
2019-10-30 11:04:32.438000+00:00,36.7569,75.6661,10.0,4.4,mb,"99 km ENE of Barishal, Pakistan",Shallow (<70 km),2019
2019-11-01 22:36:14.760000+00:00,35.2589,88.9719,10.0,4.6,mb,western Xizang,Shallow (<70 km),2019
2019-11-03 12:41:02.051000+00:00,36.5643,70.8356,189.53,4.3,mb,"33 km S of Jurm, Afghanistan",Intermediate (70–300 km),2019
2019-11-05 09:50:40.576000+00:00,35.7655,76.1396,10.0,4.4,mb,"69 km NE of Skardu, Pakistan",Shallow (<70 km),2019
2019-11-05 20:52:22.290000+00:00,36.5503,70.1149,209.88,5.1,mww,"23 km E of Farkh?r, Afghanistan",Intermediate (70–300 km),2019
2019-11-08 10:29:45.977000+00:00,36.4815,70.2331,213.13,4.3,mb,"35 km ESE of Farkh?r, Afghanistan",Intermediate (70–300 km),2019
2019-11-12 02:00:26.426000+00:00,30.0659,80.2927,10.0,4.3,mb,"32 km NW of Dh?rchula, India",Shallow (<70 km),2019
2019-11-13 05:29:04.783000+00:00,36.6844,70.9539,226.0,4.3,mb,"22 km SSE of Jurm, Afghanistan",Intermediate (70–300 km),2019
2019-11-13 13:10:54.879000+00:00,26.1728,93.3051,51.25,4.7,mb,"38 km NNW of Diphu, India",Shallow (<70 km),2019
2019-11-14 09:23:33.739000+00:00,36.4665,71.5096,97.63,5.1,mb,"24 km S of Ashk?sham, Afghanistan",Intermediate (70–300 km),2019
2019-11-16 06:23:25.150000+00:00,36.9557,71.6988,134.88,4.4,mb,"26 km NNE of Ishqoshim, Tajikistan",Intermediate (70–300 km),2019
2019-11-17 02:36:18.219000+00:00,36.636,70.9939,209.47,4.3,mb,"Hindu Kush region, Afghanistan",Intermediate (70–300 km),2019
2019-11-19 08:56:38.237000+00:00,30.8646,70.1184,10.0,4.4,mb,"53 km WNW of Taunsa, Pakistan",Shallow (<70 km),2019
2019-11-19 13:30:55.900000+00:00,29.3228,81.1433,10.0,5.0,mww,"20 km ENE of Dipayal, Nepal",Shallow (<70 km),2019
2019-11-21 14:11:09.692000+00:00,26.145,91.1372,48.16,4.3,mb,"23 km SSE of Barpeta, India",Shallow (<70 km),2019
2019-11-21 20:26:12.127000+00:00,36.6382,71.3963,162.14,4.3,mb,"13 km WSW of Ashk?sham, Afghanistan",Intermediate (70–300 km),2019
2019-11-24 15:42:27.455000+00:00,33.0186,92.6928,10.0,4.3,mb,"181 km NNE of Nagqu, China",Shallow (<70 km),2019
2019-11-24 21:08:56.814000+00:00,36.8034,71.3544,105.11,4.4,mb,"20 km NW of Ashk?sham, Afghanistan",Intermediate (70–300 km),2019
2019-11-26 14:44:58.944000+00:00,36.1183,70.8769,106.02,4.3,mb,"77 km N of P?r?n, Afghanistan",Intermediate (70–300 km),2019
2019-11-27 00:18:32.422000+00:00,28.1658,87.8728,64.65,4.4,mb,"96 km NW of Mangan, India",Shallow (<70 km),2019
2019-11-27 16:23:31.706000+00:00,27.7986,85.8214,10.0,4.6,mb,"22 km SW of Kod?ri??, Nepal",Shallow (<70 km),2019
2019-11-28 01:40:04.336000+00:00,30.4965,84.2884,15.1,4.6,mb,"158 km NW of Saga, China",Shallow (<70 km),2019
2019-11-30 06:14:02.977000+00:00,36.9565,73.9875,86.99,4.3,mb,"94 km NW of Barishal, Pakistan",Intermediate (70–300 km),2019
2019-12-04 04:30:50.720000+00:00,36.583,70.9893,219.71,4.3,mb,"34 km SSE of Jurm, Afghanistan",Intermediate (70–300 km),2019
2019-12-04 08:46:16.588000+00:00,36.4769,70.7941,141.79,5.0,mb,"43 km S of Jurm, Afghanistan",Intermediate (70–300 km),2019
2019-12-06 09:44:56.558000+00:00,36.469,71.0999,149.67,4.0,mb,"45 km WSW of Ashk?sham, Afghanistan",Intermediate (70–300 km),2019
2019-12-08 13:31:27.767000+00:00,36.2716,78.0123,49.87,4.5,mb,"130 km SSW of Zangguy, China",Shallow (<70 km),2019
2019-12-09 15:40:20.920000+00:00,36.5688,70.8705,96.12,4.2,mb,"33 km S of Jurm, Afghanistan",Intermediate (70–300 km),2019
2019-12-10 16:02:54.783000+00:00,25.0212,99.3544,10.0,4.5,mb,"106 km SW of Dali, China",Shallow (<70 km),2019
2019-12-10 22:02:55.732000+00:00,36.5733,71.1994,229.75,4.2,mb,"32 km WSW of Ashk?sham, Afghanistan",Intermediate (70–300 km),2019
2019-12-12 00:49:18.735000+00:00,36.8351,78.8591,10.0,4.5,mb,"50 km S of Zangguy, China",Shallow (<70 km),2019
2019-12-12 13:26:31.828000+00:00,27.9194,85.7168,10.0,4.2,mb,"24 km W of Kod?ri??, Nepal",Shallow (<70 km),2019
2019-12-15 03:15:46.616000+00:00,36.3227,70.7258,118.91,3.9,mb,"60 km S of Jurm, Afghanistan",Intermediate (70–300 km),2019
2019-12-16 03:51:26.671000+00:00,36.8194,71.0908,100.47,4.1,mb,"23 km ESE of Jurm, Afghanistan",Intermediate (70–300 km),2019
2019-12-17 08:53:46.448000+00:00,36.5049,70.2745,201.21,4.1,mb,"38 km ESE of Farkh?r, Afghanistan",Intermediate (70–300 km),2019
2019-12-18 14:09:17.268000+00:00,33.5899,71.63,46.36,4.5,mb,"16 km E of Kohat, Pakistan",Shallow (<70 km),2019
2019-12-19 09:36:42.821000+00:00,36.5285,71.2499,236.72,4.1,mb,Afghanistan-Tajikistan-Pakistan region,Intermediate (70–300 km),2019
2019-12-19 12:07:55.485000+00:00,32.4723,86.9509,10.0,4.9,mb,western Xizang,Shallow (<70 km),2019
2019-12-19 22:16:20.980000+00:00,34.6953,79.7421,10.0,4.5,mb,"206 km ENE of Leh, India",Shallow (<70 km),2019
2019-12-20 11:39:52.874000+00:00,36.5374,70.4555,212.0,6.1,mww,"49 km SW of Jurm, Afghanistan",Intermediate (70–300 km),2019
2019-12-20 18:42:48.152000+00:00,36.4003,71.1525,99.8,4.3,mb,"46 km SW of Ashk?sham, Afghanistan",Intermediate (70–300 km),2019
2019-12-22 04:07:56.431000+00:00,36.0744,70.155,118.17,4.1,mb,"61 km SSE of Farkh?r, Afghanistan",Intermediate (70–300 km),2019
2019-12-22 14:58:40.069000+00:00,36.4781,70.9622,152.45,4.1,mb,"44 km SSE of Jurm, Afghanistan",Intermediate (70–300 km),2019
2019-12-24 13:55:24.210000+00:00,36.7115,71.1749,233.58,4.2,mb,"32 km W of Ashk?sham, Afghanistan",Intermediate (70–300 km),2019
2019-12-30 00:52:30.193000+00:00,35.8128,77.6114,10.0,4.1,mb,"123 km NE of Thang, India",Shallow (<70 km),2019
2019-12-30 17:12:33.526000+00:00,35.6686,74.4751,10.0,4.6,mb,"31 km SSE of Gilgit, Pakistan",Shallow (<70 km),2019
2019-12-30 17:18:57.445000+00:00,35.5909,74.628,13.82,5.6,mww,"46 km SE of Gilgit, Pakistan",Shallow (<70 km),2019
2019-12-30 17:28:26.422000+00:00,35.7053,74.5835,10.0,4.5,mb,"34 km SE of Gilgit, Pakistan",Shallow (<70 km),2019
2019-12-30 17:49:59.468000+00:00,35.6305,74.6387,24.32,5.0,mww,"43 km SE of Gilgit, Pakistan",Shallow (<70 km),2019
2019-12-30 19:20:16.923000+00:00,35.5735,74.5666,10.0,4.5,mb,"44 km SSE of Gilgit, Pakistan",Shallow (<70 km),2019
2019-12-31 00:52:51.117000+00:00,35.6732,74.716,10.0,4.2,mb,"45 km SE of Gilgit, Pakistan",Shallow (<70 km),2019
2019-12-31 01:02:55.716000+00:00,35.5447,74.6636,63.86,4.3,mb,"52 km SE of Gilgit, Pakistan",Shallow (<70 km),2019
2020-01-03 01:56:44.755000+00:00,28.8329,91.973,10.0,4.2,mb,"124 km SE of Lhasa, China",Shallow (<70 km),2020
2020-01-05 13:14:02.142000+00:00,29.9815,85.4049,10.0,4.4,mb,"74 km NNE of Saga, China",Shallow (<70 km),2020
2020-01-05 13:16:52.055000+00:00,30.3664,85.5587,10.0,4.3,mb,"119 km NNE of Saga, China",Shallow (<70 km),2020
2020-01-05 18:03:00.488000+00:00,36.4993,70.7939,210.67,4.2,mb,"40 km S of Jurm, Afghanistan",Intermediate (70–300 km),2020
2020-01-07 15:09:03.481000+00:00,35.6192,70.1051,103.51,4.0,mb,"63 km ENE of B?z?rak, Afghanistan",Intermediate (70–300 km),2020
2020-01-12 05:23:56.526000+00:00,35.0149,74.474,10.0,5.1,mb,"68 km NNW of Bandipura, India",Shallow (<70 km),2020
2020-01-12 14:34:14.825000+00:00,29.4848,81.705,10.0,4.4,mb,"51 km WNW of Jumla, Nepal",Shallow (<70 km),2020
2020-01-12 20:22:02.782000+00:00,29.4841,81.5921,10.0,4.3,mb,"61 km WNW of Jumla, Nepal",Shallow (<70 km),2020
2020-01-17 18:24:02.985000+00:00,36.5577,70.8358,195.44,4.1,mb,"34 km S of Jurm, Afghanistan",Intermediate (70–300 km),2020
2020-01-17 19:08:21.690000+00:00,36.5423,70.7624,186.5,4.3,mb,"36 km S of Jurm, Afghanistan",Intermediate (70–300 km),2020
2020-01-18 18:00:17.134000+00:00,31.646,93.3736,27.2,4.7,mb,"126 km E of Nagqu, China",Shallow (<70 km),2020
2020-01-23 14:26:30.754000+00:00,33.0798,98.9264,10.0,4.6,mb,"271 km NE of Qamdo, China",Shallow (<70 km),2020
2020-01-23 15:30:38.375000+00:00,32.9652,98.9452,15.05,4.2,mb,"263 km NE of Qamdo, China",Shallow (<70 km),2020
2020-01-24 19:30:56.776000+00:00,36.698,71.1214,213.52,4.3,mb,"31 km SE of Jurm, Afghanistan",Intermediate (70–300 km),2020
2020-01-24 22:56:05.315000+00:00,31.995,95.0575,10.0,5.2,mww,"223 km WNW of Qamdo, China",Shallow (<70 km),2020
2020-01-27 14:26:29.446000+00:00,35.6993,75.2078,10.0,4.5,mb,"58 km NW of Skardu, Pakistan",Shallow (<70 km),2020
2020-01-28 00:43:37.381000+00:00,36.8002,71.5836,109.62,4.0,mb,"8 km NNW of Ishqoshim, Tajikistan",Intermediate (70–300 km),2020
2020-01-29 12:05:19.569000+00:00,36.5504,70.8987,173.47,4.2,mb,"35 km S of Jurm, Afghanistan",Intermediate (70–300 km),2020
2020-01-29 21:45:34.496000+00:00,28.7675,91.7966,10.0,4.5,mb,"118 km SE of Lhasa, China",Shallow (<70 km),2020
2020-02-01 09:43:55.801000+00:00,28.9807,95.7207,10.0,4.9,mb,"108 km NNE of P?sigh?t, India",Shallow (<70 km),2020
2020-02-03 05:26:29.902000+00:00,36.525,71.1486,107.6,4.4,mb,"38 km WSW of Ashk?sham, Afghanistan",Intermediate (70–300 km),2020
2020-02-04 05:05:34.413000+00:00,34.547,70.5826,10.0,4.4,mb,"17 km NE of Jal?l?b?d, Afghanistan",Shallow (<70 km),2020
2020-02-04 20:32:55.267000+00:00,36.5831,71.2477,128.66,4.9,mb,"27 km WSW of Ashk?sham, Afghanistan",Intermediate (70–300 km),2020
2020-02-08 01:01:46.831000+00:00,30.0278,79.9831,18.78,4.7,mb,"29 km NE of B?geshwar, India",Shallow (<70 km),2020
2020-02-08 12:47:01.887000+00:00,26.3386,90.7847,10.0,5.0,mb,"10 km E of Abhay?puri, India",Shallow (<70 km),2020
2020-02-14 13:50:04.506000+00:00,36.4722,71.241,237.99,4.1,mb,"35 km SW of Ashk?sham, Afghanistan",Intermediate (70–300 km),2020
2020-02-16 23:34:28.851000+00:00,36.2175,70.1489,128.78,4.0,mb,"47 km SSE of Farkh?r, Afghanistan",Intermediate (70–300 km),2020
2020-02-17 07:16:25.977000+00:00,35.6065,74.5291,10.0,4.4,mb,"39 km SSE of Gilgit, Pakistan",Shallow (<70 km),2020
2020-02-18 23:11:58.225000+00:00,35.6198,74.5363,10.0,4.3,mb,"38 km SSE of Gilgit, Pakistan",Shallow (<70 km),2020
2020-02-20 18:01:35.341000+00:00,34.5182,85.6961,10.0,5.1,mb,western Xizang,Shallow (<70 km),2020
2020-02-20 18:11:03.046000+00:00,34.5533,85.7767,10.0,4.6,mb,western Xizang,Shallow (<70 km),2020
2020-02-23 03:14:18.368000+00:00,36.5085,70.8037,185.65,4.0,mb,"39 km S of Jurm, Afghanistan",Intermediate (70–300 km),2020
2020-02-26 15:04:08.953000+00:00,32.9752,76.2474,10.0,5.0,mb,"47 km NNE of Chamba, India",Shallow (<70 km),2020
2020-02-28 05:50:18.394000+00:00,35.2945,71.8197,58.81,4.5,mb,"10 km NNW of Upper Dir, Pakistan",Shallow (<70 km),2020
2020-02-28 11:07:11.020000+00:00,32.9646,76.3114,10.0,4.2,mb,"48 km NNE of Chamba, India",Shallow (<70 km),2020
2020-02-28 13:24:23.862000+00:00,36.2073,70.4918,100.57,4.4,mb,"69 km SE of Farkh?r, Afghanistan",Intermediate (70–300 km),2020
2020-02-29 07:22:41.832000+00:00,36.5664,71.2484,123.52,4.0,mb,"28 km WSW of Ashk?sham, Afghanistan",Intermediate (70–300 km),2020
2020-02-29 20:05:26.893000+00:00,26.4904,92.1052,45.39,4.2,mb,"5 km SW of Kh?rupatia, India",Shallow (<70 km),2020
2020-03-01 06:01:40.069000+00:00,36.5731,70.9479,203.07,4.2,mb,"33 km SSE of Jurm, Afghanistan",Intermediate (70–300 km),2020
2020-03-04 04:23:06.314000+00:00,36.6066,70.9126,202.43,4.0,mb,"29 km SSE of Jurm, Afghanistan",Intermediate (70–300 km),2020
2020-03-04 13:28:38.624000+00:00,32.0214,94.7889,10.0,4.3,mb,"247 km WNW of Qamdo, China",Shallow (<70 km),2020
2020-03-05 06:59:54.541000+00:00,25.8362,96.7751,10.0,4.5,mb,"41 km S of Sarupathar, India",Shallow (<70 km),2020
2020-03-07 00:45:01.365000+00:00,36.4064,71.1384,115.46,4.6,mb,"46 km SW of Ashk?sham, Afghanistan",Intermediate (70–300 km),2020
2020-03-07 22:58:16.951000+00:00,36.8761,75.7791,10.0,4.5,mb,"114 km ENE of Barishal, Pakistan",Shallow (<70 km),2020
2020-03-08 16:59:17.196000+00:00,32.7173,85.4732,10.0,4.2,mb,western Xizang,Shallow (<70 km),2020
2020-03-09 18:12:09.419000+00:00,32.8006,85.5456,10.0,5.2,mww,western Xizang,Shallow (<70 km),2020
2020-03-09 18:38:51.130000+00:00,32.7852,85.5166,10.0,4.2,mb,western Xizang,Shallow (<70 km),2020
2020-03-09 21:44:27.265000+00:00,36.1271,80.1517,10.0,4.4,mb,"110 km S of Hotan, China",Shallow (<70 km),2020
2020-03-10 00:20:14.450000+00:00,32.87,85.3938,10.0,4.1,mb,western Xizang,Shallow (<70 km),2020
2020-03-11 14:19:31.898000+00:00,32.568,78.4627,10.0,4.0,mb,"125 km ENE of Man?li, India",Shallow (<70 km),2020
2020-03-12 15:44:02.770000+00:00,32.7152,85.3323,10.0,5.4,mww,western Xizang,Shallow (<70 km),2020
2020-03-15 09:21:04.447000+00:00,36.4229,71.1691,81.39,4.2,mb,"43 km SW of Ashk?sham, Afghanistan",Intermediate (70–300 km),2020
2020-03-15 15:00:17.383000+00:00,28.2184,83.5923,10.0,4.3,mb,"5 km S of B?glung, Nepal",Shallow (<70 km),2020
2020-03-15 16:17:04.697000+00:00,32.6753,85.455,10.0,4.2,mb,western Xizang,Shallow (<70 km),2020
2020-03-15 16:18:09.209000+00:00,32.7903,85.6582,10.0,4.4,mb,western Xizang,Shallow (<70 km),2020
2020-03-16 14:45:24.419000+00:00,36.4089,70.6925,124.5,4.2,mb,"52 km SSW of Jurm, Afghanistan",Intermediate (70–300 km),2020
2020-03-17 00:38:36.468000+00:00,36.5698,70.957,208.92,4.0,mb,"34 km SSE of Jurm, Afghanistan",Intermediate (70–300 km),2020
2020-03-17 04:02:10.317000+00:00,34.5391,85.8363,10.0,4.6,mb,western Xizang,Shallow (<70 km),2020
2020-03-20 01:33:15.443000+00:00,28.5896,87.3081,10.0,5.7,mww,"85 km NE of Lobujya, Nepal",Shallow (<70 km),2020
2020-03-23 00:08:29.194000+00:00,36.5182,70.8672,213.06,4.1,mb,"38 km S of Jurm, Afghanistan",Intermediate (70–300 km),2020
2020-03-23 08:08:12.704000+00:00,25.0857,95.0671,101.49,4.5,mb,"86 km SE of Phek, India",Intermediate (70–300 km),2020
2020-03-23 12:21:27.031000+00:00,25.1038,96.351,10.0,4.4,mb,"109 km WSW of Myitkyina, Myanmar",Shallow (<70 km),2020
2020-03-24 23:39:29.603000+00:00,28.6107,87.2197,10.0,4.0,mb,"83 km NNE of Lobujya, Nepal",Shallow (<70 km),2020
2020-03-25 08:45:56.122000+00:00,34.4893,85.8489,10.0,4.3,mb,western Xizang,Shallow (<70 km),2020
2020-03-26 04:22:21.491000+00:00,36.4352,71.2398,101.7,4.1,mb,"38 km SW of Ashk?sham, Afghanistan",Intermediate (70–300 km),2020
2020-03-27 11:46:58.989000+00:00,32.697,76.144,10.0,4.5,mb,"15 km N of Chamba, India",Shallow (<70 km),2020
2020-03-28 07:38:53.482000+00:00,36.7514,71.349,176.53,4.4,mb,"18 km WNW of Ashk?sham, Afghanistan",Intermediate (70–300 km),2020
2020-03-29 18:17:45.513000+00:00,32.9731,76.4202,10.0,4.3,mb,"53 km NNE of Chamba, India",Shallow (<70 km),2020
2020-03-30 15:42:33.456000+00:00,36.6765,71.0957,214.05,4.9,mww,"31 km SE of Jurm, Afghanistan",Intermediate (70–300 km),2020
2020-04-01 12:23:27.116000+00:00,33.1265,98.9089,10.0,5.4,mww,"274 km NE of Qamdo, China",Shallow (<70 km),2020
2020-04-02 17:35:31.963000+00:00,26.1416,97.037,10.0,4.2,mb,"23 km ESE of Sarupathar, India",Shallow (<70 km),2020
2020-04-02 23:20:30.358000+00:00,36.038,70.4391,122.36,4.2,mb,"79 km SE of Farkh?r, Afghanistan",Intermediate (70–300 km),2020
2020-04-03 22:54:42.401000+00:00,32.6775,85.4882,10.0,4.8,mb,western Xizang,Shallow (<70 km),2020
2020-04-04 00:45:51.928000+00:00,32.6292,85.4271,10.0,4.4,mb,western Xizang,Shallow (<70 km),2020
2020-04-04 08:29:22.470000+00:00,34.9652,71.3367,78.77,4.0,mb,"7 km SSW of ?sm?r, Afghanistan",Intermediate (70–300 km),2020
2020-04-05 17:50:30.477000+00:00,26.4085,92.7724,46.31,4.5,mb,"25 km S of Tezpur, India",Shallow (<70 km),2020
2020-04-05 20:21:05.163000+00:00,36.6776,71.0024,243.72,4.5,mb,"25 km SE of Jurm, Afghanistan",Intermediate (70–300 km),2020
2020-04-06 11:39:07.877000+00:00,36.4031,71.2765,112.48,4.2,mb,"38 km SW of Ashk?sham, Afghanistan",Intermediate (70–300 km),2020
2020-04-07 10:39:02.233000+00:00,29.2723,95.1896,10.0,4.4,mb,"114 km NE of Shi Yomi, India",Shallow (<70 km),2020
2020-04-09 17:54:17.641000+00:00,32.6222,96.4049,10.0,4.1,mb,"180 km NNW of Qamdo, China",Shallow (<70 km),2020
2020-04-09 19:51:37.074000+00:00,36.5384,71.2798,228.21,4.5,mb,"27 km SW of Ashk?sham, Afghanistan",Intermediate (70–300 km),2020
2020-04-10 13:51:17.590000+00:00,36.0472,70.0336,114.27,4.0,mb,"60 km SSE of Farkh?r, Afghanistan",Intermediate (70–300 km),2020
2020-04-12 00:32:54.726000+00:00,29.3551,70.0699,10.0,4.0,mb,"37 km SW of Dajal, Pakistan",Shallow (<70 km),2020
2020-04-12 12:15:02.191000+00:00,28.8336,77.3589,10.0,3.8,mb,"Haryana-Delhi-Uttar Pradesh region, India",Shallow (<70 km),2020
2020-04-14 21:31:42.569000+00:00,36.7115,71.3759,178.5,4.1,mb,"14 km WNW of Ashk?sham, Afghanistan",Intermediate (70–300 km),2020
2020-04-16 00:49:53.526000+00:00,36.553,71.5259,97.3,4.2,mb,"14 km S of Ashk?sham, Afghanistan",Intermediate (70–300 km),2020
2020-04-17 00:30:06.208000+00:00,36.3494,70.6608,159.32,4.7,mb,"59 km SSW of Jurm, Afghanistan",Intermediate (70–300 km),2020
2020-04-17 10:59:11.292000+00:00,28.1205,93.9189,10.0,4.1,mb,"58 km N of Ziro, India",Shallow (<70 km),2020
2020-04-17 12:43:57.458000+00:00,36.9163,71.156,98.8,4.2,mb,"29 km E of Jurm, Afghanistan",Intermediate (70–300 km),2020
2020-04-17 18:25:44.485000+00:00,36.35,71.258,122.86,4.1,mb,"44 km SSW of Ashk?sham, Afghanistan",Intermediate (70–300 km),2020
2020-04-18 17:17:44.688000+00:00,31.6054,93.5107,30.21,4.3,mb,"138 km E of Nagqu, China",Shallow (<70 km),2020
2020-04-20 16:13:12.450000+00:00,36.5138,70.7016,193.16,4.1,mb,"40 km SSW of Jurm, Afghanistan",Intermediate (70–300 km),2020
2020-04-21 01:17:28.268000+00:00,35.7311,74.5266,35.0,4.3,mb,"28 km SE of Gilgit, Pakistan",Shallow (<70 km),2020
2020-04-21 12:12:16.952000+00:00,36.3646,70.544,168.81,4.6,mb,"61 km SSW of Jurm, Afghanistan",Intermediate (70–300 km),2020
2020-04-23 18:54:14.489000+00:00,36.4895,70.9746,147.33,4.0,mb,"43 km SSE of Jurm, Afghanistan",Intermediate (70–300 km),2020
2020-04-26 05:29:26.353000+00:00,27.0529,89.191,10.0,3.9,mb,"19 km NNE of Samtse, Bhutan",Shallow (<70 km),2020
2020-04-28 11:15:35.077000+00:00,36.5341,70.5821,199.81,4.7,mb,"43 km SSW of Jurm, Afghanistan",Intermediate (70–300 km),2020
2020-04-29 02:05:46.768000+00:00,36.1877,70.0102,118.41,4.2,mb,"44 km SSE of Farkh?r, Afghanistan",Intermediate (70–300 km),2020
2020-04-30 20:17:52.005000+00:00,32.2161,89.5179,10.0,4.3,mb,"253 km WNW of Nagqu, China",Shallow (<70 km),2020
2020-05-01 16:48:38.322000+00:00,36.7068,71.0901,249.28,4.3,mb,"28 km SE of Jurm, Afghanistan",Intermediate (70–300 km),2020
2020-05-03 15:40:23.737000+00:00,32.9792,85.6089,10.0,4.1,mb,western Xizang,Shallow (<70 km),2020
2020-05-05 10:01:29.018000+00:00,36.4702,71.073,103.22,4.4,mb,"47 km WSW of Ashk?sham, Afghanistan",Intermediate (70–300 km),2020
2020-05-07 11:17:39.153000+00:00,36.5667,70.1433,207.69,4.2,mb,"25 km E of Farkh?r, Afghanistan",Intermediate (70–300 km),2020
2020-05-07 19:43:08.597000+00:00,36.5067,70.7139,195.78,4.4,mb,"41 km SSW of Jurm, Afghanistan",Intermediate (70–300 km),2020
2020-05-10 08:15:27.178000+00:00,28.7268,77.3516,10.0,3.7,mb,"6 km ESE of Loni, India",Shallow (<70 km),2020
2020-05-10 15:09:47.147000+00:00,36.6098,70.811,159.56,4.1,mb,"28 km S of Jurm, Afghanistan",Intermediate (70–300 km),2020
2020-05-10 17:50:03.182000+00:00,36.5713,70.898,206.39,4.5,mb,"33 km S of Jurm, Afghanistan",Intermediate (70–300 km),2020
2020-05-12 14:16:17.558000+00:00,36.5209,70.94,150.28,4.1,mb,"39 km SSE of Jurm, Afghanistan",Intermediate (70–300 km),2020
2020-05-12 18:08:38.863000+00:00,27.7046,86.0378,10.0,4.9,mb,"29 km SSE of Kod?ri??, Nepal",Shallow (<70 km),2020
2020-05-15 18:38:20.334000+00:00,36.5179,70.4193,207.47,4.4,mb,"50 km E of Farkh?r, Afghanistan",Intermediate (70–300 km),2020
2020-05-16 00:20:21.148000+00:00,36.3245,71.3863,92.15,4.2,mb,"41 km SSW of Ashk?sham, Afghanistan",Intermediate (70–300 km),2020
2020-05-16 11:15:57.040000+00:00,36.5507,70.7726,152.62,4.1,mb,"35 km S of Jurm, Afghanistan",Intermediate (70–300 km),2020
2020-05-17 05:22:09.081000+00:00,29.9346,94.9732,10.0,4.6,mb,"166 km NNE of Shi Yomi, India",Shallow (<70 km),2020
2020-05-22 06:59:13.957000+00:00,36.5797,70.9567,206.09,4.3,mb,"33 km SSE of Jurm, Afghanistan",Intermediate (70–300 km),2020
2020-05-22 13:44:50.634000+00:00,32.7694,85.4486,10.0,4.3,mb,western Xizang,Shallow (<70 km),2020
2020-05-22 18:38:17.563000+00:00,32.8636,85.5107,10.0,4.6,mb,western Xizang,Shallow (<70 km),2020
2020-05-24 19:15:36.840000+00:00,35.9955,70.9331,90.3,4.5,mb,"63 km N of P?r?n, Afghanistan",Intermediate (70–300 km),2020
2020-05-24 22:30:51.478000+00:00,34.2803,70.1664,28.53,4.5,mb,"30 km WSW of Jal?l?b?d, Afghanistan",Shallow (<70 km),2020
2020-05-27 05:31:38.205000+00:00,34.2918,71.0348,10.0,4.2,mb,"13 km WSW of Shinpokh, Pakistan",Shallow (<70 km),2020
2020-05-28 07:12:54.476000+00:00,36.4888,70.7438,141.02,4.3,mb,"42 km S of Jurm, Afghanistan",Intermediate (70–300 km),2020
2020-05-28 08:05:58.316000+00:00,32.5421,79.491,10.0,4.4,mb,"196 km NE of Sar?han, India",Shallow (<70 km),2020
2020-05-29 15:38:41.657000+00:00,29.1724,77.0219,10.0,4.2,mb,"Uttar Pradesh, India",Shallow (<70 km),2020
2020-05-30 02:34:41.679000+00:00,36.6698,71.1192,218.65,4.0,mb,"33 km SE of Jurm, Afghanistan",Intermediate (70–300 km),2020
2020-05-30 15:51:39.617000+00:00,27.8896,84.8784,10.0,4.3,mb,"45 km WNW of Kirtipur, Nepal",Shallow (<70 km),2020
2020-06-02 15:29:51.678000+00:00,36.0602,70.6592,130.25,4.3,mb,"74 km NNW of P?r?n, Afghanistan",Intermediate (70–300 km),2020
2020-06-06 10:49:18.929000+00:00,36.5977,71.3505,221.72,4.1,mb,"18 km WSW of Ashk?sham, Afghanistan",Intermediate (70–300 km),2020
2020-06-10 13:55:56.413000+00:00,36.4654,71.1033,171.82,4.2,mb,"45 km WSW of Ashk?sham, Afghanistan",Intermediate (70–300 km),2020
2020-06-12 23:32:35.370000+00:00,32.8562,73.7592,10.0,4.1,mb,"5 km S of Sarai Alamgir, Pakistan",Shallow (<70 km),2020
2020-06-14 02:39:43.149000+00:00,26.6545,97.0594,10.0,4.8,mb,"55 km NNE of Sarupathar, India",Shallow (<70 km),2020
2020-06-16 09:21:37.394000+00:00,36.6712,71.0335,229.31,5.0,mb,"27 km SE of Jurm, Afghanistan",Intermediate (70–300 km),2020
2020-06-18 04:14:46+00:00,36.0132,71.054,111.47,4.3,mb,"66 km N of P?r?n, Afghanistan",Intermediate (70–300 km),2020
2020-06-18 05:25:46.085000+00:00,36.5095,70.182,220.62,4.1,mb,"29 km ESE of Farkh?r, Afghanistan",Intermediate (70–300 km),2020
2020-06-21 09:40:07.498000+00:00,33.0765,98.8825,10.0,4.1,mb,"269 km NE of Qamdo, China",Shallow (<70 km),2020
2020-06-23 15:49:23.771000+00:00,36.6022,71.0934,91.19,4.2,mb,"37 km SE of Jurm, Afghanistan",Intermediate (70–300 km),2020
2020-06-24 13:49:23.892000+00:00,33.4991,71.4493,10.0,4.3,mb,"9 km S of Kohat, Pakistan",Shallow (<70 km),2020
2020-06-25 20:29:39.466000+00:00,35.6587,82.4619,10.0,4.9,mb,"277 km SE of Hotan, China",Shallow (<70 km),2020
2020-06-25 21:05:18.140000+00:00,35.5948,82.4158,10.0,6.3,mww,"278 km SE of Hotan, China",Shallow (<70 km),2020
2020-06-25 21:14:36.585000+00:00,35.6634,82.4342,10.0,4.5,mb,"275 km SE of Hotan, China",Shallow (<70 km),2020
2020-06-25 21:17:04.425000+00:00,35.6685,82.4472,10.0,5.0,mb,"276 km SE of Hotan, China",Shallow (<70 km),2020
2020-06-25 22:51:44.316000+00:00,35.6096,82.4316,10.0,4.3,mb,"278 km SE of Hotan, China",Shallow (<70 km),2020
2020-06-25 23:07:53.127000+00:00,35.7015,82.4897,10.0,4.3,mb,"277 km SE of Hotan, China",Shallow (<70 km),2020
2020-06-26 01:30:58.799000+00:00,35.5546,82.3801,10.0,4.7,mb,"279 km SE of Hotan, China",Shallow (<70 km),2020
2020-06-26 14:45:10.807000+00:00,36.1755,74.9315,52.11,4.5,mb,"26 km SE of Barishal, Pakistan",Shallow (<70 km),2020
2020-06-27 07:02:06.758000+00:00,35.7378,82.4574,10.0,4.3,mb,"272 km SE of Hotan, China",Shallow (<70 km),2020
2020-06-28 13:29:06.441000+00:00,36.3344,71.2153,92.24,4.0,mb,"48 km SW of Ashk?sham, Afghanistan",Intermediate (70–300 km),2020
2020-06-29 07:25:59.403000+00:00,36.7252,71.1137,224.36,4.2,mb,"29 km ESE of Jurm, Afghanistan",Intermediate (70–300 km),2020
2020-06-30 03:26:58.130000+00:00,33.195,75.926,46.75,4.2,mb,"19 km SE of Kishtw?r, India",Shallow (<70 km),2020
2020-06-30 18:02:28.856000+00:00,33.1193,75.8744,43.89,4.7,mb,"21 km NE of Bhadarw?h, India",Shallow (<70 km),2020
2020-07-01 21:37:15.153000+00:00,36.6899,70.9786,217.92,4.1,mb,"23 km SSE of Jurm, Afghanistan",Intermediate (70–300 km),2020
2020-07-02 04:23:18.491000+00:00,36.4792,71.0585,156.08,4.2,mb,"47 km SSE of Jurm, Afghanistan",Intermediate (70–300 km),2020
2020-07-02 07:40:37.191000+00:00,32.998,75.9509,10.0,4.6,mb,"21 km E of Bhadarw?h, India",Shallow (<70 km),2020
2020-07-03 13:30:49.114000+00:00,28.142,76.5366,30.38,4.3,mb,"9 km NNW of B?wal, India",Shallow (<70 km),2020
2020-07-03 14:29:44.890000+00:00,36.2368,70.6201,146.0,4.0,mb,"72 km SSW of Jurm, Afghanistan",Intermediate (70–300 km),2020
2020-07-04 12:12:11.152000+00:00,35.6726,82.4308,10.0,4.6,mb,"274 km SE of Hotan, China",Shallow (<70 km),2020
2020-07-06 15:27:29.242000+00:00,36.7373,71.2923,219.73,4.4,mb,"22 km WNW of Ashk?sham, Afghanistan",Intermediate (70–300 km),2020
2020-07-06 19:24:27.542000+00:00,33.0557,73.6156,10.0,4.1,mb,"16 km SW of New Mirpur, Pakistan",Shallow (<70 km),2020
2020-07-07 20:42:19.337000+00:00,33.042,73.6132,10.0,4.5,mb,"16 km NW of Jhelum, Pakistan",Shallow (<70 km),2020
2020-07-10 04:26:55.988000+00:00,30.3993,95.0824,10.0,4.1,mb,"216 km WSW of Qamdo, China",Shallow (<70 km),2020
2020-07-11 04:20:06.089000+00:00,36.6604,70.6713,268.39,4.3,mb,"26 km SSW of Jurm, Afghanistan",Intermediate (70–300 km),2020
2020-07-11 04:57:35.569000+00:00,36.4824,70.4689,208.23,4.0,mb,"53 km SW of Jurm, Afghanistan",Intermediate (70–300 km),2020
2020-07-12 02:49:27.290000+00:00,36.3844,71.0224,117.16,4.6,mb,"55 km SSE of Jurm, Afghanistan",Intermediate (70–300 km),2020
2020-07-12 22:10:44.993000+00:00,35.7606,82.3961,10.0,4.1,mb,"266 km SE of Hotan, China",Shallow (<70 km),2020
2020-07-13 17:34:01.030000+00:00,25.1767,99.5735,10.0,4.0,mb,"78 km SW of Dali, China",Shallow (<70 km),2020
2020-07-14 07:34:26.768000+00:00,36.4387,71.2625,114.53,4.9,mwr,"36 km SW of Ashk?sham, Afghanistan",Intermediate (70–300 km),2020
2020-07-15 04:45:38.115000+00:00,36.1278,70.1706,104.98,4.2,mb,"56 km SSE of Farkh?r, Afghanistan",Intermediate (70–300 km),2020
2020-07-17 17:55:01.075000+00:00,35.6354,82.4634,10.0,4.1,mb,"279 km SE of Hotan, China",Shallow (<70 km),2020
2020-07-17 20:51:22.063000+00:00,36.7537,71.4318,178.73,4.3,mb,"11 km NW of Ashk?sham, Afghanistan",Intermediate (70–300 km),2020
2020-07-18 21:14:47.316000+00:00,35.3767,70.7366,82.48,4.6,mb,"17 km WSW of P?r?n, Afghanistan",Intermediate (70–300 km),2020
2020-07-19 10:15:47.711000+00:00,30.412,94.8613,10.0,5.0,mb,"213 km NNE of Shi Yomi, India",Shallow (<70 km),2020
2020-07-19 22:21:28.971000+00:00,36.5686,70.7276,235.06,4.1,mb,"34 km SSW of Jurm, Afghanistan",Intermediate (70–300 km),2020
2020-07-19 23:36:38.799000+00:00,30.4109,94.8431,10.0,4.9,mb,"213 km NNE of Shi Yomi, India",Shallow (<70 km),2020
2020-07-20 00:36:48.338000+00:00,30.6463,94.8878,10.0,4.2,mb,"225 km WSW of Qamdo, China",Shallow (<70 km),2020
2020-07-20 15:19:53.864000+00:00,30.3816,95.0064,10.0,4.0,mb,"214 km NNE of Shi Yomi, India",Shallow (<70 km),2020
2020-07-20 19:21:39.541000+00:00,30.4051,94.862,10.0,4.9,mb,"213 km NNE of Shi Yomi, India",Shallow (<70 km),2020
2020-07-21 01:17:08.217000+00:00,30.4135,94.779,10.0,4.0,mb,"212 km N of Shi Yomi, India",Shallow (<70 km),2020
2020-07-21 01:33:52.896000+00:00,35.5573,82.5463,10.0,4.2,mb,"290 km SE of Hotan, China",Shallow (<70 km),2020
2020-07-21 02:15:19.576000+00:00,30.1907,94.7613,10.0,4.4,mb,"187 km NNE of Shi Yomi, India",Shallow (<70 km),2020
2020-07-21 06:18:48.950000+00:00,30.4304,94.8312,10.0,4.9,mb,"215 km NNE of Shi Yomi, India",Shallow (<70 km),2020
2020-07-21 13:26:18.351000+00:00,30.404,94.7716,10.0,4.5,mb,"211 km N of Shi Yomi, India",Shallow (<70 km),2020
2020-07-22 01:02:22.347000+00:00,30.3195,94.717,10.0,4.1,mb,"201 km N of Shi Yomi, India",Shallow (<70 km),2020
2020-07-22 14:32:46.445000+00:00,34.1959,90.7802,10.0,4.4,mb,"Southern Qinghai, China",Shallow (<70 km),2020
2020-07-22 19:32:05.190000+00:00,36.317,70.7941,95.59,4.0,mb,"60 km S of Jurm, Afghanistan",Intermediate (70–300 km),2020
2020-07-22 20:07:19.194000+00:00,33.1438,86.8637,10.0,6.3,mww,western Xizang,Shallow (<70 km),2020
2020-07-22 20:13:48.618000+00:00,33.1896,86.8557,10.0,4.2,mb,western Xizang,Shallow (<70 km),2020
2020-07-22 20:14:44.728000+00:00,33.2088,86.773,10.0,5.0,mb,western Xizang,Shallow (<70 km),2020
2020-07-22 20:17:55.276000+00:00,33.1168,86.7663,10.0,4.3,mb,western Xizang,Shallow (<70 km),2020
2020-07-22 20:20:05.364000+00:00,33.1501,86.8946,10.0,4.4,mb,western Xizang,Shallow (<70 km),2020
2020-07-22 22:28:33.320000+00:00,33.187,86.7446,10.0,4.5,mb,western Xizang,Shallow (<70 km),2020
2020-07-23 00:47:43.907000+00:00,30.3844,94.7159,10.0,4.9,mb,"208 km N of Shi Yomi, India",Shallow (<70 km),2020
2020-07-23 01:04:25.796000+00:00,32.9435,86.6104,10.0,4.3,mb,western Xizang,Shallow (<70 km),2020
2020-07-23 06:48:41.845000+00:00,33.2056,87.0518,10.0,4.2,mb,western Xizang,Shallow (<70 km),2020
2020-07-23 07:54:34.388000+00:00,27.5982,99.9835,10.0,4.0,mb,"37 km SE of Shangri-La, China",Shallow (<70 km),2020
2020-07-23 10:50:09.085000+00:00,33.1508,86.8235,10.0,5.1,mww,western Xizang,Shallow (<70 km),2020
2020-07-24 03:39:40.607000+00:00,33.1468,86.8128,10.0,4.4,mb,western Xizang,Shallow (<70 km),2020
2020-07-24 13:34:24.853000+00:00,30.3884,94.8313,10.0,4.9,mb,"210 km NNE of Shi Yomi, India",Shallow (<70 km),2020
2020-07-24 19:46:04.694000+00:00,30.4782,87.4178,10.0,4.3,mb,"196 km NW of Rikaze, China",Shallow (<70 km),2020
2020-07-25 15:58:37.391000+00:00,30.3757,94.8368,10.0,4.8,mb,"209 km NNE of Shi Yomi, India",Shallow (<70 km),2020
2020-07-26 09:58:58.149000+00:00,30.389,94.806,10.0,4.7,mb,"210 km NNE of Shi Yomi, India",Shallow (<70 km),2020
2020-07-27 05:50:20.443000+00:00,30.4061,94.8218,10.0,4.9,mb,"212 km NNE of Shi Yomi, India",Shallow (<70 km),2020
2020-07-28 03:32:49.179000+00:00,30.3956,94.7098,10.0,4.8,mb,"209 km N of Shi Yomi, India",Shallow (<70 km),2020
2020-07-28 09:41:07.130000+00:00,36.7295,71.2798,192.84,4.4,mb,Afghanistan-Tajikistan-Pakistan region,Intermediate (70–300 km),2020
2020-07-28 10:07:35.274000+00:00,36.5537,70.8783,202.77,4.1,mb,"34 km S of Jurm, Afghanistan",Intermediate (70–300 km),2020
2020-07-28 14:38:18.583000+00:00,33.2057,86.8606,10.0,4.3,mb,western Xizang,Shallow (<70 km),2020
2020-07-29 11:07:12.675000+00:00,30.3811,94.7738,10.0,4.8,mb,"208 km N of Shi Yomi, India",Shallow (<70 km),2020
2020-07-29 17:27:54.128000+00:00,30.3366,94.7909,10.0,4.9,mb,"204 km NNE of Shi Yomi, India",Shallow (<70 km),2020
2020-07-29 20:54:26.858000+00:00,28.4107,88.3259,10.0,4.1,mb,"101 km N of Mangan, India",Shallow (<70 km),2020
2020-07-30 13:35:44.774000+00:00,29.8667,95.1399,10.0,4.1,mb,"165 km NNE of Shi Yomi, India",Shallow (<70 km),2020
2020-07-30 18:38:38.999000+00:00,30.386,94.7527,10.0,4.8,mb,"208 km N of Shi Yomi, India",Shallow (<70 km),2020
2020-07-31 06:10:06.917000+00:00,30.3418,95.04,10.0,4.3,mb,"210 km NNE of Shi Yomi, India",Shallow (<70 km),2020
2020-07-31 11:20:10.217000+00:00,33.0674,86.7387,10.0,4.7,mb,western Xizang,Shallow (<70 km),2020
2020-07-31 16:45:09.922000+00:00,30.4288,94.841,10.0,4.9,mb,"215 km NNE of Shi Yomi, India",Shallow (<70 km),2020
2020-07-31 17:55:33.530000+00:00,31.968,93.5326,10.0,4.2,mb,"150 km ENE of Nagqu, China",Shallow (<70 km),2020
2020-07-31 18:58:48.847000+00:00,30.3574,94.7728,10.0,4.2,mb,"206 km N of Shi Yomi, India",Shallow (<70 km),2020
2020-08-01 05:33:55.492000+00:00,34.4822,81.8958,10.0,4.1,mb,western Xizang,Shallow (<70 km),2020
2020-08-03 11:24:11.900000+00:00,36.397,70.8982,155.82,4.1,mb,"52 km S of Jurm, Afghanistan",Intermediate (70–300 km),2020
2020-08-04 02:59:45.849000+00:00,33.0351,86.8848,10.0,4.6,mb,western Xizang,Shallow (<70 km),2020
2020-08-05 11:18:49.616000+00:00,31.9185,90.3738,10.0,4.0,mb,"166 km WNW of Nagqu, China",Shallow (<70 km),2020
2020-08-06 22:27:54.218000+00:00,31.1693,84.1935,10.0,4.1,mb,"227 km NNW of Saga, China",Shallow (<70 km),2020
2020-08-08 08:44:00.894000+00:00,30.4109,94.7817,10.0,4.9,mb,"212 km N of Shi Yomi, India",Shallow (<70 km),2020
2020-08-09 08:50:13.554000+00:00,30.3605,94.7737,10.0,4.8,mb,"206 km N of Shi Yomi, India",Shallow (<70 km),2020
2020-08-09 17:13:33.298000+00:00,30.4464,94.9345,10.0,4.9,mb,"219 km NNE of Shi Yomi, India",Shallow (<70 km),2020
2020-08-11 18:14:16.424000+00:00,30.3544,94.742,10.0,4.9,mb,"205 km N of Shi Yomi, India",Shallow (<70 km),2020
2020-08-11 21:27:28.697000+00:00,30.3255,94.7921,10.0,4.4,mb,"203 km NNE of Shi Yomi, India",Shallow (<70 km),2020
2020-08-11 22:48:31.686000+00:00,30.388,94.8111,10.0,4.1,mb,"210 km NNE of Shi Yomi, India",Shallow (<70 km),2020
2020-08-12 15:58:08.257000+00:00,29.8985,95.1615,10.0,4.8,mb,"169 km NNE of Shi Yomi, India",Shallow (<70 km),2020
2020-08-13 04:27:59.201000+00:00,30.4144,94.7198,10.0,4.9,mb,"211 km N of Shi Yomi, India",Shallow (<70 km),2020
2020-08-13 05:22:46.641000+00:00,30.3141,94.7804,10.0,4.4,mb,"201 km NNE of Shi Yomi, India",Shallow (<70 km),2020
2020-08-14 12:58:40.661000+00:00,30.3765,94.826,10.0,4.8,mb,"209 km NNE of Shi Yomi, India",Shallow (<70 km),2020
2020-08-16 16:40:40.467000+00:00,30.3546,94.8125,10.0,4.8,mb,"206 km NNE of Shi Yomi, India",Shallow (<70 km),2020
2020-08-17 11:23:40.558000+00:00,32.9399,86.6267,10.0,4.8,mb,western Xizang,Shallow (<70 km),2020
2020-08-17 16:31:52.303000+00:00,30.3829,94.7798,10.0,4.8,mb,"209 km N of Shi Yomi, India",Shallow (<70 km),2020
2020-08-18 11:13:06.347000+00:00,36.9061,71.0288,103.43,4.5,mb,"17 km ENE of Jurm, Afghanistan",Intermediate (70–300 km),2020
2020-08-19 02:19:21.230000+00:00,36.5594,71.2735,129.73,4.0,mb,"27 km WSW of Ashk?sham, Afghanistan",Intermediate (70–300 km),2020
2020-08-20 09:38:37.536000+00:00,36.5158,71.0531,163.0,4.2,mb,"43 km SSE of Jurm, Afghanistan",Intermediate (70–300 km),2020
2020-08-23 03:34:28.001000+00:00,36.4992,70.4215,198.14,4.2,mb,"51 km E of Farkh?r, Afghanistan",Intermediate (70–300 km),2020
2020-08-23 13:18:15.229000+00:00,26.0998,95.5832,86.9,4.6,mb,"78 km ESE of Tuensang, India",Intermediate (70–300 km),2020
2020-08-23 17:07:43.232000+00:00,30.3934,87.5035,10.0,4.5,mb,"183 km NW of Rikaze, China",Shallow (<70 km),2020
2020-08-24 13:05:49.672000+00:00,25.2722,97.6027,10.0,4.3,mb,"24 km ESE of Myitkyina, Myanmar",Shallow (<70 km),2020
2020-08-25 15:24:34.342000+00:00,29.556,80.9299,10.0,4.3,mb,"32 km N of Dipayal, Nepal",Shallow (<70 km),2020
2020-08-26 00:48:50.563000+00:00,35.6366,82.3729,10.0,4.5,mb,"272 km SE of Hotan, China",Shallow (<70 km),2020
2020-08-26 08:00:45.899000+00:00,36.4659,71.416,120.8,4.5,mb,"26 km SSW of Ashk?sham, Afghanistan",Intermediate (70–300 km),2020
2020-08-26 20:22:03.976000+00:00,36.5037,71.349,228.89,4.2,mb,"25 km SW of Ashk?sham, Afghanistan",Intermediate (70–300 km),2020
2020-08-27 03:18:07.651000+00:00,36.4593,71.1368,100.59,4.4,mb,"43 km SW of Ashk?sham, Afghanistan",Intermediate (70–300 km),2020
2020-08-28 07:58:49.503000+00:00,33.2812,72.6123,10.0,4.5,mb,"32 km E of Pindi Gheb, Pakistan",Shallow (<70 km),2020
2020-08-29 02:59:18.339000+00:00,36.6713,71.2391,214.63,4.4,mb,"26 km W of Ashk?sham, Afghanistan",Intermediate (70–300 km),2020
2020-08-30 09:45:33.534000+00:00,36.5609,70.9513,195.75,4.2,mb,"35 km SSE of Jurm, Afghanistan",Intermediate (70–300 km),2020
2020-08-30 22:21:55.005000+00:00,36.5568,71.0973,227.6,4.1,mb,"41 km WSW of Ashk?sham, Afghanistan",Intermediate (70–300 km),2020
2020-09-01 02:56:49.557000+00:00,36.3703,71.0837,127.7,4.4,mb,"53 km SW of Ashk?sham, Afghanistan",Intermediate (70–300 km),2020
2020-09-01 16:38:50.557000+00:00,31.6784,93.347,10.0,4.4,mb,"124 km E of Nagqu, China",Shallow (<70 km),2020
2020-09-03 07:07:41.747000+00:00,36.5204,70.3147,216.99,4.1,mb,"41 km E of Farkh?r, Afghanistan",Intermediate (70–300 km),2020
2020-09-06 01:59:16.921000+00:00,31.6455,93.406,26.87,4.4,mb,Eastern Xizang,Shallow (<70 km),2020
2020-09-06 12:59:33.781000+00:00,36.5822,70.3742,207.18,4.3,mb,"46 km E of Farkh?r, Afghanistan",Intermediate (70–300 km),2020
2020-09-06 21:45:00.558000+00:00,33.3127,85.2675,10.0,4.1,mb,western Xizang,Shallow (<70 km),2020
2020-09-10 20:23:33.551000+00:00,33.076,73.6571,10.0,4.3,mb,"11 km SW of New Mirpur, Pakistan",Shallow (<70 km),2020
2020-09-11 03:45:52.880000+00:00,27.2464,87.7715,10.0,4.4,mb,"40 km NNW of Il?m, Nepal",Shallow (<70 km),2020
2020-09-14 04:59:50.549000+00:00,36.4551,71.1768,235.4,4.0,mb,"40 km SW of Ashk?sham, Afghanistan",Intermediate (70–300 km),2020
2020-09-15 04:38:11.827000+00:00,31.7318,93.4619,10.0,4.6,mb,"136 km ENE of Nagqu, China",Shallow (<70 km),2020
2020-09-15 23:34:03.386000+00:00,27.8464,85.8765,10.0,5.3,mb,"14 km SSW of Kod?ri??, Nepal",Shallow (<70 km),2020
2020-09-17 06:11:35.973000+00:00,35.6868,94.5784,10.0,4.8,mb,"Southern Qinghai, China",Shallow (<70 km),2020
2020-09-18 08:37:46.300000+00:00,36.2659,70.0553,166.78,4.5,mb,"38 km SSE of Farkh?r, Afghanistan",Intermediate (70–300 km),2020
2020-09-21 19:58:34.584000+00:00,26.2803,91.3167,39.62,4.4,mb,"21 km W of H?jo, India",Shallow (<70 km),2020
2020-09-22 03:46:51.500000+00:00,35.7041,77.8313,62.17,4.1,mb,"127 km NE of Thang, India",Shallow (<70 km),2020
2020-09-22 16:10:29.177000+00:00,34.0837,74.7947,10.0,4.4,mb,"1 km WSW of Srinagar, India",Shallow (<70 km),2020
2020-09-23 03:51:05.282000+00:00,33.2201,85.308,10.0,4.2,mb,western Xizang,Shallow (<70 km),2020
2020-09-24 00:03:09.453000+00:00,36.4905,70.2904,210.84,4.2,mb,"39 km ESE of Farkh?r, Afghanistan",Intermediate (70–300 km),2020
2020-09-24 00:16:18.331000+00:00,36.5451,70.9353,174.34,4.3,mb,"36 km SSE of Jurm, Afghanistan",Intermediate (70–300 km),2020
2020-09-25 10:57:13.221000+00:00,34.2487,78.2058,10.0,5.3,mww,"58 km E of Leh, India",Shallow (<70 km),2020
2020-09-25 18:14:35.455000+00:00,34.0161,78.1669,10.0,3.8,mb,"56 km ESE of Leh, India",Shallow (<70 km),2020
2020-09-26 06:32:00.651000+00:00,34.7214,74.4055,10.0,4.6,mb,"40 km NNW of Bandipura, India",Shallow (<70 km),2020
2020-09-27 17:27:42.182000+00:00,34.1448,78.1519,10.0,5.0,mww,"52 km E of Leh, India",Shallow (<70 km),2020
2020-09-27 19:54:50.832000+00:00,36.2641,71.0706,109.92,4.7,mb,"62 km SW of Ashk?sham, Afghanistan",Intermediate (70–300 km),2020
2020-09-28 05:12:34.992000+00:00,33.229,75.8586,10.0,4.6,mb,"12 km SE of Kishtw?r, India",Shallow (<70 km),2020
2020-10-02 07:16:32.198000+00:00,36.5567,70.87,185.38,4.3,mb,"34 km S of Jurm, Afghanistan",Intermediate (70–300 km),2020
2020-10-02 17:52:58.624000+00:00,36.291,70.5295,154.0,3.8,mb,"67 km ESE of Farkh?r, Afghanistan",Intermediate (70–300 km),2020
2020-10-02 21:15:20.673000+00:00,36.4391,71.4174,105.28,4.2,mb,"29 km SSW of Ashk?sham, Afghanistan",Intermediate (70–300 km),2020
2020-10-03 15:36:17.754000+00:00,26.2024,91.3108,44.3,4.2,mb,"21 km WSW of H?jo, India",Shallow (<70 km),2020
2020-10-03 17:15:18.840000+00:00,36.4226,71.1322,110.24,4.5,mb,"46 km SW of Ashk?sham, Afghanistan",Intermediate (70–300 km),2020
2020-10-05 23:43:20.846000+00:00,34.1788,79.2141,10.0,5.0,mww,"150 km E of Leh, India",Shallow (<70 km),2020
2020-10-06 06:13:39.363000+00:00,34.0992,79.1272,10.0,4.7,mb,"142 km E of Leh, India",Shallow (<70 km),2020
2020-10-06 21:25:27.921000+00:00,36.8522,71.6121,110.79,4.1,mb,"14 km N of Ishqoshim, Tajikistan",Intermediate (70–300 km),2020
2020-10-06 22:02:54.378000+00:00,25.643,94.7776,61.51,4.6,mb,"27 km E of Phek, India",Shallow (<70 km),2020
2020-10-07 13:03:15.556000+00:00,30.0793,96.1336,10.0,4.2,mb,Eastern Xizang,Shallow (<70 km),2020
2020-10-07 16:18:08.290000+00:00,32.3518,80.5666,10.0,4.4,mb,"220 km NNE of Josh?math, India",Shallow (<70 km),2020
2020-10-08 03:52:10.644000+00:00,35.0808,75.4717,51.43,4.1,mb,"28 km SSW of Skardu, Pakistan",Shallow (<70 km),2020
2020-10-08 08:12:41.187000+00:00,36.7205,71.234,100.29,4.5,mb,"27 km W of Ashk?sham, Afghanistan",Intermediate (70–300 km),2020
2020-10-11 06:02:51.900000+00:00,30.2312,70.0859,10.0,4.2,mb,"57 km WNW of Dera Ghazi Khan, Pakistan",Shallow (<70 km),2020
2020-10-11 13:36:34.605000+00:00,36.1993,70.9932,112.42,4.5,mb,"72 km SW of Ashk?sham, Afghanistan",Intermediate (70–300 km),2020
2020-10-14 04:22:37.454000+00:00,36.4567,70.3689,206.62,4.2,mb,"47 km ESE of Farkh?r, Afghanistan",Intermediate (70–300 km),2020
2020-10-15 05:27:23.205000+00:00,36.2505,71.5527,117.23,4.1,mb,"48 km S of Ashk?sham, Afghanistan",Intermediate (70–300 km),2020
2020-10-16 10:10:53.197000+00:00,36.6548,71.2366,219.45,4.9,mww,"26 km W of Ashk?sham, Afghanistan",Intermediate (70–300 km),2020
2020-10-16 20:32:32.922000+00:00,33.3981,90.0814,10.0,4.2,mb,"282 km NW of Nagqu, China",Shallow (<70 km),2020
2020-10-17 01:16:35.942000+00:00,36.5082,70.9964,167.31,4.4,mb,"42 km SSE of Jurm, Afghanistan",Intermediate (70–300 km),2020
2020-10-20 19:55:49.959000+00:00,27.2257,96.1444,57.98,4.0,mb,"47 km E of Margherita, India",Shallow (<70 km),2020
2020-10-20 22:58:48.092000+00:00,36.4691,70.2653,214.09,4.3,mb,"38 km ESE of Farkh?r, Afghanistan",Intermediate (70–300 km),2020
2020-10-21 12:02:13.127000+00:00,36.1095,70.6688,104.03,4.5,mb,"79 km NNW of P?r?n, Afghanistan",Intermediate (70–300 km),2020
2020-10-21 13:12:37.754000+00:00,33.384,90.2627,10.0,4.8,mb,"270 km NW of Nagqu, China",Shallow (<70 km),2020
2020-10-23 06:24:26.911000+00:00,36.4685,71.2824,116.92,4.4,mb,"32 km SW of Ashk?sham, Afghanistan",Intermediate (70–300 km),2020
2020-10-24 05:41:51.677000+00:00,36.7325,71.2134,204.15,4.2,mb,"29 km W of Ashk?sham, Afghanistan",Intermediate (70–300 km),2020
2020-10-24 12:10:55.386000+00:00,35.2459,71.9924,68.28,4.4,mb,"11 km ENE of Upper Dir, Pakistan",Shallow (<70 km),2020
2020-10-25 22:44:42.501000+00:00,36.6053,71.772,94.34,4.4,mb,"19 km SE of Ishqoshim, Tajikistan",Intermediate (70–300 km),2020
2020-10-28 06:11:38.364000+00:00,36.4255,71.1747,120.19,4.3,mb,"43 km SW of Ashk?sham, Afghanistan",Intermediate (70–300 km),2020
2020-10-28 18:34:26.731000+00:00,29.4069,80.8988,10.0,4.2,mb,"16 km NNW of Dipayal, Nepal",Shallow (<70 km),2020
2020-10-30 15:51:35.624000+00:00,36.4625,71.1738,204.36,4.5,mb,"40 km SW of Ashk?sham, Afghanistan",Intermediate (70–300 km),2020
2020-10-31 16:59:40.590000+00:00,34.1948,78.1585,10.0,4.5,mb,"53 km E of Leh, India",Shallow (<70 km),2020
2020-10-31 18:43:10.118000+00:00,31.703,93.4001,10.0,4.2,mb,"129 km E of Nagqu, China",Shallow (<70 km),2020
2020-11-02 19:43:17.105000+00:00,25.7773,91.1728,10.0,4.5,mb,"30 km NNW of Nongstoin, India",Shallow (<70 km),2020
2020-11-03 01:24:55.682000+00:00,36.7666,71.4733,185.36,4.4,mb,"10 km NNW of Ashk?sham, Afghanistan",Intermediate (70–300 km),2020
2020-11-06 03:06:45.517000+00:00,25.1948,96.4551,10.0,4.3,mb,Myanmar,Shallow (<70 km),2020
2020-11-06 22:59:17.399000+00:00,33.5339,75.7388,10.0,4.6,mb,"24 km N of Kishtw?r, India",Shallow (<70 km),2020
2020-11-07 00:16:52.055000+00:00,36.4224,71.149,231.73,4.3,mb,"44 km SW of Ashk?sham, Afghanistan",Intermediate (70–300 km),2020
2020-11-08 09:12:23.801000+00:00,28.6287,96.3987,10.0,4.3,mb,"63 km NNW of Hayuliang, India",Shallow (<70 km),2020
2020-11-08 13:26:25.069000+00:00,33.4944,75.735,10.0,4.4,mb,eastern Kashmir,Shallow (<70 km),2020
2020-11-08 21:44:14.394000+00:00,27.7299,87.7713,10.0,4.1,mb,"68 km NE of Kh??db?ri??, Nepal",Shallow (<70 km),2020
2020-11-11 14:49:20.054000+00:00,36.444,71.2598,237.4,4.2,mb,"36 km SW of Ashk?sham, Afghanistan",Intermediate (70–300 km),2020
2020-11-12 02:06:11.667000+00:00,35.4779,70.9652,105.1,4.0,mb,"7 km NNE of P?r?n, Afghanistan",Intermediate (70–300 km),2020
2020-11-12 03:20:00.164000+00:00,36.4834,70.7722,215.53,4.3,mb,"42 km S of Jurm, Afghanistan",Intermediate (70–300 km),2020
2020-11-13 18:10:25.569000+00:00,36.6585,71.1473,213.73,4.4,mb,"34 km W of Ashk?sham, Afghanistan",Intermediate (70–300 km),2020
2020-11-21 02:16:08.248000+00:00,36.5321,70.7205,200.7,4.1,mb,"38 km SSW of Jurm, Afghanistan",Intermediate (70–300 km),2020
2020-11-21 15:34:52.529000+00:00,36.2821,70.7421,125.42,4.4,mb,"65 km S of Jurm, Afghanistan",Intermediate (70–300 km),2020
2020-11-21 21:49:21.520000+00:00,30.1884,88.1002,10.0,4.5,mb,"128 km NW of Rikaze, China",Shallow (<70 km),2020
2020-11-22 03:29:20.994000+00:00,26.2945,94.7728,60.63,4.3,mb,"5 km WNW of Tuensang, India",Shallow (<70 km),2020
2020-11-22 16:23:39.821000+00:00,36.0789,70.1693,142.1,4.2,mb,"61 km SSE of Farkh?r, Afghanistan",Intermediate (70–300 km),2020
2020-11-23 13:36:04.648000+00:00,27.5457,87.0358,27.68,4.5,mb,"25 km NW of Kh??db?ri??, Nepal",Shallow (<70 km),2020
2020-11-23 13:41:45.202000+00:00,28.5808,87.2271,10.0,4.4,mb,"80 km NNE of Lobujya, Nepal",Shallow (<70 km),2020
2020-11-24 04:15:53.068000+00:00,35.5509,91.3127,10.0,4.1,mb,"Southern Qinghai, China",Shallow (<70 km),2020
2020-11-26 01:15:32.643000+00:00,33.7398,88.5572,10.0,4.2,mb,western Xizang,Shallow (<70 km),2020
2020-11-26 10:01:46.813000+00:00,36.3619,71.3054,124.31,4.4,mb,"41 km SSW of Ashk?sham, Afghanistan",Intermediate (70–300 km),2020
2020-11-26 17:27:36.031000+00:00,36.533,71.2193,226.53,4.4,mb,"32 km WSW of Ashk?sham, Afghanistan",Intermediate (70–300 km),2020
2020-11-27 23:03:13.873000+00:00,36.2615,71.2146,156.81,3.8,mb,"54 km SSW of Ashk?sham, Afghanistan",Intermediate (70–300 km),2020
2020-11-27 23:37:50.417000+00:00,33.713,88.5012,10.0,4.4,mb,western Xizang,Shallow (<70 km),2020
2020-11-28 00:09:30.496000+00:00,36.6785,71.4603,172.71,4.1,mb,"6 km W of Ashk?sham, Afghanistan",Intermediate (70–300 km),2020
2020-11-30 12:32:37.685000+00:00,36.343,70.5662,179.58,4.0,mb,"62 km SSW of Jurm, Afghanistan",Intermediate (70–300 km),2020
2020-12-01 13:39:33.505000+00:00,25.0149,99.3985,10.0,4.5,mb,"103 km SW of Dali, China",Shallow (<70 km),2020
2020-12-01 15:44:15.348000+00:00,33.7022,88.4267,10.0,4.0,mb,western Xizang,Shallow (<70 km),2020
2020-12-03 08:09:34.952000+00:00,36.5666,74.1378,58.65,4.4,mb,northwestern Kashmir,Shallow (<70 km),2020
2020-12-09 21:57:34.387000+00:00,33.866,74.9266,10.0,4.2,mb,"2 km ESE of Pulwama, India",Shallow (<70 km),2020
2020-12-10 16:56:47.765000+00:00,26.1291,90.5453,10.0,4.3,mb,"9 km WSW of Go?lp?ra, India",Shallow (<70 km),2020
2020-12-16 12:57:18.539000+00:00,36.9414,73.0583,57.91,4.3,mb,"65 km E of Khand?d, Afghanistan",Shallow (<70 km),2020
2020-12-16 13:56:31.088000+00:00,36.8775,73.284,10.0,4.3,mb,"86 km E of Khand?d, Afghanistan",Shallow (<70 km),2020
2020-12-17 18:16:48.782000+00:00,28.5188,77.2852,10.0,3.8,mb,"5 km ENE of Deoli, India",Shallow (<70 km),2020
2020-12-18 03:53:41.667000+00:00,36.5468,71.0112,194.51,4.2,mb,"38 km SSE of Jurm, Afghanistan",Intermediate (70–300 km),2020
2020-12-20 00:39:54.292000+00:00,36.6227,71.0771,205.93,4.2,mb,"34 km SE of Jurm, Afghanistan",Intermediate (70–300 km),2020
2020-12-23 11:06:53.791000+00:00,27.4003,97.0395,49.94,4.2,mb,"89 km SSE of Hayuliang, India",Shallow (<70 km),2020
2020-12-23 23:51:50.208000+00:00,34.0702,98.2416,10.0,4.2,mb,"Southern Qinghai, China",Shallow (<70 km),2020
2020-12-24 08:09:48.075000+00:00,25.6397,96.6534,10.0,4.8,mb,"64 km SSW of Sarupathar, India",Shallow (<70 km),2020
2020-12-24 12:47:17.072000+00:00,25.6158,96.657,10.0,4.3,mb,"67 km SSW of Sarupathar, India",Shallow (<70 km),2020
2020-12-24 15:13:50.935000+00:00,25.4629,96.6657,10.0,4.4,mb,"74 km W of Myitkyina, Myanmar",Shallow (<70 km),2020
2020-12-26 21:48:15.074000+00:00,27.3034,96.9396,10.0,4.5,mb,"93 km SSE of Hayuliang, India",Shallow (<70 km),2020
2020-12-27 12:32:47.199000+00:00,36.4783,70.375,211.84,4.3,mb,"47 km ESE of Farkh?r, Afghanistan",Intermediate (70–300 km),2020
2020-12-27 14:29:31.526000+00:00,34.6475,73.1544,10.0,4.2,mb,"12 km ESE of Battagram, Pakistan",Shallow (<70 km),2020
2020-12-29 16:13:54.901000+00:00,36.1283,71.1257,98.52,4.0,mb,"71 km SSW of Ashk?sham, Afghanistan",Intermediate (70–300 km),2020
2020-12-30 05:33:43.546000+00:00,34.741,72.9466,10.0,5.0,mb,"7 km NNW of Shingli Bala, Pakistan",Shallow (<70 km),2020
2021-01-09 14:51:50.407000+00:00,32.521,76.6552,22.64,4.5,mb,"35 km W of Kyelang, India",Shallow (<70 km),2021
2021-01-10 15:14:42.573000+00:00,36.5003,70.8826,178.51,4.5,mb,"40 km S of Jurm, Afghanistan",Intermediate (70–300 km),2021
2021-01-10 21:01:36.536000+00:00,36.4949,70.311,202.88,4.2,mb,"41 km ESE of Farkh?r, Afghanistan",Intermediate (70–300 km),2021
2021-01-11 13:59:12.570000+00:00,33.4274,75.7158,10.0,4.1,mb,"13 km NNW of Kishtw?r, India",Shallow (<70 km),2021
2021-01-11 13:59:49.235000+00:00,28.028,87.7888,35.0,4.1,mb,"92 km NE of Kh??db?ri??, Nepal",Shallow (<70 km),2021
2021-01-11 14:02:03.048000+00:00,33.3042,75.5872,10.0,5.1,mb,"16 km W of Kishtw?r, India",Shallow (<70 km),2021
2021-01-12 04:47:17.405000+00:00,36.5795,71.0029,208.23,4.4,mb,"35 km SSE of Jurm, Afghanistan",Intermediate (70–300 km),2021
2021-01-16 20:02:46.900000+00:00,36.4494,70.6979,204.0,5.5,mww,"47 km SSW of Jurm, Afghanistan",Intermediate (70–300 km),2021
2021-01-17 06:59:48.217000+00:00,26.0588,96.3433,10.0,4.3,mb,"49 km WSW of Sarupathar, India",Shallow (<70 km),2021
2021-01-19 11:02:40.469000+00:00,36.3995,70.8393,136.77,4.2,mb,"51 km S of Jurm, Afghanistan",Intermediate (70–300 km),2021
2021-01-21 15:32:10.081000+00:00,36.5019,70.6831,199.15,4.4,mb,"42 km SSW of Jurm, Afghanistan",Intermediate (70–300 km),2021
2021-01-24 11:54:14.391000+00:00,36.4718,71.3102,97.56,4.4,mb,"30 km SW of Ashk?sham, Afghanistan",Intermediate (70–300 km),2021
2021-01-27 18:56:21.382000+00:00,26.293,95.7822,80.92,4.2,mb,"83 km SSE of Khonsa, India",Intermediate (70–300 km),2021
2021-02-02 01:16:44.701000+00:00,36.4819,71.4502,94.49,4.2,mb,"23 km SSW of Ashk?sham, Afghanistan",Intermediate (70–300 km),2021
2021-02-02 02:31:13.845000+00:00,28.8225,87.362,8.7,5.0,mww,"110 km NNE of Lobujya, Nepal",Shallow (<70 km),2021
2021-02-02 03:45:51.153000+00:00,36.6672,71.1138,253.75,4.2,mb,"33 km SE of Jurm, Afghanistan",Intermediate (70–300 km),2021
2021-02-02 06:44:14.399000+00:00,36.4604,70.8866,123.1,4.3,mb,"45 km S of Jurm, Afghanistan",Intermediate (70–300 km),2021
2021-02-02 16:14:13.363000+00:00,28.8039,84.0135,29.41,4.5,mb,"52 km NE of Chitre, Nepal",Shallow (<70 km),2021
2021-02-02 17:34:06.344000+00:00,35.9392,75.937,23.36,4.0,mb,"76 km NNE of Skardu, Pakistan",Shallow (<70 km),2021
2021-02-03 13:18:54.354000+00:00,36.3364,70.4753,170.03,4.3,mb,"61 km ESE of Farkh?r, Afghanistan",Intermediate (70–300 km),2021
2021-02-03 14:29:49.946000+00:00,34.26,78.2819,10.0,4.5,mb,"65 km E of Leh, India",Shallow (<70 km),2021
2021-02-03 19:30:26.126000+00:00,36.4495,70.4477,199.41,4.0,mb,"54 km ESE of Farkh?r, Afghanistan",Intermediate (70–300 km),2021
2021-02-04 05:06:23.654000+00:00,28.7463,87.3785,10.0,5.1,mb,"104 km NNE of Lobujya, Nepal",Shallow (<70 km),2021
2021-02-04 17:02:04.030000+00:00,36.7848,76.829,93.66,4.5,mb,"181 km WSW of Zangguy, China",Intermediate (70–300 km),2021
2021-02-09 01:50:07.207000+00:00,28.0331,87.8568,35.0,4.3,mb,"87 km NW of Mangan, India",Shallow (<70 km),2021
2021-02-10 14:32:28.774000+00:00,36.4815,71.24,252.23,4.1,mb,"34 km SW of Ashk?sham, Afghanistan",Intermediate (70–300 km),2021
2021-02-10 14:43:43.254000+00:00,27.0534,89.5665,10.0,3.7,mb,"5 km SSE of Tsimasham, Bhutan",Shallow (<70 km),2021
2021-02-10 19:03:22.466000+00:00,36.3324,71.0446,121.31,4.1,mb,"58 km SW of Ashk?sham, Afghanistan",Intermediate (70–300 km),2021
2021-02-17 12:24:46.809000+00:00,26.7322,92.5712,18.67,4.6,mb,"9 km ENE of Dhekiajuli, India",Shallow (<70 km),2021
2021-02-17 17:32:34.782000+00:00,36.6766,70.7208,240.99,4.1,mb,"23 km SSW of Jurm, Afghanistan",Intermediate (70–300 km),2021
2021-02-23 21:45:16.829000+00:00,36.9713,75.4511,10.0,4.4,mb,"98 km NE of Barishal, Pakistan",Shallow (<70 km),2021
2021-02-25 08:36:40.357000+00:00,36.6717,71.4686,173.55,4.2,mb,"5 km WSW of Ashk?sham, Afghanistan",Intermediate (70–300 km),2021
2021-02-26 21:35:19.754000+00:00,36.4173,71.46,117.88,4.1,mb,"30 km SSW of Ashk?sham, Afghanistan",Intermediate (70–300 km),2021
2021-02-27 20:03:45.862000+00:00,28.8397,86.469,15.43,4.1,mb,"104 km NNW of Lobujya, Nepal",Shallow (<70 km),2021
2021-03-02 11:03:30.764000+00:00,36.1232,71.3559,90.64,4.3,mb,"64 km SSW of Ashk?sham, Afghanistan",Intermediate (70–300 km),2021
2021-03-02 15:20:45.260000+00:00,36.6831,71.1596,210.93,4.0,mb,"33 km W of Ashk?sham, Afghanistan",Intermediate (70–300 km),2021
2021-03-04 17:57:31.975000+00:00,34.1448,80.3638,10.0,4.7,mb,"256 km E of Leh, India",Shallow (<70 km),2021
2021-03-06 20:26:42.574000+00:00,36.4149,71.1581,235.7,4.1,mb,"44 km SW of Ashk?sham, Afghanistan",Intermediate (70–300 km),2021
2021-03-07 12:29:52.511000+00:00,36.5574,71.5065,134.37,4.0,mb,"14 km S of Ashk?sham, Afghanistan",Intermediate (70–300 km),2021
2021-03-09 01:52:04.330000+00:00,36.2447,71.4029,101.53,4.2,mb,"50 km SSW of Ashk?sham, Afghanistan",Intermediate (70–300 km),2021
2021-03-09 11:15:01.099000+00:00,25.3809,95.0793,89.49,4.6,mb,"66 km ESE of Phek, India",Intermediate (70–300 km),2021
2021-03-09 21:06:48.613000+00:00,36.4189,70.6937,211.82,4.7,mb,"51 km SSW of Jurm, Afghanistan",Intermediate (70–300 km),2021
2021-03-10 23:19:30.244000+00:00,36.4818,70.927,144.15,4.2,mb,"43 km S of Jurm, Afghanistan",Intermediate (70–300 km),2021
2021-03-16 13:16:08.835000+00:00,30.1485,86.3698,10.0,4.6,mb,"143 km NE of Saga, China",Shallow (<70 km),2021
2021-03-19 06:11:27.113000+00:00,31.9246,92.9151,8.0,5.7,mww,"95 km ENE of Nagqu, China",Shallow (<70 km),2021
2021-03-19 18:04:10.720000+00:00,31.9252,93.017,10.0,4.3,mb,"103 km ENE of Nagqu, China",Shallow (<70 km),2021
2021-03-20 07:43:06.792000+00:00,36.9722,71.3458,95.88,4.5,mb,"36 km NNW of Ashk?sham, Afghanistan",Intermediate (70–300 km),2021
2021-03-20 15:30:22.366000+00:00,34.7094,83.4724,15.11,5.2,mb,western Xizang,Shallow (<70 km),2021
2021-03-21 12:22:37.682000+00:00,26.6195,92.5148,10.0,4.2,mb,"10 km SSE of Dhekiajuli, India",Shallow (<70 km),2021
2021-03-21 14:18:03.406000+00:00,36.4722,71.2033,122.81,4.6,mb,"37 km SW of Ashk?sham, Afghanistan",Intermediate (70–300 km),2021
2021-03-22 14:51:51.354000+00:00,31.5079,84.831,10.0,4.5,mb,"245 km N of Saga, China",Shallow (<70 km),2021
2021-03-22 15:40:44.570000+00:00,28.2935,93.7808,10.0,4.6,mb,"63 km WSW of Shi Yomi, India",Shallow (<70 km),2021
2021-03-22 17:23:35.795000+00:00,31.9664,92.9084,10.0,5.0,mb,"97 km ENE of Nagqu, China",Shallow (<70 km),2021
2021-03-23 19:36:10.206000+00:00,36.721,71.5277,168.05,4.2,mb,Afghanistan-Tajikistan-Pakistan region,Intermediate (70–300 km),2021
2021-03-26 00:18:33.215000+00:00,35.4265,91.1933,10.0,4.3,mb,"Southern Qinghai, China",Shallow (<70 km),2021
2021-03-26 10:37:17.546000+00:00,36.5762,70.8919,199.0,4.2,mb,"32 km S of Jurm, Afghanistan",Intermediate (70–300 km),2021
2021-03-26 19:00:43.837000+00:00,36.3655,70.6382,131.32,4.0,mb,"58 km SSW of Jurm, Afghanistan",Intermediate (70–300 km),2021
2021-03-26 19:02:07.885000+00:00,27.6289,92.6692,29.81,5.0,mww,"47 km NNE of Bomdila, India",Shallow (<70 km),2021
2021-03-27 17:24:15.166000+00:00,35.5062,89.4991,51.67,4.5,mb,western Xizang,Shallow (<70 km),2021
2021-03-29 17:27:23.269000+00:00,34.3549,87.6921,8.0,5.5,mww,western Xizang,Shallow (<70 km),2021
2021-03-31 12:24:14.987000+00:00,36.5397,70.8651,188.36,4.1,mb,"36 km S of Jurm, Afghanistan",Intermediate (70–300 km),2021
2021-04-01 16:51:09.258000+00:00,36.7131,70.9939,221.65,4.2,mb,"22 km SE of Jurm, Afghanistan",Intermediate (70–300 km),2021
2021-04-02 07:55:53.605000+00:00,35.6454,89.3989,10.0,4.7,mb,western Xizang,Shallow (<70 km),2021
2021-04-02 08:58:38.418000+00:00,34.4826,87.6043,10.0,4.3,mb,western Xizang,Shallow (<70 km),2021
2021-04-04 20:09:52.991000+00:00,36.7677,75.7308,74.65,4.2,mb,"105 km ENE of Barishal, Pakistan",Intermediate (70–300 km),2021
2021-04-05 15:19:57.976000+00:00,27.1863,88.9412,10.0,5.2,mb,"35 km NNW of Samtse, Bhutan",Shallow (<70 km),2021
2021-04-06 01:36:55.618000+00:00,26.8176,88.7828,10.0,3.9,mb,"15 km E of Odl?b?ri, India",Shallow (<70 km),2021
2021-04-06 21:48:35.301000+00:00,31.8686,92.9137,10.0,5.0,mww,"92 km ENE of Nagqu, China",Shallow (<70 km),2021
2021-04-06 21:55:47.956000+00:00,31.9628,92.9564,10.0,4.7,mb,"100 km ENE of Nagqu, China",Shallow (<70 km),2021
2021-04-06 22:00:59.617000+00:00,31.9489,93.059,10.0,4.3,mb,"108 km ENE of Nagqu, China",Shallow (<70 km),2021
2021-04-10 18:21:48.309000+00:00,31.6849,90.6416,10.0,4.7,mb,Eastern Xizang,Shallow (<70 km),2021
2021-04-13 05:42:49.761000+00:00,36.4947,70.8628,183.7,4.6,mb,"41 km S of Jurm, Afghanistan",Intermediate (70–300 km),2021
2021-04-13 10:44:23.754000+00:00,30.3274,70.5179,10.0,4.2,mb,"33 km NNW of Dera Ghazi Khan, Pakistan",Shallow (<70 km),2021
2021-04-13 23:41:17.827000+00:00,34.5245,70.126,38.74,4.1,mb,"18 km SSW of Mehtar L?m, Afghanistan",Shallow (<70 km),2021
2021-04-14 07:24:48.118000+00:00,36.5179,70.837,195.98,4.1,mb,"38 km S of Jurm, Afghanistan",Intermediate (70–300 km),2021
2021-04-14 09:44:38.095000+00:00,36.3109,70.5082,144.24,4.3,mb,"65 km ESE of Farkh?r, Afghanistan",Intermediate (70–300 km),2021
2021-04-15 22:26:24.010000+00:00,32.4789,78.7499,10.0,4.6,mb,"140 km NE of Sar?han, India",Shallow (<70 km),2021
2021-04-19 12:56:02.323000+00:00,36.4941,71.329,218.31,4.4,mb,"27 km SW of Ashk?sham, Afghanistan",Intermediate (70–300 km),2021
2021-04-20 21:26:43.876000+00:00,30.6109,99.7028,10.0,4.2,mb,"227 km WNW of Kangding, China",Shallow (<70 km),2021
2021-04-21 13:28:26.409000+00:00,30.0036,89.7629,10.0,4.7,mb,"92 km W of Dêqên, China",Shallow (<70 km),2021
2021-04-22 03:08:52.099000+00:00,30.3858,87.1751,10.0,4.1,mb,"207 km NW of Rikaze, China",Shallow (<70 km),2021
2021-04-22 21:07:39.299000+00:00,36.44,70.7896,203.27,4.1,mb,"47 km S of Jurm, Afghanistan",Intermediate (70–300 km),2021
2021-04-23 07:50:34.321000+00:00,36.5522,70.9212,194.6,4.4,mb,"35 km SSE of Jurm, Afghanistan",Intermediate (70–300 km),2021
2021-04-27 11:43:16.922000+00:00,35.5232,89.5874,10.0,4.6,mb,western Xizang,Shallow (<70 km),2021
2021-04-28 02:21:26.212000+00:00,26.7813,92.4565,34.0,6.0,mww,"8 km NNW of Dhekiajuli, India",Shallow (<70 km),2021
2021-04-28 02:33:01.489000+00:00,26.7489,92.5136,35.0,5.0,mb,"6 km NE of Dhekiajuli, India",Shallow (<70 km),2021
2021-04-28 02:43:20.811000+00:00,26.8262,92.5371,35.0,4.4,mb,"13 km W of Rang?p?ra, India",Shallow (<70 km),2021
2021-04-28 10:33:27.953000+00:00,26.7662,92.5133,35.0,4.2,mb,"7 km NNE of Dhekiajuli, India",Shallow (<70 km),2021
2021-04-28 19:50:53.770000+00:00,26.7477,92.4849,38.21,4.8,mb,"4 km N of Dhekiajuli, India",Shallow (<70 km),2021
2021-04-29 05:57:44.026000+00:00,36.2283,71.089,102.29,4.1,mb,"64 km SW of Ashk?sham, Afghanistan",Intermediate (70–300 km),2021
2021-04-29 20:06:02.744000+00:00,36.61,70.9548,72.99,4.7,mb,"30 km SSE of Jurm, Afghanistan",Intermediate (70–300 km),2021
2021-05-03 10:41:09.136000+00:00,25.8803,96.7988,55.36,4.2,mb,"36 km S of Sarupathar, India",Shallow (<70 km),2021
2021-05-03 11:42:39.847000+00:00,36.696,94.1354,10.0,4.6,mb,"northern Qinghai, China",Shallow (<70 km),2021
2021-05-04 11:28:33.106000+00:00,36.4422,70.9143,143.16,4.0,mb,"47 km S of Jurm, Afghanistan",Intermediate (70–300 km),2021
2021-05-05 13:52:12.421000+00:00,26.7384,92.0993,47.0,4.0,mb,"1 km S of Udalguri, India",Shallow (<70 km),2021
2021-05-06 05:00:15.741000+00:00,26.5945,92.4813,48.29,4.2,mb,"12 km S of Dhekiajuli, India",Shallow (<70 km),2021
2021-05-07 08:16:41.007000+00:00,36.5596,70.9579,188.16,4.1,mb,"35 km SSE of Jurm, Afghanistan",Intermediate (70–300 km),2021
2021-05-07 11:21:16.940000+00:00,36.6988,71.0116,222.0,4.1,mb,"24 km SE of Jurm, Afghanistan",Intermediate (70–300 km),2021
2021-05-09 18:41:23.049000+00:00,26.774,92.4738,10.0,3.8,mb,"7 km N of Dhekiajuli, India",Shallow (<70 km),2021
2021-05-10 08:04:24.462000+00:00,36.4912,71.1117,126.19,4.3,mb,"43 km WSW of Ashk?sham, Afghanistan",Intermediate (70–300 km),2021
2021-05-14 23:39:52.005000+00:00,26.418,95.5047,85.91,4.2,mb,"56 km SE of Mon, India",Intermediate (70–300 km),2021
2021-05-15 03:03:56.663000+00:00,26.753,92.4736,43.8,4.4,mb,"5 km N of Dhekiajuli, India",Shallow (<70 km),2021
2021-05-17 04:11:52.943000+00:00,36.255,71.1316,100.48,4.1,mb,"59 km SW of Ashk?sham, Afghanistan",Intermediate (70–300 km),2021
2021-05-17 04:37:25.741000+00:00,31.9601,92.926,10.0,4.3,mb,Eastern Xizang,Shallow (<70 km),2021
2021-05-18 12:03:01.251000+00:00,26.6713,92.4258,49.81,4.4,mb,"6 km SW of Dhekiajuli, India",Shallow (<70 km),2021
2021-05-18 12:56:54.330000+00:00,26.4878,99.9121,10.0,4.3,mb,"52 km SW of Lijiang, China",Shallow (<70 km),2021
2021-05-18 13:39:43.954000+00:00,26.1305,99.4459,10.0,4.3,mb,"97 km NW of Dali, China",Shallow (<70 km),2021
2021-05-18 23:57:58.646000+00:00,28.2785,84.3373,10.0,5.3,mb,"36 km E of Pokhara, Nepal",Shallow (<70 km),2021
2021-05-19 02:41:38.847000+00:00,28.3088,84.3042,10.0,4.9,mb,"33 km E of Pokhara, Nepal",Shallow (<70 km),2021
2021-05-19 12:05:59.072000+00:00,25.5864,99.9677,10.0,4.6,mb,"24 km W of Dali, China",Shallow (<70 km),2021
2021-05-19 16:54:29.784000+00:00,28.2544,84.3876,10.0,4.5,mb,"41 km E of Pokhara, Nepal",Shallow (<70 km),2021
2021-05-21 12:56:05.004000+00:00,25.6579,99.9889,10.0,4.6,mb,"23 km WNW of Dali, China",Shallow (<70 km),2021
2021-05-21 13:21:59.864000+00:00,25.5476,99.9993,10.0,5.1,mb,"21 km W of Dali, China",Shallow (<70 km),2021
2021-05-21 14:31:12.001000+00:00,25.6815,99.9907,10.0,5.1,mww,"24 km WNW of Dali, China",Shallow (<70 km),2021
2021-05-21 18:04:13.565000+00:00,34.5983,98.2513,10.0,7.3,mww,"Southern Qinghai, China",Shallow (<70 km),2021
2021-05-21 18:10:41.791000+00:00,34.5751,98.2954,10.0,5.2,mb,"Southern Qinghai, China",Shallow (<70 km),2021
2021-05-21 18:12:15.048000+00:00,34.617,98.4674,10.0,5.5,mb,"Southern Qinghai, China",Shallow (<70 km),2021
2021-05-21 18:13:01.128000+00:00,34.4808,99.0805,10.0,5.5,mb,"189 km W of Oula Xiuma, China",Shallow (<70 km),2021
2021-05-21 18:15:10.026000+00:00,34.5192,99.048,10.0,4.9,mb,"Southern Qinghai, China",Shallow (<70 km),2021
2021-05-21 18:22:21.344000+00:00,34.3861,98.7477,10.0,4.6,mb,"Southern Qinghai, China",Shallow (<70 km),2021
2021-05-21 18:22:54.493000+00:00,34.6021,99.0034,10.0,4.3,mb,"Southern Qinghai, China",Shallow (<70 km),2021
2021-05-21 18:25:05.472000+00:00,34.4608,99.104,10.0,4.7,mb,"Southern Qinghai, China",Shallow (<70 km),2021
2021-05-21 18:28:45.508000+00:00,25.6714,99.978,10.0,4.9,mb,"25 km WNW of Dali, China",Shallow (<70 km),2021
2021-05-21 18:30:32.162000+00:00,34.6132,99.0816,10.0,4.5,mb,"Southern Qinghai, China",Shallow (<70 km),2021
2021-05-21 18:36:02.239000+00:00,34.611,98.4539,10.0,4.6,mb,"Southern Qinghai, China",Shallow (<70 km),2021
2021-05-21 18:38:32.076000+00:00,34.5948,98.4408,10.0,4.2,mb,"Southern Qinghai, China",Shallow (<70 km),2021
2021-05-21 18:43:30.522000+00:00,34.6893,99.1086,10.0,4.2,mb,"Southern Qinghai, China",Shallow (<70 km),2021
2021-05-21 18:50:59.841000+00:00,34.6594,98.903,10.0,4.4,mb,"Southern Qinghai, China",Shallow (<70 km),2021
2021-05-21 18:55:26.865000+00:00,34.5951,98.6124,10.0,4.1,mb,"Southern Qinghai, China",Shallow (<70 km),2021
2021-05-21 19:03:08.243000+00:00,34.4065,99.058,10.0,4.9,mb,"Southern Qinghai, China",Shallow (<70 km),2021
2021-05-21 19:09:18.399000+00:00,34.8004,97.8033,10.0,4.5,mb,"Southern Qinghai, China",Shallow (<70 km),2021
2021-05-21 19:49:14.886000+00:00,34.6655,97.7166,10.0,4.6,mb,"Southern Qinghai, China",Shallow (<70 km),2021
2021-05-21 20:04:30.970000+00:00,34.5177,98.5886,10.0,4.5,mb,"Southern Qinghai, China",Shallow (<70 km),2021
2021-05-21 20:10:59.176000+00:00,25.7154,99.9773,10.0,4.1,mb,"27 km WNW of Dali, China",Shallow (<70 km),2021
2021-05-21 21:09:12.279000+00:00,34.4304,99.2279,10.0,4.0,mb,"Southern Qinghai, China",Shallow (<70 km),2021
2021-05-21 21:14:02.022000+00:00,34.7527,97.8683,10.0,4.0,mb,"Southern Qinghai, China",Shallow (<70 km),2021
2021-05-21 21:59:36.844000+00:00,34.5901,98.3686,10.0,4.6,mb,"Southern Qinghai, China",Shallow (<70 km),2021
2021-05-21 23:32:06.812000+00:00,34.6674,98.0153,10.0,4.1,mb,"Southern Qinghai, China",Shallow (<70 km),2021
2021-05-22 01:48:03.901000+00:00,25.7146,99.9459,10.0,4.4,mb,"30 km WNW of Dali, China",Shallow (<70 km),2021
2021-05-22 02:29:37.091000+00:00,34.9495,97.4695,10.0,5.1,mb,"Southern Qinghai, China",Shallow (<70 km),2021
2021-05-22 02:38:45.872000+00:00,34.5476,98.9375,10.0,5.1,mb,"Southern Qinghai, China",Shallow (<70 km),2021
2021-05-22 03:16:13.062000+00:00,34.7046,97.8634,10.0,4.5,mb,"Southern Qinghai, China",Shallow (<70 km),2021
2021-05-22 03:21:18.525000+00:00,34.7474,98.0852,10.0,5.2,mb,"Southern Qinghai, China",Shallow (<70 km),2021
2021-05-22 04:03:38.047000+00:00,35.7563,99.0616,10.0,4.2,mb,"260 km WSW of Xining, China",Shallow (<70 km),2021
2021-05-22 07:06:23.721000+00:00,34.5353,98.8874,10.0,4.9,mb,"Southern Qinghai, China",Shallow (<70 km),2021
2021-05-22 07:29:38.296000+00:00,34.6345,98.8063,10.0,4.0,mb,"Southern Qinghai, China",Shallow (<70 km),2021
2021-05-22 09:20:25.918000+00:00,34.8584,97.7378,10.0,4.2,mb,"Southern Qinghai, China",Shallow (<70 km),2021
2021-05-22 09:39:36.651000+00:00,34.7559,97.5197,10.0,4.3,mb,"Southern Qinghai, China",Shallow (<70 km),2021
2021-05-22 09:42:49.365000+00:00,34.6218,98.4116,10.0,4.3,mb,"Southern Qinghai, China",Shallow (<70 km),2021
2021-05-22 18:19:39.808000+00:00,34.558,98.4494,10.0,4.4,mb,"Southern Qinghai, China",Shallow (<70 km),2021
2021-05-23 03:46:56.356000+00:00,34.6109,98.9669,10.0,4.1,mb,"Southern Qinghai, China",Shallow (<70 km),2021
2021-05-23 07:24:32.777000+00:00,34.4011,99.0711,10.0,4.2,mb,"Southern Qinghai, China",Shallow (<70 km),2021
2021-05-23 19:01:39.963000+00:00,30.8764,79.2707,10.0,4.5,mb,"45 km NW of Josh?math, India",Shallow (<70 km),2021
2021-05-24 07:06:16.306000+00:00,34.4747,98.3038,10.0,4.2,mb,"Southern Qinghai, China",Shallow (<70 km),2021
2021-05-24 08:31:30.046000+00:00,34.823,97.4879,10.0,4.4,mb,"Southern Qinghai, China",Shallow (<70 km),2021
2021-05-24 14:15:21.400000+00:00,34.5444,98.8106,10.0,4.7,mb,"Southern Qinghai, China",Shallow (<70 km),2021
2021-05-24 23:00:22.210000+00:00,34.7361,97.9925,10.0,4.6,mb,"Southern Qinghai, China",Shallow (<70 km),2021
2021-05-25 04:46:26.105000+00:00,34.7832,97.6507,10.0,4.3,mb,"Southern Qinghai, China",Shallow (<70 km),2021
2021-05-25 20:46:06.127000+00:00,28.9684,86.3755,10.0,4.5,mb,"118 km ESE of Saga, China",Shallow (<70 km),2021
2021-05-26 05:54:13.093000+00:00,34.65,98.3261,10.0,4.0,mb,"Southern Qinghai, China",Shallow (<70 km),2021
2021-05-27 11:52:54.985000+00:00,26.2866,99.5437,10.0,4.2,mb,"93 km SW of Lijiang, China",Shallow (<70 km),2021
2021-05-27 13:06:07.675000+00:00,34.4724,99.1057,10.0,5.1,mww,"Southern Qinghai, China",Shallow (<70 km),2021
2021-05-28 00:51:27.010000+00:00,31.9486,95.0989,13.72,4.4,mb,"217 km WNW of Qamdo, China",Shallow (<70 km),2021
2021-05-28 07:24:16.071000+00:00,36.5239,70.1352,209.8,5.0,mb,"25 km ESE of Farkh?r, Afghanistan",Intermediate (70–300 km),2021
2021-05-30 04:50:09.844000+00:00,34.6242,98.1957,10.0,5.1,mb,"Southern Qinghai, China",Shallow (<70 km),2021
2021-05-30 06:55:15.727000+00:00,34.5921,98.3313,10.0,5.0,mww,"Southern Qinghai, China",Shallow (<70 km),2021
2021-05-30 08:53:07.964000+00:00,26.6343,92.326,52.85,4.4,mb,"16 km WSW of Dhekiajuli, India",Shallow (<70 km),2021
2021-05-31 00:12:12.660000+00:00,34.4973,98.5965,12.39,4.5,mb,"Southern Qinghai, China",Shallow (<70 km),2021
2021-05-31 04:20:49.211000+00:00,26.7632,92.3186,34.13,4.2,mb,"17 km WNW of Dhekiajuli, India",Shallow (<70 km),2021
2021-06-01 10:35:29.216000+00:00,36.6997,71.4554,181.48,4.1,mb,"7 km WNW of Ashk?sham, Afghanistan",Intermediate (70–300 km),2021
2021-06-03 05:55:18.480000+00:00,34.6927,97.8048,10.0,5.0,mww,"Southern Qinghai, China",Shallow (<70 km),2021
2021-06-06 07:31:39.873000+00:00,34.269,98.3018,10.0,4.2,mb,"Southern Qinghai, China",Shallow (<70 km),2021
2021-06-08 13:26:41.870000+00:00,34.3128,81.7049,10.0,4.3,mb,western Xizang,Shallow (<70 km),2021
2021-06-08 19:28:39.196000+00:00,36.248,70.8875,104.52,4.1,mb,"68 km S of Jurm, Afghanistan",Intermediate (70–300 km),2021
2021-06-10 06:42:12.687000+00:00,36.5607,70.946,209.63,4.0,mb,"35 km SSE of Jurm, Afghanistan",Intermediate (70–300 km),2021
2021-06-12 01:44:42.946000+00:00,36.5303,70.7326,227.04,4.3,mb,"38 km SSW of Jurm, Afghanistan",Intermediate (70–300 km),2021
2021-06-12 12:48:22.213000+00:00,34.9007,97.4775,10.0,4.1,mb,"Southern Qinghai, China",Shallow (<70 km),2021
2021-06-13 07:28:08.559000+00:00,36.4239,71.4384,98.93,4.3,mb,"30 km SSW of Ashk?sham, Afghanistan",Intermediate (70–300 km),2021
2021-06-14 16:40:40.428000+00:00,36.1591,70.5849,88.01,4.0,mb,"79 km SE of Farkh?r, Afghanistan",Intermediate (70–300 km),2021
2021-06-15 04:00:16.700000+00:00,34.787,97.3911,15.28,4.4,mb,"Southern Qinghai, China",Shallow (<70 km),2021
2021-06-15 14:46:08.092000+00:00,26.6187,97.0854,36.12,4.8,mb,"53 km NNE of Sarupathar, India",Shallow (<70 km),2021
2021-06-15 21:52:16.471000+00:00,34.5637,70.3727,34.73,4.4,mb,"16 km NNW of Jal?l?b?d, Afghanistan",Shallow (<70 km),2021
2021-06-17 14:19:36.145000+00:00,34.7242,73.2047,10.0,5.0,mb,"17 km ENE of Battagram, Pakistan",Shallow (<70 km),2021
2021-06-17 20:34:41.304000+00:00,26.6776,92.3948,43.65,4.5,mb,"8 km WSW of Dhekiajuli, India",Shallow (<70 km),2021
2021-06-18 19:37:32.258000+00:00,26.7357,92.4583,42.09,4.5,mb,"4 km NNW of Dhekiajuli, India",Shallow (<70 km),2021
2021-06-21 10:06:50.953000+00:00,29.2822,87.124,10.0,4.3,mb,"150 km NNE of Lobujya, Nepal",Shallow (<70 km),2021
2021-06-22 01:36:39.712000+00:00,35.1357,97.6714,10.0,4.3,mb,"Southern Qinghai, China",Shallow (<70 km),2021
2021-06-22 16:44:36.534000+00:00,28.0137,92.2097,65.76,4.6,mb,"56 km NNE of Tawang, India",Shallow (<70 km),2021
2021-06-23 01:09:13.906000+00:00,33.5317,71.5687,33.21,4.7,mb,"12 km ESE of Kohat, Pakistan",Shallow (<70 km),2021
2021-06-24 04:58:58.588000+00:00,35.93,70.963,91.24,4.4,mb,"56 km N of P?r?n, Afghanistan",Intermediate (70–300 km),2021
2021-06-25 01:11:18.543000+00:00,36.573,70.9718,207.4,4.1,mb,"34 km SSE of Jurm, Afghanistan",Intermediate (70–300 km),2021
2021-06-27 09:07:22.760000+00:00,36.2779,71.1488,98.61,4.1,mb,"56 km SW of Ashk?sham, Afghanistan",Intermediate (70–300 km),2021
2021-06-28 00:40:35.259000+00:00,34.2781,78.2208,10.0,4.8,mb,"60 km ENE of Leh, India",Shallow (<70 km),2021
2021-06-29 19:24:35.052000+00:00,34.6873,77.9908,10.0,3.7,mb,"68 km NNE of Leh, India",Shallow (<70 km),2021
2021-07-04 16:57:10.269000+00:00,26.608,96.5397,10.0,4.6,mb,"52 km NNW of Sarupathar, India",Shallow (<70 km),2021
2021-07-04 21:48:30.521000+00:00,32.9708,98.8816,15.01,4.0,mb,"259 km NE of Qamdo, China",Shallow (<70 km),2021
2021-07-05 17:06:55.336000+00:00,28.9016,76.839,10.0,3.9,mb,"7 km WNW of Kharkhauda, India",Shallow (<70 km),2021
2021-07-06 01:50:54.100000+00:00,34.6556,98.2962,13.9,4.5,mb,"Southern Qinghai, China",Shallow (<70 km),2021
2021-07-07 03:15:24.246000+00:00,25.9603,90.3499,10.0,5.3,mb,"8 km SSE of Lakhipur, India",Shallow (<70 km),2021
2021-07-07 07:27:11.897000+00:00,34.4957,98.8989,10.0,4.6,mb,"Southern Qinghai, China",Shallow (<70 km),2021
2021-07-07 10:01:21.121000+00:00,34.4804,98.9185,10.0,4.4,mb,"Southern Qinghai, China",Shallow (<70 km),2021
2021-07-08 08:20:56.649000+00:00,36.6626,71.4147,183.1,4.9,mb,Afghanistan-Tajikistan-Pakistan region,Intermediate (70–300 km),2021
2021-07-08 13:23:25.624000+00:00,34.6768,97.9158,10.0,5.1,mww,"Southern Qinghai, China",Shallow (<70 km),2021
2021-07-09 00:26:26.477000+00:00,25.0311,95.2274,102.19,4.6,mb,"101 km SE of Phek, India",Intermediate (70–300 km),2021
2021-07-09 07:46:23.848000+00:00,25.9749,90.3995,10.0,4.3,mb,"11 km ESE of Lakhipur, India",Shallow (<70 km),2021
2021-07-13 21:10:34.383000+00:00,36.5519,70.8861,188.82,4.5,mb,"35 km S of Jurm, Afghanistan",Intermediate (70–300 km),2021
2021-07-14 05:47:26.468000+00:00,36.595,70.9321,201.21,4.0,mb,"31 km SSE of Jurm, Afghanistan",Intermediate (70–300 km),2021
2021-07-14 08:17:47.519000+00:00,36.5531,70.8497,195.39,4.3,mb,"34 km S of Jurm, Afghanistan",Intermediate (70–300 km),2021
2021-07-15 00:18:34.074000+00:00,36.745,71.2632,188.48,4.2,mb,"25 km WNW of Ashk?sham, Afghanistan",Intermediate (70–300 km),2021
2021-07-20 17:49:28.185000+00:00,29.3394,70.1331,10.0,4.2,mb,"32 km NW of Rajanpur, Pakistan",Shallow (<70 km),2021
2021-07-20 23:54:26.196000+00:00,29.3258,70.0487,10.0,5.2,mww,"36 km NW of Rajanpur, Pakistan",Shallow (<70 km),2021
2021-07-21 04:01:45.956000+00:00,34.0777,78.4395,10.0,4.3,mb,"79 km E of Leh, India",Shallow (<70 km),2021
2021-07-21 04:42:30.449000+00:00,36.9233,71.3484,126.71,4.1,mb,"31 km NNW of Ashk?sham, Afghanistan",Intermediate (70–300 km),2021
2021-07-22 02:12:24.995000+00:00,30.06,70.3286,10.0,4.5,mb,"30 km W of Dera Ghazi Khan, Pakistan",Shallow (<70 km),2021
2021-07-23 20:12:53.276000+00:00,36.5757,70.8556,207.17,4.3,mb,"32 km S of Jurm, Afghanistan",Intermediate (70–300 km),2021
2021-07-25 15:09:21.630000+00:00,27.3429,88.3092,10.0,4.5,mb,"7 km NE of Gyalshing, India",Shallow (<70 km),2021
2021-07-26 08:49:08.945000+00:00,36.5941,71.5091,97.78,4.2,mb,"10 km SSW of Ashk?sham, Afghanistan",Intermediate (70–300 km),2021
2021-07-28 19:24:03.873000+00:00,34.9229,91.0351,10.69,4.4,mb,"Southern Qinghai, China",Shallow (<70 km),2021
2021-07-29 00:51:21.716000+00:00,36.4427,70.7609,191.98,4.0,mb,"47 km S of Jurm, Afghanistan",Intermediate (70–300 km),2021
2021-08-01 09:16:26.634000+00:00,36.9911,71.3805,102.43,4.6,mb,"36 km NW of Ishqoshim, Tajikistan",Intermediate (70–300 km),2021
2021-08-04 22:10:02.477000+00:00,25.0993,94.9275,99.59,4.4,mb,"76 km SE of Phek, India",Intermediate (70–300 km),2021
2021-08-05 01:56:16.852000+00:00,36.8044,70.8558,68.58,4.4,mb,"6 km SSE of Jurm, Afghanistan",Shallow (<70 km),2021
2021-08-07 06:44:05.798000+00:00,36.5628,71.0882,206.47,4.0,mb,"40 km SE of Jurm, Afghanistan",Intermediate (70–300 km),2021
2021-08-07 09:34:37.584000+00:00,36.4613,71.1077,113.75,4.6,mb,"45 km WSW of Ashk?sham, Afghanistan",Intermediate (70–300 km),2021
2021-08-09 13:06:44.772000+00:00,29.7653,94.5571,10.0,4.2,mb,"138 km N of Shi Yomi, India",Shallow (<70 km),2021
2021-08-10 08:12:46.310000+00:00,30.2767,78.1005,10.0,3.6,mb,"3 km SSE of R?ipur, India",Shallow (<70 km),2021
2021-08-10 15:45:38.323000+00:00,36.7508,70.8377,265.94,4.1,mb,"12 km S of Jurm, Afghanistan",Intermediate (70–300 km),2021
2021-08-10 16:25:07.626000+00:00,36.6818,71.489,171.37,4.1,mb,"3 km W of Ashk?sham, Afghanistan",Intermediate (70–300 km),2021
2021-08-10 22:35:58.335000+00:00,34.7112,98.0805,10.0,4.8,mb,"Southern Qinghai, China",Shallow (<70 km),2021
2021-08-13 04:21:38.757000+00:00,34.5936,97.4227,14.49,5.4,mb,"Southern Qinghai, China",Shallow (<70 km),2021
2021-08-17 00:38:37.816000+00:00,36.6677,71.1422,241.45,4.5,mb,"35 km W of Ashk?sham, Afghanistan",Intermediate (70–300 km),2021
2021-08-17 08:44:16.276000+00:00,36.6446,71.112,204.76,4.1,mb,"34 km SE of Jurm, Afghanistan",Intermediate (70–300 km),2021
2021-08-17 16:23:45.456000+00:00,25.7687,99.9762,10.0,4.3,mb,"31 km NW of Dali, China",Shallow (<70 km),2021
2021-08-17 20:20:11.928000+00:00,31.9037,92.8722,10.0,4.6,mb,"90 km ENE of Nagqu, China",Shallow (<70 km),2021
2021-08-18 09:31:46.104000+00:00,36.5239,70.5385,197.77,4.2,mb,"46 km SW of Jurm, Afghanistan",Intermediate (70–300 km),2021
2021-08-24 02:15:10.282000+00:00,25.094,96.2561,10.0,4.6,mb,"119 km WSW of Myitkyina, Myanmar",Shallow (<70 km),2021
2021-08-24 16:48:13.463000+00:00,32.0551,78.7955,10.0,4.7,mb,"112 km ENE of Sar?han, India",Shallow (<70 km),2021
2021-08-27 18:52:06.317000+00:00,36.5563,70.8751,187.15,4.3,mb,"34 km S of Jurm, Afghanistan",Intermediate (70–300 km),2021
2021-08-28 00:22:48.762000+00:00,36.4658,71.2047,204.24,4.1,mb,"38 km SW of Ashk?sham, Afghanistan",Intermediate (70–300 km),2021
2021-08-28 12:24:01.478000+00:00,36.57,70.9104,193.53,4.2,mb,"33 km SSE of Jurm, Afghanistan",Intermediate (70–300 km),2021
2021-08-28 15:21:30.565000+00:00,35.3951,89.2934,10.0,4.3,mb,western Xizang,Shallow (<70 km),2021
2021-08-30 08:18:59.610000+00:00,36.5684,70.8459,203.32,4.2,mb,"32 km S of Jurm, Afghanistan",Intermediate (70–300 km),2021
2021-09-04 12:05:15.767000+00:00,26.5115,96.5587,97.98,4.5,mb,"42 km NW of Sarupathar, India",Intermediate (70–300 km),2021
2021-09-09 13:27:04.336000+00:00,31.9732,72.2567,10.0,3.4,mb,"7 km W of Sahiwal, Pakistan",Shallow (<70 km),2021
2021-09-09 23:43:15.564000+00:00,36.6814,71.0931,214.33,4.5,mb,"30 km SE of Jurm, Afghanistan",Intermediate (70–300 km),2021
2021-09-09 23:48:23.618000+00:00,36.8193,78.7332,10.0,5.0,mb,"51 km S of Zangguy, China",Shallow (<70 km),2021
2021-09-10 05:22:40.994000+00:00,36.5486,70.86,194.2,4.4,mb,"Hindu Kush region, Afghanistan",Intermediate (70–300 km),2021
2021-09-11 00:28:30.709000+00:00,30.4791,79.282,10.0,4.7,mb,"15 km WNW of P?palkoti, India",Shallow (<70 km),2021
2021-09-12 06:10:00.932000+00:00,36.2135,70.4992,87.36,4.4,mb,"70 km SE of Farkh?r, Afghanistan",Intermediate (70–300 km),2021
2021-09-12 14:56:15.922000+00:00,27.4834,85.9978,10.0,4.4,mb,"47 km ESE of Dhulikhel, Nepal",Shallow (<70 km),2021
2021-09-13 03:46:47.551000+00:00,33.7409,76.4233,10.0,4.3,mb,"52 km NW of Padam, India",Shallow (<70 km),2021
2021-09-14 10:40:08.838000+00:00,33.2902,72.1846,32.06,4.7,mb,"9 km NW of Pindi Gheb, Pakistan",Shallow (<70 km),2021
2021-09-15 00:41:12.624000+00:00,36.2949,70.6059,120.76,4.3,mb,"66 km SSW of Jurm, Afghanistan",Intermediate (70–300 km),2021
2021-09-19 09:36:30.254000+00:00,28.7353,96.4223,10.0,4.7,mb,"74 km N of Hayuliang, India",Shallow (<70 km),2021
2021-09-19 19:24:04.697000+00:00,25.2256,94.8803,80.05,5.0,mb,"62 km SE of Phek, India",Intermediate (70–300 km),2021
2021-09-25 04:41:07.930000+00:00,30.3557,94.7747,31.65,5.0,mb,"206 km N of Shi Yomi, India",Shallow (<70 km),2021
2021-09-25 09:24:34.850000+00:00,30.2615,94.8136,34.18,4.4,mb,"196 km NNE of Shi Yomi, India",Shallow (<70 km),2021
2021-09-27 04:41:28.232000+00:00,36.6582,71.1186,209.77,4.3,mb,"34 km SE of Jurm, Afghanistan",Intermediate (70–300 km),2021
2021-09-29 03:33:58.103000+00:00,33.7644,89.5296,11.02,4.2,mb,western Xizang,Shallow (<70 km),2021
2021-09-30 10:36:37.162000+00:00,36.3856,71.2316,130.59,4.5,mb,"42 km SW of Ashk?sham, Afghanistan",Intermediate (70–300 km),2021
2021-09-30 13:04:13.421000+00:00,36.6494,71.0771,213.77,4.8,mb,"32 km SE of Jurm, Afghanistan",Intermediate (70–300 km),2021
2021-10-01 03:49:28.961000+00:00,30.3214,94.8247,31.64,5.0,mb,"203 km NNE of Shi Yomi, India",Shallow (<70 km),2021
2021-10-01 04:57:33.206000+00:00,25.4614,95.3035,102.96,4.4,mb,"83 km ESE of Phek, India",Intermediate (70–300 km),2021
2021-10-01 07:09:27.899000+00:00,27.694,86.111,10.0,4.5,mb,"33 km SSE of Kod?ri??, Nepal",Shallow (<70 km),2021
2021-10-01 13:02:01.112000+00:00,30.3464,94.7981,30.01,4.5,mb,"205 km NNE of Shi Yomi, India",Shallow (<70 km),2021
2021-10-02 04:45:25.042000+00:00,30.351,94.8618,35.41,4.8,mb,"207 km NNE of Shi Yomi, India",Shallow (<70 km),2021
2021-10-02 05:36:42.142000+00:00,30.3949,94.5447,34.42,4.1,mb,"207 km N of Shi Yomi, India",Shallow (<70 km),2021
2021-10-03 18:44:01.039000+00:00,32.7632,92.9442,10.0,4.4,mb,"165 km NNE of Nagqu, China",Shallow (<70 km),2021
2021-10-04 03:24:23.509000+00:00,30.3231,94.8038,35.16,4.8,mb,"203 km NNE of Shi Yomi, India",Shallow (<70 km),2021
2021-10-04 04:48:00.517000+00:00,30.3929,94.6529,34.32,3.9,mb,"208 km N of Shi Yomi, India",Shallow (<70 km),2021
2021-10-05 00:20:10.360000+00:00,36.479,71.3025,125.79,4.4,mb,"30 km SW of Ashk?sham, Afghanistan",Intermediate (70–300 km),2021
2021-10-05 02:38:20.956000+00:00,30.3349,94.7625,34.15,4.7,mb,"203 km N of Shi Yomi, India",Shallow (<70 km),2021
2021-10-05 23:27:58.849000+00:00,30.367,94.804,31.38,4.4,mb,"207 km NNE of Shi Yomi, India",Shallow (<70 km),2021
2021-10-08 23:53:31.795000+00:00,35.6088,82.4066,10.0,4.3,mb,"277 km SE of Hotan, China",Shallow (<70 km),2021
2021-10-09 05:36:53.906000+00:00,30.3972,94.8221,10.0,4.9,mb,"211 km NNE of Shi Yomi, India",Shallow (<70 km),2021
2021-10-10 01:48:54.750000+00:00,30.4182,94.8392,10.0,4.7,mb,"214 km NNE of Shi Yomi, India",Shallow (<70 km),2021
2021-10-10 11:39:34.566000+00:00,36.5138,70.8503,193.76,4.3,mb,"38 km S of Jurm, Afghanistan",Intermediate (70–300 km),2021
2021-10-10 16:29:40.747000+00:00,30.3872,94.7873,10.0,4.7,mb,"209 km N of Shi Yomi, India",Shallow (<70 km),2021
2021-10-12 00:31:54.076000+00:00,30.405,94.6879,10.0,4.6,mb,"210 km N of Shi Yomi, India",Shallow (<70 km),2021
2021-10-14 00:04:19.798000+00:00,33.8069,91.9404,10.0,4.3,mb,"258 km N of Nagqu, China",Shallow (<70 km),2021
2021-10-15 10:35:42.737000+00:00,28.9582,87.6528,10.0,4.1,mb,"124 km WSW of Rikaze, China",Shallow (<70 km),2021
2021-10-17 20:11:58.599000+00:00,36.1384,70.7219,91.09,4.4,mb,"81 km S of Jurm, Afghanistan",Intermediate (70–300 km),2021
2021-10-18 08:01:37.426000+00:00,27.901,85.8004,10.0,4.3,mb,"16 km WSW of Kod?ri??, Nepal",Shallow (<70 km),2021
2021-10-18 08:11:56.258000+00:00,27.8507,85.7193,10.0,4.2,mb,"24 km NE of Nagarkot, Nepal",Shallow (<70 km),2021
2021-10-18 10:32:14.377000+00:00,28.7052,87.2852,10.0,4.7,mb,"95 km NNE of Lobujya, Nepal",Shallow (<70 km),2021
2021-10-22 04:14:28.112000+00:00,36.1878,70.9024,93.17,4.2,mb,"75 km S of Jurm, Afghanistan",Intermediate (70–300 km),2021
2021-10-24 05:59:14.353000+00:00,35.6507,74.504,60.94,4.1,mb,"34 km SSE of Gilgit, Pakistan",Shallow (<70 km),2021
2021-10-25 14:05:33.281000+00:00,36.4917,70.2839,218.65,4.0,mb,"39 km ESE of Farkh?r, Afghanistan",Intermediate (70–300 km),2021
2021-10-26 00:32:08.893000+00:00,33.2123,76.8049,10.0,4.6,mb,"29 km SSW of Padam, India",Shallow (<70 km),2021
2021-10-28 15:26:26.430000+00:00,36.6045,71.3255,131.07,4.2,mb,"20 km WSW of Ashk?sham, Afghanistan",Intermediate (70–300 km),2021
2021-10-30 16:29:09.837000+00:00,33.2438,76.7582,10.0,4.2,mb,"27 km SSW of Padam, India",Shallow (<70 km),2021
2021-10-31 05:28:47.835000+00:00,36.4812,71.1601,239.04,4.2,mb,"40 km SW of Ashk?sham, Afghanistan",Intermediate (70–300 km),2021
2021-11-02 04:01:11.655000+00:00,33.5483,84.6179,10.0,4.6,mb,western Xizang,Shallow (<70 km),2021
2021-11-02 13:29:31.927000+00:00,26.6453,96.7986,10.0,4.8,mb,"48 km N of Sarupathar, India",Shallow (<70 km),2021
2021-11-04 04:49:04.009000+00:00,26.7969,92.5824,10.0,4.4,mb,"9 km WSW of Rang?p?ra, India",Shallow (<70 km),2021
2021-11-05 01:48:32.008000+00:00,28.8267,87.4455,10.0,5.0,mb,"115 km NNE of Lobujya, Nepal",Shallow (<70 km),2021
2021-11-07 05:03:02.318000+00:00,35.8697,70.7367,93.18,4.2,mb,"52 km NNW of P?r?n, Afghanistan",Intermediate (70–300 km),2021
2021-11-07 16:20:46.399000+00:00,27.271,88.7826,10.0,4.6,mb,"17 km ESE of Gangtok, India",Shallow (<70 km),2021
2021-11-09 04:17:23.043000+00:00,25.3783,94.9456,76.61,4.2,mb,"55 km SE of Phek, India",Intermediate (70–300 km),2021
2021-11-09 10:57:27.886000+00:00,31.9939,78.5517,10.0,4.6,mb,"89 km NE of Sar?han, India",Shallow (<70 km),2021
2021-11-09 14:25:42.611000+00:00,36.6409,71.1487,202.59,4.4,mb,"34 km W of Ashk?sham, Afghanistan",Intermediate (70–300 km),2021
2021-11-10 06:14:32.698000+00:00,36.7565,71.4232,171.12,4.1,mb,"12 km NW of Ashk?sham, Afghanistan",Intermediate (70–300 km),2021
2021-11-10 06:46:50.354000+00:00,36.4703,70.3913,203.24,4.0,mb,"49 km ESE of Farkh?r, Afghanistan",Intermediate (70–300 km),2021
2021-11-12 17:48:17.033000+00:00,25.4248,96.6407,19.56,4.3,mb,Myanmar,Shallow (<70 km),2021
2021-11-15 01:21:44.026000+00:00,32.621,90.3621,10.0,4.0,mb,"204 km NW of Nagqu, China",Shallow (<70 km),2021
2021-11-17 00:52:23.608000+00:00,36.6001,71.0725,202.35,4.2,mb,"36 km SE of Jurm, Afghanistan",Intermediate (70–300 km),2021
2021-11-19 20:56:16.978000+00:00,25.1721,72.5323,10.0,4.4,mb,"20 km SSW of Jalor, India",Shallow (<70 km),2021
2021-11-20 07:42:09.082000+00:00,25.9374,91.4838,10.0,4.2,mb,"21 km SSW of Pal?sb?ri, India",Shallow (<70 km),2021
2021-11-23 16:31:58.690000+00:00,31.3163,77.1736,10.0,4.3,mb,"9 km NNE of Seoni, India",Shallow (<70 km),2021
2021-11-27 02:37:45.383000+00:00,36.4955,70.2067,216.32,4.1,mb,"32 km ESE of Farkh?r, Afghanistan",Intermediate (70–300 km),2021
2021-11-28 01:32:51.010000+00:00,27.0398,96.3025,10.0,4.6,mb,"68 km ESE of Margherita, India",Shallow (<70 km),2021
2021-11-28 17:02:20.837000+00:00,27.0354,96.5311,10.0,4.4,mb,"89 km ESE of Margherita, India",Shallow (<70 km),2021
2021-11-28 21:52:45.640000+00:00,34.4478,99.0712,10.0,4.1,mb,"Southern Qinghai, China",Shallow (<70 km),2021
2021-11-29 03:24:36+00:00,36.5215,70.1384,224.51,4.1,mb,"25 km ESE of Farkh?r, Afghanistan",Intermediate (70–300 km),2021
2021-11-30 13:53:41.109000+00:00,31.723,87.9296,6.77,5.5,mww,"289 km NNW of Rikaze, China",Shallow (<70 km),2021
2021-11-30 18:02:56.185000+00:00,36.4727,70.7382,196.6,4.2,mb,"44 km S of Jurm, Afghanistan",Intermediate (70–300 km),2021
2021-12-01 08:30:49.521000+00:00,31.5121,87.8006,10.0,4.3,mb,"271 km NNW of Rikaze, China",Shallow (<70 km),2021
2021-12-02 16:39:51.343000+00:00,36.4846,71.1951,142.22,4.1,mb,"37 km SW of Ashk?sham, Afghanistan",Intermediate (70–300 km),2021
2021-12-03 13:10:50.536000+00:00,36.5787,71.2851,222.74,4.3,mb,"25 km WSW of Ashk?sham, Afghanistan",Intermediate (70–300 km),2021
2021-12-04 18:09:35.684000+00:00,36.4917,70.1915,221.49,4.0,mb,"31 km ESE of Farkh?r, Afghanistan",Intermediate (70–300 km),2021
2021-12-05 17:42:14.358000+00:00,36.6853,71.3856,177.51,4.3,mb,"13 km W of Ashk?sham, Afghanistan",Intermediate (70–300 km),2021
2021-12-06 10:49:12.255000+00:00,36.6529,71.4082,220.32,4.1,mb,"11 km WSW of Ashk?sham, Afghanistan",Intermediate (70–300 km),2021
2021-12-07 07:24:40.607000+00:00,36.6747,71.401,182.13,4.0,mb,"11 km W of Ashk?sham, Afghanistan",Intermediate (70–300 km),2021
2021-12-08 04:23:25.024000+00:00,28.8093,87.5826,41.26,4.2,mb,"121 km NE of Lobujya, Nepal",Shallow (<70 km),2021
2021-12-10 04:14:54.431000+00:00,25.5067,95.4612,65.73,4.2,mb,"98 km E of Phek, India",Shallow (<70 km),2021
2021-12-11 23:38:32.213000+00:00,34.9192,72.1372,67.32,4.2,mb,"10 km SE of Kakad Wari Dir Upper, Pakistan",Shallow (<70 km),2021
2021-12-14 02:00:29.735000+00:00,36.2602,70.0532,122.57,4.0,mb,"38 km SSE of Farkh?r, Afghanistan",Intermediate (70–300 km),2021
2021-12-17 01:51:47.869000+00:00,34.3557,82.8305,10.0,4.5,mb,western Xizang,Shallow (<70 km),2021
2021-12-18 00:29:25.240000+00:00,28.5625,87.5592,10.0,4.0,mb,"99 km NE of Lobujya, Nepal",Shallow (<70 km),2021
2021-12-20 20:35:32.010000+00:00,36.0988,70.9302,92.4,4.4,mb,"75 km N of P?r?n, Afghanistan",Intermediate (70–300 km),2021
2021-12-21 05:04:14.782000+00:00,27.6752,96.9853,43.61,4.5,mb,"61 km SE of Hayuliang, India",Shallow (<70 km),2021
2021-12-23 13:02:54.518000+00:00,34.0215,70.4751,51.3,4.4,mb,"24 km WSW of Markaz-e Woluswal?-ye ?ch?n, Afghanistan",Shallow (<70 km),2021
2021-12-24 07:00:00.870000+00:00,36.646,70.9849,224.48,4.4,mb,"27 km SSE of Jurm, Afghanistan",Intermediate (70–300 km),2021
2021-12-24 17:58:56.965000+00:00,34.6134,73.1273,28.13,4.5,mb,"11 km SE of Battagram, Pakistan",Shallow (<70 km),2021
2021-12-27 13:31:04.395000+00:00,35.5592,74.8205,10.0,5.2,mww,"60 km SE of Gilgit, Pakistan",Shallow (<70 km),2021
2021-12-27 13:37:24.003000+00:00,35.6073,74.9802,10.0,4.8,mb,"68 km WNW of Skardu, Pakistan",Shallow (<70 km),2021
2021-12-27 18:52:46.933000+00:00,36.6104,71.0497,200.63,4.4,mb,"34 km SE of Jurm, Afghanistan",Intermediate (70–300 km),2021
2021-12-27 19:40:58.392000+00:00,35.5564,74.8743,51.7,4.4,mb,"64 km SE of Gilgit, Pakistan",Shallow (<70 km),2021
2021-12-28 12:31:47.144000+00:00,36.419,70.7233,207.09,4.1,mb,"Hindu Kush region, Afghanistan",Intermediate (70–300 km),2021
2021-12-28 13:16:30.068000+00:00,36.3998,70.6265,213.65,4.2,mb,"54 km SSW of Jurm, Afghanistan",Intermediate (70–300 km),2021
2021-12-29 19:08:19.232000+00:00,29.9056,80.3449,10.0,4.5,mb,"18 km WNW of Dh?rchula, India",Shallow (<70 km),2021
2021-12-29 21:30:22.185000+00:00,36.9982,94.6585,10.0,5.0,mb,"northern Qinghai, China",Shallow (<70 km),2021
2021-12-30 12:24:43.735000+00:00,35.5329,74.9167,10.0,4.1,mb,"69 km SE of Gilgit, Pakistan",Shallow (<70 km),2021
2021-12-31 07:56:48.332000+00:00,36.6252,71.1823,223.29,4.6,mb,"32 km WSW of Ashk?sham, Afghanistan",Intermediate (70–300 km),2021
2022-01-01 13:15:25.380000+00:00,36.59,71.1783,231.91,5.2,mww,"Badakhshan, Afghanistan",Intermediate (70–300 km),2022
2022-01-02 08:59:59.686000+00:00,36.5701,71.3585,218.64,4.2,mb,"20 km SW of Ashk?sham, Afghanistan",Intermediate (70–300 km),2022
2022-01-03 00:28:04.263000+00:00,33.9519,88.3531,10.0,4.5,mb,western Xizang,Shallow (<70 km),2022
2022-01-04 17:15:52.331000+00:00,33.0339,76.074,40.06,4.3,mb,Kashmir-India border region,Shallow (<70 km),2022
2022-01-06 14:46:09.394000+00:00,26.8706,89.2113,10.0,4.2,mb,"11 km ESE of Samtse, Bhutan",Shallow (<70 km),2022
2022-01-06 18:29:13.484000+00:00,27.8305,82.8074,10.0,4.4,mb,"38 km NNE of Pachperwa, India",Shallow (<70 km),2022
2022-01-12 05:26:44.602000+00:00,36.474,70.5248,79.01,4.9,mb,"51 km SSW of Jurm, Afghanistan",Intermediate (70–300 km),2022
2022-01-12 20:46:57.971000+00:00,25.22,94.1077,13.28,4.5,mb,"48 km NNE of Imph?l, India",Shallow (<70 km),2022
2022-01-13 03:13:54.822000+00:00,28.8094,87.6854,10.0,4.1,mb,"126 km WSW of Rikaze, China",Shallow (<70 km),2022
2022-01-13 13:32:46.671000+00:00,34.6373,97.9393,10.0,4.5,mb,"Southern Qinghai, China",Shallow (<70 km),2022
2022-01-13 17:36:52.352000+00:00,36.4719,70.2604,221.46,4.1,mb,"37 km ESE of Farkh?r, Afghanistan",Intermediate (70–300 km),2022
2022-01-13 19:03:30.121000+00:00,25.0326,95.0765,94.89,4.1,mb,"91 km SE of Phek, India",Intermediate (70–300 km),2022
2022-01-14 16:13:03.550000+00:00,36.5418,71.4945,106.99,5.3,mb,"16 km SSW of Ashk?sham, Afghanistan",Intermediate (70–300 km),2022
2022-01-14 19:09:54.298000+00:00,36.4859,70.5044,207.77,4.3,mb,"51 km SW of Jurm, Afghanistan",Intermediate (70–300 km),2022
2022-01-15 05:57:57.657000+00:00,36.5064,70.9073,198.38,4.2,mb,"40 km S of Jurm, Afghanistan",Intermediate (70–300 km),2022
2022-01-15 11:22:09.834000+00:00,36.6171,71.4625,100.88,4.3,mb,"9 km SW of Ashk?sham, Afghanistan",Intermediate (70–300 km),2022
2022-01-16 21:09:22.262000+00:00,25.2468,93.8695,10.0,4.6,mb,"49 km N of Imph?l, India",Shallow (<70 km),2022
2022-01-17 22:59:23.843000+00:00,29.2819,94.1513,10.0,5.1,mb,"86 km NNW of Shi Yomi, India",Shallow (<70 km),2022
2022-01-18 00:30:14.220000+00:00,33.5946,72.5708,41.1,4.3,mb,"22 km SE of Sanjwal, Pakistan",Shallow (<70 km),2022
2022-01-18 22:46:21.531000+00:00,36.133,71.1441,93.26,4.4,mb,"70 km SSW of Ashk?sham, Afghanistan",Intermediate (70–300 km),2022
2022-01-19 00:19:44.860000+00:00,31.8613,92.9243,10.0,4.4,mb,"92 km ENE of Nagqu, China",Shallow (<70 km),2022
2022-01-20 05:55:21.002000+00:00,36.5511,70.925,205.32,4.5,mb,"35 km SSE of Jurm, Afghanistan",Intermediate (70–300 km),2022
2022-01-21 21:23:38.467000+00:00,33.2225,75.9072,10.0,4.1,mb,"16 km SE of Kishtw?r, India",Shallow (<70 km),2022
2022-01-23 15:52:50.262000+00:00,25.0405,96.1665,10.0,4.4,mb,"129 km WSW of Myitkyina, Myanmar",Shallow (<70 km),2022
2022-01-24 19:38:59.306000+00:00,29.9803,80.3548,10.0,4.0,mb,"21 km NW of Dh?rchula, India",Shallow (<70 km),2022
2022-01-25 02:32:33.552000+00:00,33.7922,82.0597,27.84,4.0,mb,"Xizang, China",Shallow (<70 km),2022
2022-01-27 17:26:40.375000+00:00,36.5388,70.9321,198.05,4.1,mb,"37 km SSE of Jurm, Afghanistan",Intermediate (70–300 km),2022
2022-01-28 16:49:10.545000+00:00,36.1005,70.4209,124.33,4.4,mb,"72 km SE of Farkh?r, Afghanistan",Intermediate (70–300 km),2022
2022-01-29 06:40:34.547000+00:00,35.6406,75.0156,10.0,4.1,mb,"67 km NW of Skardu, Pakistan",Shallow (<70 km),2022
2022-01-30 08:48:00.284000+00:00,36.959,71.0291,109.87,4.2,mb,"20 km ENE of Jurm, Afghanistan",Intermediate (70–300 km),2022
2022-02-01 23:13:12.958000+00:00,33.3086,95.0293,10.0,4.6,mb,"Southern Qinghai, China",Shallow (<70 km),2022
2022-02-03 19:31:29.080000+00:00,36.5399,70.4391,205.03,4.9,mb,"50 km SW of Jurm, Afghanistan",Intermediate (70–300 km),2022
2022-02-05 04:16:01.236000+00:00,36.4307,71.126,212.0,5.8,mww,"45 km SW of Ashk?sham, Afghanistan",Intermediate (70–300 km),2022
2022-02-05 18:16:42.905000+00:00,36.6024,71.6299,105.06,4.2,mb,"12 km SE of Ashk?sham, Afghanistan",Intermediate (70–300 km),2022
2022-02-06 02:46:38.086000+00:00,36.5184,70.9294,200.87,4.0,mb,"39 km SSE of Jurm, Afghanistan",Intermediate (70–300 km),2022
2022-02-06 05:57:32.293000+00:00,31.5122,78.0555,10.0,4.2,mb,"24 km E of Sar?han, India",Shallow (<70 km),2022
2022-02-06 10:40:12.843000+00:00,36.9207,71.455,105.96,4.4,mb,"25 km NNW of Ishqoshim, Tajikistan",Intermediate (70–300 km),2022
2022-02-06 17:29:15.811000+00:00,31.0285,96.1288,10.0,4.4,mb,"100 km W of Qamdo, China",Shallow (<70 km),2022
2022-02-07 21:37:39.880000+00:00,32.9589,84.6249,10.0,4.0,mb,western Xizang,Shallow (<70 km),2022
2022-02-11 19:16:50.015000+00:00,26.0883,96.4951,10.0,4.8,mb,"34 km WSW of Sarupathar, India",Shallow (<70 km),2022
2022-02-12 10:50:23.937000+00:00,36.3882,71.2769,120.21,4.2,mb,"39 km SW of Ashk?sham, Afghanistan",Intermediate (70–300 km),2022
2022-02-12 18:04:49.886000+00:00,35.4588,70.5963,83.92,4.6,mb,"29 km W of P?r?n, Afghanistan",Intermediate (70–300 km),2022
2022-02-16 05:38:15.249000+00:00,36.2366,73.2176,62.14,4.4,mb,"49 km W of Gahkuch, Pakistan",Shallow (<70 km),2022
2022-02-17 09:14:38.110000+00:00,36.9881,71.2421,120.0,4.4,mb,"38 km ENE of Jurm, Afghanistan",Intermediate (70–300 km),2022
2022-02-19 23:03:43.106000+00:00,34.5993,73.2217,10.0,4.2,mb,"17 km N of Baffa, Pakistan",Shallow (<70 km),2022
2022-02-20 09:37:25.833000+00:00,36.5001,70.1123,214.65,4.3,mb,"24 km ESE of Farkh?r, Afghanistan",Intermediate (70–300 km),2022
2022-02-20 11:27:00.420000+00:00,36.4782,70.6836,198.87,4.3,mb,"44 km SSW of Jurm, Afghanistan",Intermediate (70–300 km),2022
2022-02-20 23:09:50.841000+00:00,30.7466,96.1421,10.0,4.5,mb,"107 km WSW of Qamdo, China",Shallow (<70 km),2022
2022-02-21 05:47:49.574000+00:00,36.6922,71.4306,178.84,4.2,mb,"9 km W of Ashk?sham, Afghanistan",Intermediate (70–300 km),2022
2022-02-21 16:24:33.784000+00:00,36.538,70.8793,201.38,4.0,mb,"36 km S of Jurm, Afghanistan",Intermediate (70–300 km),2022
2022-02-21 20:27:44.295000+00:00,36.4875,70.2034,216.15,4.2,mb,"32 km ESE of Farkh?r, Afghanistan",Intermediate (70–300 km),2022
2022-02-21 22:46:00.873000+00:00,34.574,98.9663,10.0,4.6,mb,"Southern Qinghai, China",Shallow (<70 km),2022
2022-02-22 03:05:23.758000+00:00,35.6023,75.0229,10.0,4.4,mb,"64 km WNW of Skardu, Pakistan",Shallow (<70 km),2022
2022-02-23 04:28:24.354000+00:00,31.4596,77.8709,10.0,4.2,mb,"9 km SE of Sar?han, India",Shallow (<70 km),2022
2022-02-25 00:11:56.596000+00:00,36.4695,70.4004,201.34,4.5,mb,"49 km ESE of Farkh?r, Afghanistan",Intermediate (70–300 km),2022
2022-02-25 07:29:03.263000+00:00,32.3654,76.3939,10.0,3.6,mb,"17 km NNE of Dharamsala, India",Shallow (<70 km),2022
2022-02-26 05:50:45.822000+00:00,36.071,71.0861,97.05,4.2,mb,"73 km NNE of P?r?n, Afghanistan",Intermediate (70–300 km),2022
2022-03-02 00:18:48.927000+00:00,35.8038,95.7805,10.0,4.8,mb,"Southern Qinghai, China",Shallow (<70 km),2022
2022-03-03 08:19:05.856000+00:00,29.9171,94.9732,10.0,4.1,mb,"164 km NNE of Shi Yomi, India",Shallow (<70 km),2022
2022-03-03 08:47:06.403000+00:00,29.9082,95.0011,10.0,4.4,mb,"164 km NNE of Shi Yomi, India",Shallow (<70 km),2022
2022-03-03 14:13:13.485000+00:00,36.1554,70.573,86.62,4.8,mb,"79 km SE of Farkh?r, Afghanistan",Intermediate (70–300 km),2022
2022-03-04 04:07:51.771000+00:00,33.636,81.891,10.0,4.6,mb,western Xizang,Shallow (<70 km),2022
2022-03-06 21:30:58.594000+00:00,36.4567,70.2667,205.91,4.3,mb,"38 km ESE of Farkh?r, Afghanistan",Intermediate (70–300 km),2022
2022-03-07 15:58:38.291000+00:00,36.2025,71.1034,98.22,4.2,mb,"65 km SW of Ashk?sham, Afghanistan",Intermediate (70–300 km),2022
2022-03-08 14:22:15.105000+00:00,36.0746,70.4466,105.46,4.1,mb,"76 km SE of Farkh?r, Afghanistan",Intermediate (70–300 km),2022
2022-03-10 19:28:51.759000+00:00,35.8865,77.8078,10.0,4.5,mb,"140 km NE of Thang, India",Shallow (<70 km),2022
2022-03-14 06:46:59.632000+00:00,35.9455,76.8204,10.0,4.2,mb,"112 km N of Thang, India",Shallow (<70 km),2022
2022-03-15 02:51:06.411000+00:00,29.9999,95.07,35.0,4.1,mb,"176 km NNE of Shi Yomi, India",Shallow (<70 km),2022
2022-03-16 03:41:25.723000+00:00,35.9093,77.9477,10.0,4.1,mb,"151 km NE of Thang, India",Shallow (<70 km),2022
2022-03-16 06:10:12.001000+00:00,35.9335,77.9888,10.0,4.3,mb,"155 km NE of Thang, India",Shallow (<70 km),2022
2022-03-16 13:35:23.288000+00:00,35.5965,74.9251,10.0,5.1,mww,"65 km ESE of Gilgit, Pakistan",Shallow (<70 km),2022
2022-03-16 16:10:46.275000+00:00,35.7142,75.3139,10.0,4.1,mb,"54 km NNW of Skardu, Pakistan",Shallow (<70 km),2022
2022-03-17 13:41:18.468000+00:00,35.9998,77.9099,10.0,5.1,mww,"156 km NE of Thang, India",Shallow (<70 km),2022
2022-03-17 17:35:00.416000+00:00,35.9368,77.9458,10.0,4.1,mb,"153 km NE of Thang, India",Shallow (<70 km),2022
2022-03-18 02:54:09.608000+00:00,30.1073,72.5726,10.0,4.3,mb,"9 km SW of B?rew?la, Pakistan",Shallow (<70 km),2022
2022-03-20 04:36:33.979000+00:00,34.389,87.6878,10.0,4.3,mb,western Xizang,Shallow (<70 km),2022
2022-03-20 13:06:56.543000+00:00,35.5881,74.9652,10.0,4.5,mb,"68 km WNW of Skardu, Pakistan",Shallow (<70 km),2022
2022-03-21 13:43:56.499000+00:00,35.661,75.0961,10.0,4.2,mb,"63 km NW of Skardu, Pakistan",Shallow (<70 km),2022
2022-03-22 05:22:33.846000+00:00,36.4529,71.0645,119.6,4.2,mb,"49 km WSW of Ashk?sham, Afghanistan",Intermediate (70–300 km),2022
2022-03-22 14:23:44.906000+00:00,36.1622,70.9778,92.2,4.2,mb,"76 km SW of Ashk?sham, Afghanistan",Intermediate (70–300 km),2022
2022-03-22 20:11:39.450000+00:00,35.6142,74.9006,46.47,4.1,mb,northwestern Kashmir,Shallow (<70 km),2022
2022-03-23 01:29:17.462000+00:00,35.7092,75.2199,10.0,4.0,mb,"59 km NW of Skardu, Pakistan",Shallow (<70 km),2022
2022-03-29 01:59:33.433000+00:00,35.9605,77.9296,10.0,4.3,mb,"154 km NE of Thang, India",Shallow (<70 km),2022
2022-03-30 10:14:41.835000+00:00,35.9287,78.0076,10.0,4.3,mb,"156 km NE of Thang, India",Shallow (<70 km),2022
2022-03-31 07:22:11.235000+00:00,35.5596,74.8138,66.44,4.4,mb,"60 km SE of Gilgit, Pakistan",Shallow (<70 km),2022
2022-04-02 17:53:47.510000+00:00,36.0451,77.9318,10.0,4.5,mb,"156 km SSW of Zangguy, China",Shallow (<70 km),2022
2022-04-03 22:58:41.923000+00:00,36.577,70.9955,202.7,4.6,mb,"35 km SSE of Jurm, Afghanistan",Intermediate (70–300 km),2022
2022-04-04 17:43:24.653000+00:00,36.6154,70.9879,212.07,4.1,mb,"30 km SSE of Jurm, Afghanistan",Intermediate (70–300 km),2022
2022-04-09 11:22:33.744000+00:00,30.9544,78.2383,10.0,4.3,mb,"16 km N of Barkot, India",Shallow (<70 km),2022
2022-04-09 18:38:37.466000+00:00,28.8085,86.5315,10.0,4.2,mb,"99 km NNW of Lobujya, Nepal",Shallow (<70 km),2022
2022-04-09 21:16:58.222000+00:00,36.3452,71.133,103.25,4.1,mb,"51 km SW of Ashk?sham, Afghanistan",Intermediate (70–300 km),2022
2022-04-11 01:29:34.599000+00:00,36.6348,71.3624,98.32,4.3,mb,"16 km WSW of Ashk?sham, Afghanistan",Intermediate (70–300 km),2022
2022-04-11 01:41:41.895000+00:00,33.2832,70.5607,41.19,4.8,mb,"22 km SW of Doaba, Pakistan",Shallow (<70 km),2022
2022-04-12 11:20:15.526000+00:00,36.5387,70.0785,169.33,4.2,mb,"20 km E of Farkh?r, Afghanistan",Intermediate (70–300 km),2022
2022-04-15 02:41:17.591000+00:00,36.635,71.0771,207.4,3.9,mb,"33 km SE of Jurm, Afghanistan",Intermediate (70–300 km),2022
2022-04-15 12:04:04.325000+00:00,36.1336,70.7954,107.78,4.3,mb,"79 km N of P?r?n, Afghanistan",Intermediate (70–300 km),2022
2022-04-16 23:51:26.153000+00:00,25.3875,94.8228,74.41,4.1,mb,Myanmar-India border region,Intermediate (70–300 km),2022
2022-04-17 22:31:39.157000+00:00,25.9974,95.9133,79.64,4.3,mb,"92 km WSW of Sarupathar, India",Intermediate (70–300 km),2022
2022-04-22 11:05:37.991000+00:00,36.4763,70.7099,145.68,4.0,mb,"44 km SSW of Jurm, Afghanistan",Intermediate (70–300 km),2022
2022-04-22 13:20:17.112000+00:00,36.7229,77.0189,110.9,4.3,mb,"167 km WSW of Zangguy, China",Intermediate (70–300 km),2022
2022-04-24 09:23:41.724000+00:00,36.7806,76.8247,94.87,4.3,mb,"181 km WSW of Zangguy, China",Intermediate (70–300 km),2022
2022-04-24 09:56:45.185000+00:00,31.7278,83.1271,10.0,4.3,mb,"244 km NE of Burang, China",Shallow (<70 km),2022
2022-04-25 10:11:20.587000+00:00,36.3713,71.2166,131.74,4.1,mb,"44 km SW of Ashk?sham, Afghanistan",Intermediate (70–300 km),2022
2022-04-25 19:15:26.215000+00:00,36.2389,70.5074,143.19,4.2,mb,"69 km ESE of Farkh?r, Afghanistan",Intermediate (70–300 km),2022
2022-05-01 13:52:59.667000+00:00,35.9168,77.9188,10.0,4.4,mb,"149 km NE of Thang, India",Shallow (<70 km),2022
2022-05-01 19:06:43.287000+00:00,36.5505,70.9706,206.04,4.2,mb,"36 km SSE of Jurm, Afghanistan",Intermediate (70–300 km),2022
2022-05-05 11:54:31.816000+00:00,36.4617,70.3496,200.14,4.2,mb,"45 km ESE of Farkh?r, Afghanistan",Intermediate (70–300 km),2022
2022-05-05 16:59:55.459000+00:00,36.4392,71.1694,142.19,4.3,mb,"42 km SW of Ashk?sham, Afghanistan",Intermediate (70–300 km),2022
2022-05-05 21:10:39.270000+00:00,26.0674,99.9874,10.0,4.5,mb,"58 km NNW of Dali, China",Shallow (<70 km),2022
2022-05-10 13:44:31.496000+00:00,36.5749,70.9769,214.05,4.2,mb,"34 km SSE of Jurm, Afghanistan",Intermediate (70–300 km),2022
2022-05-11 02:29:00.454000+00:00,36.5925,71.0161,219.45,3.9,mb,"34 km SSE of Jurm, Afghanistan",Intermediate (70–300 km),2022
2022-05-11 04:33:11.628000+00:00,29.9682,80.4219,33.06,4.9,mb,"16 km NW of Dh?rchula, India",Shallow (<70 km),2022
2022-05-11 09:43:13.280000+00:00,36.5754,71.0477,204.41,3.9,mb,"37 km SSE of Jurm, Afghanistan",Intermediate (70–300 km),2022
2022-05-11 14:34:52.462000+00:00,36.5242,70.8281,188.85,4.0,mb,"37 km S of Jurm, Afghanistan",Intermediate (70–300 km),2022
2022-05-12 13:27:23.896000+00:00,33.9546,87.7981,10.0,4.2,mb,western Xizang,Shallow (<70 km),2022
2022-05-13 02:16:42.668000+00:00,32.7165,76.2415,10.0,4.6,mb,"20 km NNE of Chamba, India",Shallow (<70 km),2022
2022-05-13 06:13:55.734000+00:00,25.6938,96.8329,10.0,4.3,mb,"56 km S of Sarupathar, India",Shallow (<70 km),2022
2022-05-13 07:09:28.657000+00:00,25.7111,96.8176,10.0,4.4,mb,"54 km S of Sarupathar, India",Shallow (<70 km),2022
2022-05-13 12:26:04.558000+00:00,25.6457,96.717,10.0,4.3,mb,Myanmar,Shallow (<70 km),2022
2022-05-13 22:18:14.299000+00:00,36.6811,71.1161,209.14,4.3,mb,"32 km SE of Jurm, Afghanistan",Intermediate (70–300 km),2022
2022-05-15 16:17:04.821000+00:00,26.3342,92.3725,10.0,4.1,mb,"9 km NNE of Morigaon, India",Shallow (<70 km),2022
2022-05-18 07:46:56.302000+00:00,36.9172,71.1286,77.39,4.7,mb,"26 km ENE of Jurm, Afghanistan",Intermediate (70–300 km),2022
2022-05-20 18:39:16.682000+00:00,25.0186,96.3401,10.0,4.3,mb,"113 km WSW of Myitkyina, Myanmar",Shallow (<70 km),2022
2022-05-21 02:45:09.223000+00:00,28.2186,86.2888,70.83,4.2,mb,"43 km NE of Kod?ri??, Nepal",Intermediate (70–300 km),2022
2022-05-22 09:37:42.209000+00:00,36.531,70.2417,211.85,4.4,mb,"34 km E of Farkh?r, Afghanistan",Intermediate (70–300 km),2022
2022-05-23 19:11:04.022000+00:00,34.5812,96.5312,12.75,4.1,mb,"Southern Qinghai, China",Shallow (<70 km),2022
2022-05-24 02:04:37.266000+00:00,34.415,96.66,10.0,4.1,mb,"Southern Qinghai, China",Shallow (<70 km),2022
2022-05-24 07:11:22.103000+00:00,36.1297,70.2878,109.66,4.9,mb,"62 km SE of Farkh?r, Afghanistan",Intermediate (70–300 km),2022
2022-05-26 07:48:48.465000+00:00,32.2082,91.8806,10.0,4.8,mb,"82 km NNW of Nagqu, China",Shallow (<70 km),2022
2022-05-26 12:43:20.234000+00:00,32.3026,91.9309,10.0,4.3,mb,"92 km N of Nagqu, China",Shallow (<70 km),2022
2022-05-27 12:42:36.032000+00:00,36.2961,71.1718,108.76,4.1,mb,"53 km SW of Ashk?sham, Afghanistan",Intermediate (70–300 km),2022
2022-05-31 04:15:12.926000+00:00,32.3573,91.863,10.0,4.0,mb,"99 km N of Nagqu, China",Shallow (<70 km),2022
2022-05-31 04:39:39.616000+00:00,26.3635,95.6051,95.69,4.3,mb,"68 km SE of Mon, India",Intermediate (70–300 km),2022
2022-06-01 06:53:46.521000+00:00,34.5109,98.8979,10.0,4.1,mb,"Southern Qinghai, China",Shallow (<70 km),2022
2022-06-02 04:18:04.591000+00:00,36.2021,70.9262,91.96,4.2,mb,"73 km S of Jurm, Afghanistan",Intermediate (70–300 km),2022
2022-06-02 13:45:51.466000+00:00,36.6304,71.3306,228.18,4.2,mb,"19 km WSW of Ashk?sham, Afghanistan",Intermediate (70–300 km),2022
2022-06-04 13:59:05.096000+00:00,36.4806,70.6659,199.29,4.7,mb,"45 km SSW of Jurm, Afghanistan",Intermediate (70–300 km),2022
2022-06-06 14:09:28.249000+00:00,36.7838,70.9227,68.33,4.1,mb,"11 km SE of Jurm, Afghanistan",Shallow (<70 km),2022
2022-06-07 16:57:24.471000+00:00,36.563,71.01,190.17,4.5,mb,"36 km SSE of Jurm, Afghanistan",Intermediate (70–300 km),2022
2022-06-08 06:52:24.266000+00:00,35.9196,77.8975,10.0,4.9,mb,Kashmir-Xinjiang border region,Shallow (<70 km),2022
2022-06-08 09:25:29.205000+00:00,35.9367,77.9967,10.0,4.4,mb,"156 km NE of Thang, India",Shallow (<70 km),2022
2022-06-10 20:51:21.586000+00:00,27.7199,85.4181,15.03,3.6,mb,"5 km NE of Madhyapur Thimi, Nepal",Shallow (<70 km),2022
2022-06-10 23:09:21.293000+00:00,36.6728,71.1786,218.52,3.8,mb,Afghanistan-Tajikistan-Pakistan region,Intermediate (70–300 km),2022
2022-06-12 15:49:07.165000+00:00,36.2613,70.5255,93.46,4.2,mb,"69 km ESE of Farkh?r, Afghanistan",Intermediate (70–300 km),2022
2022-06-12 22:31:03.964000+00:00,35.5307,84.0547,20.52,4.2,mb,Xinjiang-Xizang border region,Shallow (<70 km),2022
2022-06-13 05:34:35.715000+00:00,36.4393,70.7682,207.83,4.3,mb,"47 km S of Jurm, Afghanistan",Intermediate (70–300 km),2022
2022-06-13 06:19:03.031000+00:00,34.4072,85.3048,10.0,4.1,mb,western Xizang,Shallow (<70 km),2022
2022-06-13 17:56:04.463000+00:00,36.5427,70.8475,201.87,4.2,mb,"35 km S of Jurm, Afghanistan",Intermediate (70–300 km),2022
2022-06-14 07:35:44.604000+00:00,36.4814,71.1703,208.81,4.9,mb,"39 km SW of Ashk?sham, Afghanistan",Intermediate (70–300 km),2022
2022-06-14 14:48:27.431000+00:00,36.5803,71.0265,219.13,3.9,mb,"35 km SSE of Jurm, Afghanistan",Intermediate (70–300 km),2022
2022-06-17 09:22:58.499000+00:00,36.5049,71.1541,220.21,5.1,mww,"39 km WSW of Ashk?sham, Afghanistan",Intermediate (70–300 km),2022
2022-06-17 12:25:14.704000+00:00,36.3681,71.1179,89.766,4.8,mww,"51 km SW of Ashk?sham, Afghanistan",Intermediate (70–300 km),2022
2022-06-21 00:49:18.013000+00:00,36.4196,70.8008,116.41,4.1,mb,"49 km S of Jurm, Afghanistan",Intermediate (70–300 km),2022
2022-06-22 22:11:46.712000+00:00,28.3742,83.8247,10.0,4.6,mb,"14 km ESE of Chitre, Nepal",Shallow (<70 km),2022
2022-06-23 01:48:58.334000+00:00,36.4687,70.729,214.33,4.2,mb,"44 km SSW of Jurm, Afghanistan",Intermediate (70–300 km),2022
2022-06-23 03:56:52.409000+00:00,36.5151,70.5109,220.16,4.3,mb,"48 km SW of Jurm, Afghanistan",Intermediate (70–300 km),2022
2022-06-25 21:12:01.215000+00:00,36.4865,70.8165,145.65,3.5,mb,"Hindu Kush region, Afghanistan",Intermediate (70–300 km),2022
2022-06-27 22:49:50.675000+00:00,28.8231,76.6692,10.0,3.7,mb,"11 km SE of Rohtak, India",Shallow (<70 km),2022
2022-06-29 04:30:31.097000+00:00,36.4184,70.7633,209.373,4.8,mww,"49 km S of Jurm, Afghanistan",Intermediate (70–300 km),2022
2022-07-01 18:29:53.402000+00:00,27.1505,89.2837,10.0,4.2,mb,"22 km NNW of Daphu, Bhutan",Shallow (<70 km),2022
2022-07-01 21:23:45.408000+00:00,27.0855,89.0981,10.0,4.2,mb,"20 km N of Samtse, Bhutan",Shallow (<70 km),2022
2022-07-04 10:37:16.873000+00:00,36.5046,83.3899,10.0,4.5,mb,"southern Xinjiang, China",Shallow (<70 km),2022
2022-07-07 17:41:26.999000+00:00,36.4242,71.1755,89.0,4.2,mb,"43 km SW of Ashk?sham, Afghanistan",Intermediate (70–300 km),2022
2022-07-08 04:30:25.912000+00:00,27.8815,94.1134,10.0,4.3,mb,"41 km NE of Ziro, India",Shallow (<70 km),2022
2022-07-08 11:51:00.494000+00:00,36.4514,71.0547,134.96,4.0,mb,"49 km SSE of Jurm, Afghanistan",Intermediate (70–300 km),2022
2022-07-10 14:04:39.640000+00:00,29.6405,80.8736,10.0,4.2,mb,"37 km SE of D?rchul?, Nepal",Shallow (<70 km),2022
2022-07-12 04:35:19.618000+00:00,36.5302,71.2331,204.14,4.2,mb,"31 km WSW of Ashk?sham, Afghanistan",Intermediate (70–300 km),2022
2022-07-12 05:12:04.111000+00:00,36.0582,70.7605,110.08,4.2,mb,"72 km NNW of P?r?n, Afghanistan",Intermediate (70–300 km),2022
2022-07-18 11:34:30.969000+00:00,36.6953,71.0468,211.03,4.3,mb,"26 km SE of Jurm, Afghanistan",Intermediate (70–300 km),2022
2022-07-18 14:38:21.481000+00:00,36.5911,70.9833,208.72,4.9,mb,"33 km SSE of Jurm, Afghanistan",Intermediate (70–300 km),2022
2022-07-24 07:06:54.744000+00:00,30.7594,78.396,20.888,4.0,mb,"5 km NW of Uttark?shi, India",Shallow (<70 km),2022
2022-07-25 00:22:09.402000+00:00,27.8961,85.5825,10.0,4.3,mb,"20 km NNE of Nagarkot, Nepal",Shallow (<70 km),2022
2022-07-26 03:12:07.119000+00:00,34.644,80.2097,10.0,4.2,mb,"247 km ENE of Leh, India",Shallow (<70 km),2022
2022-07-26 20:37:18.652000+00:00,36.4291,70.591,216.706,4.9,mww,"53 km SSW of Jurm, Afghanistan",Intermediate (70–300 km),2022
2022-07-30 20:00:00.283000+00:00,25.1564,89.5344,10.0,4.0,mb,"27 km NE of Shibganj, Bangladesh",Shallow (<70 km),2022
2022-07-31 02:28:08.777000+00:00,27.1316,86.7827,10.0,5.1,mb,"26 km W of Bhojpur, Nepal",Shallow (<70 km),2022
2022-08-04 19:08:10.347000+00:00,36.4812,71.3235,98.864,4.6,mb,Afghanistan-Tajikistan-Pakistan region,Intermediate (70–300 km),2022
2022-08-05 03:21:05.826000+00:00,36.4332,71.1844,143.347,3.9,mb,"41 km SW of Ashk?sham, Afghanistan",Intermediate (70–300 km),2022
2022-08-05 23:41:04.059000+00:00,27.7936,84.9833,10.0,4.4,mb,"31 km WNW of Kirtipur, Nepal",Shallow (<70 km),2022
2022-08-06 15:21:34.383000+00:00,36.6671,71.2334,228.415,4.2,mb,"26 km W of Ashk?sham, Afghanistan",Intermediate (70–300 km),2022
2022-08-08 04:30:10.945000+00:00,36.5995,71.2897,110.101,4.0,mb,"23 km WSW of Ashk?sham, Afghanistan",Intermediate (70–300 km),2022
2022-08-10 08:15:32.355000+00:00,33.581,81.7365,10.0,4.4,mb,western Xizang,Shallow (<70 km),2022
2022-08-10 08:23:38.648000+00:00,33.6101,81.8439,10.0,4.0,mb,western Xizang,Shallow (<70 km),2022
2022-08-10 17:48:16.672000+00:00,32.6407,83.4054,10.0,4.1,mb,western Xizang,Shallow (<70 km),2022
2022-08-12 08:09:47.048000+00:00,36.5038,71.0949,143.445,4.6,mb,"44 km WSW of Ashk?sham, Afghanistan",Intermediate (70–300 km),2022
2022-08-13 14:58:17.076000+00:00,36.3121,71.2298,102.123,4.0,mb,"49 km SSW of Ashk?sham, Afghanistan",Intermediate (70–300 km),2022
2022-08-13 20:01:09.554000+00:00,25.6628,99.9823,10.0,4.2,mb,"24 km WNW of Dali, China",Shallow (<70 km),2022
2022-08-14 08:20:00.340000+00:00,33.1157,92.7977,5.0,5.7,mww,"194 km NNE of Nagqu, China",Shallow (<70 km),2022
2022-08-14 08:24:33.414000+00:00,33.0004,92.8321,10.0,4.2,mb,"184 km NNE of Nagqu, China",Shallow (<70 km),2022
2022-08-15 13:05:06.456000+00:00,33.1189,90.4421,10.0,4.5,mb,"237 km NW of Nagqu, China",Shallow (<70 km),2022
2022-08-16 02:22:57.072000+00:00,33.0358,90.2706,10.0,4.1,mb,"241 km NW of Nagqu, China",Shallow (<70 km),2022
2022-08-19 19:42:42.048000+00:00,28.0619,81.1968,10.0,4.9,mb,"12 km NE of Dhaurahra, India",Shallow (<70 km),2022
2022-08-21 21:00:29.847000+00:00,36.561,70.8175,203.258,4.1,mb,"33 km S of Jurm, Afghanistan",Intermediate (70–300 km),2022
2022-08-22 20:50:28.977000+00:00,33.2367,75.8439,10.0,4.0,mb,"11 km SE of Kishtw?r, India",Shallow (<70 km),2022
2022-08-24 17:34:21.884000+00:00,33.1509,75.7219,10.0,4.2,mb,"16 km E of Doda, India",Shallow (<70 km),2022
2022-08-25 00:50:35.832000+00:00,30.0203,99.5745,10.0,4.0,mb,"229 km W of Kangding, China",Shallow (<70 km),2022
2022-08-25 21:25:39.860000+00:00,35.928,70.9051,94.985,4.4,mb,"56 km N of P?r?n, Afghanistan",Intermediate (70–300 km),2022
2022-08-26 04:52:25.244000+00:00,25.0099,95.2338,91.384,4.6,mb,"103 km SE of Phek, India",Intermediate (70–300 km),2022
2022-08-28 07:42:30.402000+00:00,30.0903,99.7323,10.0,4.3,mb,"Western Sichuan, China",Shallow (<70 km),2022
2022-08-29 12:04:35.708000+00:00,35.0258,81.2853,10.0,4.3,mb,Xinjiang-Xizang border region,Shallow (<70 km),2022
2022-08-29 12:54:02.976000+00:00,29.024,96.1153,10.0,4.2,mb,"113 km NNW of Hayuliang, India",Shallow (<70 km),2022
2022-08-30 08:45:29.038000+00:00,36.4496,71.1575,137.894,4.2,mb,Afghanistan-Tajikistan-Pakistan region,Intermediate (70–300 km),2022
2022-08-31 09:13:10.583000+00:00,33.5925,82.0102,10.0,4.5,mb,western Xizang,Shallow (<70 km),2022
2022-09-04 21:57:35.743000+00:00,34.6636,70.7117,10.0,5.1,mww,"35 km NE of Jal?l?b?d, Afghanistan",Shallow (<70 km),2022
2022-09-05 00:48:40.985000+00:00,33.6729,88.8317,12.679,4.2,mb,western Xizang,Shallow (<70 km),2022
2022-09-05 05:38:06.906000+00:00,31.8483,92.7896,10.0,4.5,mb,"80 km ENE of Nagqu, China",Shallow (<70 km),2022
2022-09-05 07:00:02+00:00,31.8067,92.8086,10.0,4.4,mb,"80 km ENE of Nagqu, China",Shallow (<70 km),2022
2022-09-05 11:57:01.033000+00:00,34.5991,70.5807,10.0,4.6,mb,"22 km NNE of Jal?l?b?d, Afghanistan",Shallow (<70 km),2022
2022-09-06 07:04:42.759000+00:00,36.6227,70.6462,69.06,4.8,mb,"31 km SSW of Jurm, Afghanistan",Shallow (<70 km),2022
2022-09-06 17:21:09.751000+00:00,33.6179,81.9599,10.0,4.3,mb,western Xizang,Shallow (<70 km),2022
2022-09-07 01:02:40.387000+00:00,36.5732,71.1671,209.002,4.1,mb,"34 km WSW of Ashk?sham, Afghanistan",Intermediate (70–300 km),2022
2022-09-07 08:09:13.956000+00:00,34.5449,70.7074,10.0,4.6,mb,"26 km ENE of Jal?l?b?d, Afghanistan",Shallow (<70 km),2022
2022-09-07 13:22:07.091000+00:00,36.6965,71.2004,197.819,4.2,mb,Afghanistan-Tajikistan-Pakistan region,Intermediate (70–300 km),2022
2022-09-08 01:50:50.946000+00:00,35.9009,77.8306,10.0,4.4,mb,"143 km NE of Thang, India",Shallow (<70 km),2022
2022-09-08 18:56:51.416000+00:00,35.9625,77.7205,10.0,4.0,mb,"142 km NE of Thang, India",Shallow (<70 km),2022
2022-09-09 03:08:38.655000+00:00,33.5248,81.911,10.0,4.5,mb,western Xizang,Shallow (<70 km),2022
2022-09-09 07:33:42.898000+00:00,36.5582,71.0865,200.937,4.4,mb,"40 km SSE of Jurm, Afghanistan",Intermediate (70–300 km),2022
2022-09-13 21:35:13.787000+00:00,26.6232,96.133,10.0,4.4,mb,"71 km SE of Khonsa, India",Shallow (<70 km),2022
2022-09-15 22:49:37.729000+00:00,35.907,77.7506,10.0,4.9,mww,"139 km NE of Thang, India",Shallow (<70 km),2022
2022-09-17 23:33:29.809000+00:00,26.368,96.6018,122.703,4.3,mb,"27 km NW of Sarupathar, India",Intermediate (70–300 km),2022
2022-09-18 12:57:55.916000+00:00,28.8975,95.861,10.0,4.5,mb,"105 km NNE of P?sigh?t, India",Shallow (<70 km),2022
2022-09-18 14:46:35.427000+00:00,36.9732,71.2341,104.279,4.3,mb,Afghanistan-Tajikistan-Pakistan region,Intermediate (70–300 km),2022
2022-09-18 15:06:41.302000+00:00,35.9282,77.9225,10.0,4.1,mb,"151 km NE of Thang, India",Shallow (<70 km),2022
2022-09-19 00:39:26.290000+00:00,31.2049,82.7913,16.108,4.1,mb,"184 km ENE of Burang, China",Shallow (<70 km),2022
2022-09-19 04:00:00.077000+00:00,35.5275,74.9896,10.0,4.6,mb,"63 km WNW of Skardu, Pakistan",Shallow (<70 km),2022
2022-09-19 12:05:48.432000+00:00,29.9356,99.7046,10.0,4.0,mb,"217 km W of Kangding, China",Shallow (<70 km),2022
2022-09-19 16:28:27.802000+00:00,34.6729,80.1671,10.0,4.7,mb,"244 km ENE of Leh, India",Shallow (<70 km),2022
2022-09-19 19:37:15.598000+00:00,34.6823,80.1396,10.0,4.3,mb,"241 km ENE of Leh, India",Shallow (<70 km),2022
2022-09-19 20:44:55.316000+00:00,36.7216,71.3253,183.637,4.1,mb,"19 km WNW of Ashk?sham, Afghanistan",Intermediate (70–300 km),2022
2022-09-19 22:36:13.138000+00:00,36.4285,71.173,207.395,4.3,mb,Afghanistan-Tajikistan-Pakistan region,Intermediate (70–300 km),2022
2022-09-20 04:18:30.861000+00:00,34.7011,70.603,10.0,4.4,mb,"Hindu Kush region, Afghanistan",Shallow (<70 km),2022
2022-09-20 10:23:14.632000+00:00,29.8057,99.3248,10.0,4.4,mb,"222 km N of Shangri-La, China",Shallow (<70 km),2022
2022-09-20 14:08:44.334000+00:00,32.4185,81.4719,10.0,4.2,mb,"237 km N of Burang, China",Shallow (<70 km),2022
2022-09-22 23:52:59.626000+00:00,36.0685,70.6615,107.646,4.5,mb,"75 km NNW of P?r?n, Afghanistan",Intermediate (70–300 km),2022
2022-09-23 14:32:28.661000+00:00,33.6845,81.9355,10.0,4.4,mb,western Xizang,Shallow (<70 km),2022
2022-09-23 23:33:08.970000+00:00,36.5316,71.0249,199.179,4.0,mb,"40 km SSE of Jurm, Afghanistan",Intermediate (70–300 km),2022
2022-09-25 17:12:37.676000+00:00,29.8996,99.585,10.0,4.2,mb,"229 km W of Kangding, China",Shallow (<70 km),2022
2022-09-26 15:07:53.838000+00:00,35.9041,70.6052,101.245,4.2,mb,"60 km NNW of P?r?n, Afghanistan",Intermediate (70–300 km),2022
2022-09-27 01:04:58.038000+00:00,32.8847,73.58,10.0,4.3,mb,"15 km WSW of Jhelum, Pakistan",Shallow (<70 km),2022
2022-09-28 05:41:16.561000+00:00,36.3288,72.6568,58.337,4.4,mb,"75 km SSE of Khand?d, Afghanistan",Shallow (<70 km),2022
2022-10-02 21:12:09.972000+00:00,33.2718,92.3768,10.0,4.2,mb,"201 km N of Nagqu, China",Shallow (<70 km),2022
2022-10-02 23:28:25.589000+00:00,36.1294,70.7686,91.572,4.4,mb,"79 km N of P?r?n, Afghanistan",Intermediate (70–300 km),2022
2022-10-08 04:39:29.974000+00:00,36.4985,70.3221,220.12,4.0,mb,"42 km ESE of Farkh?r, Afghanistan",Intermediate (70–300 km),2022
2022-10-10 03:20:07.448000+00:00,36.359,70.7118,135.869,4.0,mb,"57 km S of Jurm, Afghanistan",Intermediate (70–300 km),2022
2022-10-11 02:41:02.161000+00:00,36.6384,70.8961,219.825,4.0,mb,"25 km SSE of Jurm, Afghanistan",Intermediate (70–300 km),2022
2022-10-12 10:02:13.658000+00:00,36.9227,95.7811,10.0,4.7,mb,"northern Qinghai, China",Shallow (<70 km),2022
2022-10-12 11:19:31.843000+00:00,29.9412,99.6333,10.0,4.3,mb,"224 km W of Kangding, China",Shallow (<70 km),2022
2022-10-17 08:48:23.111000+00:00,33.5679,81.8588,10.0,4.7,mb,western Xizang,Shallow (<70 km),2022
2022-10-18 12:09:45.297000+00:00,32.3641,78.6637,10.0,4.5,mb,"125 km NE of Sar?han, India",Shallow (<70 km),2022
2022-10-19 09:22:40.123000+00:00,27.894,86.0386,23.943,4.9,mb,"10 km SE of Kod?ri??, Nepal",Shallow (<70 km),2022
2022-10-19 10:08:35.308000+00:00,27.8248,86.0362,22.2,4.2,mb,"16 km SSE of Kod?ri??, Nepal",Shallow (<70 km),2022
2022-10-19 20:35:22.038000+00:00,36.2664,71.2038,99.091,4.3,mb,"54 km SSW of Ashk?sham, Afghanistan",Intermediate (70–300 km),2022
2022-10-21 04:07:10.974000+00:00,36.6385,71.1062,203.205,4.1,mb,"34 km SE of Jurm, Afghanistan",Intermediate (70–300 km),2022
2022-10-29 15:41:08.165000+00:00,36.5219,71.2745,130.931,4.1,mb,"29 km SW of Ashk?sham, Afghanistan",Intermediate (70–300 km),2022
2022-10-30 03:41:50.868000+00:00,29.5573,81.0921,10.0,4.5,mb,"36 km NNE of Dipayal, Nepal",Shallow (<70 km),2022
2022-10-30 14:41:03.782000+00:00,36.5144,71.3103,93.169,4.1,mb,"27 km SW of Ashk?sham, Afghanistan",Intermediate (70–300 km),2022
2022-10-30 14:45:06.392000+00:00,25.1215,92.205,10.0,4.2,mb,"31 km NNW of Kar?mganj, India",Shallow (<70 km),2022
2022-10-31 00:45:56.922000+00:00,26.6099,96.5205,10.0,4.6,mb,"53 km NNW of Sarupathar, India",Shallow (<70 km),2022
2022-10-31 19:44:57.958000+00:00,36.5904,71.4367,112.713,4.3,mb,"13 km SW of Ashk?sham, Afghanistan",Intermediate (70–300 km),2022
2022-11-01 13:48:21.193000+00:00,32.9696,86.7743,10.0,4.9,mb,western Xizang,Shallow (<70 km),2022
2022-11-01 22:06:54.963000+00:00,33.1963,92.0137,10.0,5.0,mb,"190 km N of Nagqu, China",Shallow (<70 km),2022
2022-11-02 03:07:58.893000+00:00,36.3763,71.307,100.585,4.1,mb,"39 km SSW of Ashk?sham, Afghanistan",Intermediate (70–300 km),2022
2022-11-03 23:04:04.862000+00:00,36.6048,70.8899,215.868,4.3,mb,"29 km S of Jurm, Afghanistan",Intermediate (70–300 km),2022
2022-11-05 17:51:42.527000+00:00,36.5149,70.3789,196.417,4.3,mb,"47 km E of Farkh?r, Afghanistan",Intermediate (70–300 km),2022
2022-11-06 03:03:03.944000+00:00,30.7102,78.5669,22.322,4.6,mb,"Uttaranchal, India",Shallow (<70 km),2022
2022-11-06 07:05:25.732000+00:00,36.4624,70.5744,202.019,4.4,mb,"50 km SSW of Jurm, Afghanistan",Intermediate (70–300 km),2022
2022-11-06 16:28:40.298000+00:00,27.9764,88.2153,10.0,4.0,mb,"59 km NNW of Mangan, India",Shallow (<70 km),2022
2022-11-07 23:07:22.073000+00:00,28.9207,86.6701,10.0,4.2,mb,"108 km N of Lobujya, Nepal",Shallow (<70 km),2022
2022-11-08 15:22:35.973000+00:00,29.3448,81.1922,10.0,4.7,mb,"26 km ENE of Dipayal, Nepal",Shallow (<70 km),2022
2022-11-08 20:27:22.316000+00:00,29.2917,81.1593,11.0,5.7,mww,Nepal,Shallow (<70 km),2022
2022-11-09 00:57:14.321000+00:00,29.9803,80.2903,22.974,4.4,mb,"26 km WNW of Dh?rchula, India",Shallow (<70 km),2022
2022-11-09 23:28:02.358000+00:00,29.352,81.1564,10.0,4.3,mb,Nepal,Shallow (<70 km),2022
2022-11-10 05:01:05.611000+00:00,28.3835,94.4118,15.0,5.5,mww,"16 km SSE of Shi Yomi, India",Shallow (<70 km),2022
2022-11-12 07:08:11.149000+00:00,36.5158,71.1766,83.718,4.6,mb,"36 km WSW of Ashk?sham, Afghanistan",Intermediate (70–300 km),2022
2022-11-12 14:27:05.131000+00:00,29.3523,81.1777,10.0,5.2,mww,"25 km ENE of Dipayal, Nepal",Shallow (<70 km),2022
2022-11-13 15:44:46.024000+00:00,33.6266,82.0467,10.0,4.1,mb,western Xizang,Shallow (<70 km),2022
2022-11-13 22:12:16.150000+00:00,31.6076,73.0214,10.0,4.4,mb,"13 km SSE of Chiniot, Pakistan",Shallow (<70 km),2022
2022-11-14 04:29:12.554000+00:00,33.0877,92.051,10.0,4.0,mb,"178 km N of Nagqu, China",Shallow (<70 km),2022
2022-11-14 07:41:29.999000+00:00,36.469,71.002,153.469,4.0,mb,"46 km SSE of Jurm, Afghanistan",Intermediate (70–300 km),2022
2022-11-16 16:02:53.870000+00:00,31.8986,76.9792,10.0,4.4,mb,"13 km WSW of Kulu, India",Shallow (<70 km),2022
2022-11-17 08:35:45.861000+00:00,33.5036,72.1278,25.92,4.4,mb,"12 km NE of Jand, Pakistan",Shallow (<70 km),2022
2022-11-17 10:37:58.751000+00:00,36.3373,70.9558,108.455,4.3,mb,"59 km S of Jurm, Afghanistan",Intermediate (70–300 km),2022
2022-11-17 23:45:15.877000+00:00,33.4034,88.0892,10.778,4.1,mb,western Xizang,Shallow (<70 km),2022
2022-11-18 06:13:18.603000+00:00,33.4826,81.7097,10.0,4.5,mb,western Xizang,Shallow (<70 km),2022
2022-11-18 22:26:52.838000+00:00,34.6684,70.5727,10.0,4.0,mb,"29 km NNE of Jal?l?b?d, Afghanistan",Shallow (<70 km),2022
2022-11-19 08:41:06.777000+00:00,36.6359,71.3665,223.813,4.4,mb,"15 km WSW of Ashk?sham, Afghanistan",Intermediate (70–300 km),2022
2022-11-20 02:03:23.223000+00:00,36.6665,71.1539,207.291,4.2,mb,"33 km W of Ashk?sham, Afghanistan",Intermediate (70–300 km),2022
2022-11-21 15:02:06.961000+00:00,36.556,71.2504,100.444,4.2,mb,"28 km WSW of Ashk?sham, Afghanistan",Intermediate (70–300 km),2022
2022-11-22 04:35:48.715000+00:00,36.186,77.8163,85.634,4.5,mb,"148 km SW of Zangguy, China",Intermediate (70–300 km),2022
2022-11-22 14:39:41.427000+00:00,36.3563,70.6926,102.269,4.2,mb,"57 km SSW of Jurm, Afghanistan",Intermediate (70–300 km),2022
2022-11-23 04:07:01.135000+00:00,36.6778,71.2267,216.267,4.0,mb,"27 km W of Ashk?sham, Afghanistan",Intermediate (70–300 km),2022
2022-11-23 08:45:18.130000+00:00,36.5152,70.6088,200.696,4.5,mb,"43 km SSW of Jurm, Afghanistan",Intermediate (70–300 km),2022
2022-11-25 16:49:28.073000+00:00,36.6873,71.0338,230.981,4.1,mb,"26 km SE of Jurm, Afghanistan",Intermediate (70–300 km),2022
2022-11-29 11:26:25.241000+00:00,32.3249,97.2068,10.0,4.0,mb,"132 km N of Qamdo, China",Shallow (<70 km),2022
2022-11-29 20:21:06.444000+00:00,36.3986,70.6357,140.832,4.1,mb,"54 km SSW of Jurm, Afghanistan",Intermediate (70–300 km),2022
2022-12-03 01:21:40.640000+00:00,35.4013,71.0115,97.436,4.3,mb,"8 km ESE of P?r?n, Afghanistan",Intermediate (70–300 km),2022
2022-12-03 02:59:37.987000+00:00,36.5846,71.4785,90.921,4.5,mb,"12 km SSW of Ashk?sham, Afghanistan",Intermediate (70–300 km),2022
2022-12-03 06:24:03.902000+00:00,34.3699,85.1572,10.0,4.6,mb,western Xizang,Shallow (<70 km),2022
2022-12-03 15:54:11.766000+00:00,36.5299,70.4886,206.272,4.2,mb,"Hindu Kush region, Afghanistan",Intermediate (70–300 km),2022
2022-12-08 20:01:41.565000+00:00,36.4811,71.2461,120.961,4.0,mb,"34 km SW of Ashk?sham, Afghanistan",Intermediate (70–300 km),2022
2022-12-09 15:40:44.925000+00:00,26.0254,95.3931,99.202,4.5,mb,Myanmar-India border region,Intermediate (70–300 km),2022
2022-12-11 03:13:53.784000+00:00,36.6716,71.0593,243.953,4.5,mb,"29 km SE of Jurm, Afghanistan",Intermediate (70–300 km),2022
2022-12-11 09:53:38.335000+00:00,36.7551,71.1267,95.589,4.6,mb,"28 km ESE of Jurm, Afghanistan",Intermediate (70–300 km),2022
2022-12-12 02:11:07.931000+00:00,36.5658,71.0032,219.279,4.4,mb,"36 km SSE of Jurm, Afghanistan",Intermediate (70–300 km),2022
2022-12-12 14:41:36.662000+00:00,30.7282,96.3491,10.0,4.3,mb,"91 km WSW of Qamdo, China",Shallow (<70 km),2022
2022-12-15 17:07:39.851000+00:00,36.3421,71.0118,104.319,4.3,mb,"60 km SW of Ashk?sham, Afghanistan",Intermediate (70–300 km),2022
2022-12-18 13:29:08.283000+00:00,34.4629,82.5664,10.0,4.7,mb,western Xizang,Shallow (<70 km),2022
2022-12-18 16:07:43.536000+00:00,33.5804,84.4438,10.0,4.4,mb,western Xizang,Shallow (<70 km),2022
2022-12-20 02:12:04.202000+00:00,31.8349,94.2256,10.0,4.4,mb,"209 km E of Nagqu, China",Shallow (<70 km),2022
2022-12-20 09:54:36.748000+00:00,36.861,78.6195,10.0,4.3,mb,"48 km SSW of Zangguy, China",Shallow (<70 km),2022
2022-12-21 02:27:01.824000+00:00,36.5417,71.4099,116.948,4.4,mb,"19 km SW of Ashk?sham, Afghanistan",Intermediate (70–300 km),2022
2022-12-21 06:27:42.596000+00:00,36.5404,70.8832,185.215,4.0,mb,"36 km S of Jurm, Afghanistan",Intermediate (70–300 km),2022
2022-12-21 19:33:15.412000+00:00,36.7182,71.0735,221.368,4.2,mb,"26 km SE of Jurm, Afghanistan",Intermediate (70–300 km),2022
2022-12-22 02:47:03.461000+00:00,35.5858,99.0266,10.0,4.9,mww,"271 km WSW of Xining, China",Shallow (<70 km),2022
2022-12-23 01:30:55.904000+00:00,28.5471,83.0809,10.0,4.2,mb,"58 km WNW of B?glung, Nepal",Shallow (<70 km),2022
2022-12-23 01:31:21.071000+00:00,28.4999,83.1015,10.0,4.5,mb,Nepal,Shallow (<70 km),2022
2022-12-26 02:57:03.782000+00:00,36.5225,70.8007,177.945,4.4,mb,"38 km S of Jurm, Afghanistan",Intermediate (70–300 km),2022
2022-12-26 10:39:15.175000+00:00,33.5442,81.816,10.0,4.3,mb,western Xizang,Shallow (<70 km),2022
2022-12-27 19:38:12.218000+00:00,28.926,83.6137,24.596,4.0,mb,"55 km N of Chitre, Nepal",Shallow (<70 km),2022
2022-12-27 20:22:03.128000+00:00,28.4898,83.1553,18.597,4.6,mb,"48 km WNW of B?glung, Nepal",Shallow (<70 km),2022
2022-12-28 22:50:11.288000+00:00,36.5728,70.9592,202.082,4.0,mb,"34 km SSE of Jurm, Afghanistan",Intermediate (70–300 km),2022
2022-12-30 01:45:16.195000+00:00,36.6977,71.4086,181.299,4.2,mb,"11 km W of Ashk?sham, Afghanistan",Intermediate (70–300 km),2022
2022-12-31 19:49:41.613000+00:00,28.7191,76.6286,10.0,4.1,mb,"Haryana, India",Shallow (<70 km),2022
2023-01-01 06:39:45.016000+00:00,36.5374,70.9078,187.282,4.8,mb,"36 km S of Jurm, Afghanistan",Intermediate (70–300 km),2023
2023-01-01 13:02:57.452000+00:00,36.691,76.9958,98.403,4.3,mb,Kashmir-Xinjiang border region,Intermediate (70–300 km),2023
2023-01-01 21:24:15.849000+00:00,29.7295,70.1934,10.0,4.3,mb,"25 km NW of Dajal, Pakistan",Shallow (<70 km),2023
2023-01-02 04:21:34.794000+00:00,27.5974,90.3069,35.0,4.4,mb,"22 km WNW of Trongsa, Bhutan",Shallow (<70 km),2023
2023-01-04 05:02:03.636000+00:00,33.2233,87.073,10.0,4.1,mb,western Xizang,Shallow (<70 km),2023
2023-01-04 10:04:28.046000+00:00,31.7032,73.979,10.0,4.2,mb,"1 km SSW of Shekhupura, Pakistan",Shallow (<70 km),2023
2023-01-05 14:25:53.019000+00:00,36.4738,70.7455,203.0,6.0,mww,"44 km S of Jurm, Afghanistan",Intermediate (70–300 km),2023
2023-01-09 04:48:16.893000+00:00,36.5315,70.9571,193.763,4.0,mb,"38 km SSE of Jurm, Afghanistan",Intermediate (70–300 km),2023
2023-01-10 01:42:57.492000+00:00,26.705,96.5576,10.0,4.6,mb,"60 km NNW of Sarupathar, India",Shallow (<70 km),2023
2023-01-12 09:58:36.471000+00:00,31.6045,82.9741,10.0,4.2,mb,western Xizang,Shallow (<70 km),2023
2023-01-12 16:18:38.280000+00:00,36.4328,71.1482,231.547,4.1,mb,"44 km SW of Ashk?sham, Afghanistan",Intermediate (70–300 km),2023
2023-01-14 08:02:29.331000+00:00,32.9751,92.4784,10.0,4.3,mb,"170 km NNE of Nagqu, China",Shallow (<70 km),2023
2023-01-16 11:29:41.721000+00:00,35.7538,80.0339,10.0,4.3,mb,"150 km S of Hotan, China",Shallow (<70 km),2023
2023-01-16 11:44:59.459000+00:00,35.7132,80.2659,10.0,4.2,mb,"157 km S of Hotan, China",Shallow (<70 km),2023
2023-01-19 11:30:42.960000+00:00,35.5464,71.3961,104.372,5.1,mww,"45 km ENE of P?r?n, Afghanistan",Intermediate (70–300 km),2023
2023-01-20 01:20:11.002000+00:00,35.4553,80.4047,10.0,4.3,mb,Xinjiang-Xizang border region,Shallow (<70 km),2023
2023-01-20 16:43:23.840000+00:00,33.6574,81.8588,10.0,4.3,mb,western Xizang,Shallow (<70 km),2023
2023-01-22 03:34:41.423000+00:00,36.4969,70.2902,202.922,4.1,mb,"39 km ESE of Farkh?r, Afghanistan",Intermediate (70–300 km),2023
2023-01-22 21:22:37.602000+00:00,36.5949,70.8744,214.022,4.4,mb,"30 km S of Jurm, Afghanistan",Intermediate (70–300 km),2023
2023-01-24 08:58:33.123000+00:00,29.5825,81.6638,33.11,5.4,mww,"60 km NW of Jumla, Nepal",Shallow (<70 km),2023
2023-01-25 16:02:10.186000+00:00,35.7331,79.8502,10.0,5.0,mww,"152 km S of Hotan, China",Shallow (<70 km),2023
2023-01-25 16:10:48.554000+00:00,35.6956,80.0682,10.0,4.4,mb,"157 km S of Hotan, China",Shallow (<70 km),2023
2023-01-26 01:41:56.836000+00:00,36.0944,70.2975,123.331,4.1,mb,"66 km SE of Farkh?r, Afghanistan",Intermediate (70–300 km),2023
2023-01-26 01:59:58.723000+00:00,25.7328,90.4362,36.679,4.0,mb,"33 km NE of Tura, India",Shallow (<70 km),2023
2023-01-28 01:08:04.554000+00:00,36.4986,71.3233,92.65,4.3,mb,"27 km SW of Ashk?sham, Afghanistan",Intermediate (70–300 km),2023
2023-01-28 23:18:22.828000+00:00,35.811,80.0799,15.071,4.3,mb,"144 km S of Hotan, China",Shallow (<70 km),2023
2023-01-29 07:54:47.532000+00:00,33.5931,72.8907,30.793,4.4,mb,"14 km W of Rawalpindi, Pakistan",Shallow (<70 km),2023
2023-01-30 17:07:44.514000+00:00,35.7367,79.8867,10.0,5.0,mww,"152 km S of Hotan, China",Shallow (<70 km),2023
2023-02-03 21:22:53.059000+00:00,36.4094,70.7814,205.818,4.3,mb,"50 km S of Jurm, Afghanistan",Intermediate (70–300 km),2023
2023-02-04 03:37:21.314000+00:00,36.6455,71.2009,221.972,4.1,mb,"30 km W of Ashk?sham, Afghanistan",Intermediate (70–300 km),2023
2023-02-04 10:47:31.711000+00:00,36.4381,70.9881,153.041,4.1,mb,"Hindu Kush region, Afghanistan",Intermediate (70–300 km),2023
2023-02-06 11:04:07.452000+00:00,36.5065,70.3144,194.34,4.1,mb,"41 km E of Farkh?r, Afghanistan",Intermediate (70–300 km),2023
2023-02-07 05:08:59.651000+00:00,31.7237,93.6523,10.0,4.2,mb,Eastern Xizang,Shallow (<70 km),2023
2023-02-09 16:06:33.824000+00:00,31.927,92.9392,15.284,4.0,mb,"97 km ENE of Nagqu, China",Shallow (<70 km),2023
2023-02-10 04:40:52.049000+00:00,36.7449,71.1258,210.571,4.2,mb,"29 km ESE of Jurm, Afghanistan",Intermediate (70–300 km),2023
2023-02-12 10:48:14.855000+00:00,26.3749,92.9259,10.0,4.2,mb,"31 km SSE of Tezpur, India",Shallow (<70 km),2023
2023-02-12 22:45:05.505000+00:00,27.986,88.0003,60.903,4.0,mb,"73 km NW of Mangan, India",Shallow (<70 km),2023
2023-02-13 01:17:53.573000+00:00,36.5303,71.2129,97.28,4.1,mb,"33 km WSW of Ashk?sham, Afghanistan",Intermediate (70–300 km),2023
2023-02-13 02:59:47.109000+00:00,36.4994,70.3753,202.811,4.0,mb,"47 km E of Farkh?r, Afghanistan",Intermediate (70–300 km),2023
2023-02-14 15:37:30.155000+00:00,36.6928,71.02,218.501,4.2,mb,"25 km SE of Jurm, Afghanistan",Intermediate (70–300 km),2023
2023-02-16 03:56:28.218000+00:00,25.1917,91.8394,57.099,4.3,mb,"18 km SE of Cherrapunji, India",Shallow (<70 km),2023
2023-02-18 07:39:19.120000+00:00,36.527,70.8332,179.846,4.2,mb,"37 km S of Jurm, Afghanistan",Intermediate (70–300 km),2023
2023-02-19 07:21:55.890000+00:00,36.5342,70.2087,207.364,4.1,mb,"31 km E of Farkh?r, Afghanistan",Intermediate (70–300 km),2023
2023-02-21 11:35:18.592000+00:00,36.201,70.0083,171.083,4.1,mb,"43 km SSE of Farkh?r, Afghanistan",Intermediate (70–300 km),2023
2023-02-21 17:05:11.551000+00:00,31.7809,93.5414,16.796,4.5,mb,"144 km ENE of Nagqu, China",Shallow (<70 km),2023
2023-02-22 08:00:22.588000+00:00,29.6254,81.5737,20.937,4.8,mb,"70 km WNW of Jumla, Nepal",Shallow (<70 km),2023
2023-02-24 01:06:31.718000+00:00,33.7601,72.7349,10.0,4.1,mb,"27 km E of Sanjwal, Pakistan",Shallow (<70 km),2023
2023-02-26 04:19:53.486000+00:00,25.6554,90.4081,10.0,4.3,mb,"25 km NE of Tura, India",Shallow (<70 km),2023
2023-02-26 07:06:04.699000+00:00,29.7352,81.127,10.0,4.3,mb,Nepal,Shallow (<70 km),2023
2023-02-26 09:59:16.507000+00:00,36.1711,70.7199,115.224,4.3,mb,"77 km S of Jurm, Afghanistan",Intermediate (70–300 km),2023
2023-02-27 22:35:23.020000+00:00,36.3774,70.6141,180.148,4.1,mb,"57 km SSW of Jurm, Afghanistan",Intermediate (70–300 km),2023
2023-02-28 18:17:05.853000+00:00,36.4747,70.7789,202.552,4.1,mb,"43 km S of Jurm, Afghanistan",Intermediate (70–300 km),2023
2023-03-01 01:26:39.071000+00:00,36.4588,70.8632,183.185,4.3,mb,"45 km S of Jurm, Afghanistan",Intermediate (70–300 km),2023
2023-03-02 08:12:56.235000+00:00,28.3307,87.3045,10.0,4.0,mb,"64 km NE of Lobuche, Nepal",Shallow (<70 km),2023
2023-03-03 01:13:47.387000+00:00,29.8612,94.9521,10.0,4.2,mb,"157 km NNE of Shi Yomi, India",Shallow (<70 km),2023
2023-03-05 01:26:27.302000+00:00,36.7649,71.3667,179.856,4.2,mb,"17 km WNW of Ashk?sham, Afghanistan",Intermediate (70–300 km),2023
2023-03-10 01:16:14.845000+00:00,36.5038,70.4159,201.292,4.1,mb,"50 km E of Farkh?r, Afghanistan",Intermediate (70–300 km),2023
2023-03-10 10:04:22.284000+00:00,36.2146,70.4377,100.94,4.2,mb,"65 km SE of Farkh?r, Afghanistan",Intermediate (70–300 km),2023
2023-03-11 23:41:33.217000+00:00,36.4904,70.4125,210.153,4.1,mb,"50 km E of Farkh?r, Afghanistan",Intermediate (70–300 km),2023
2023-03-12 11:33:58.096000+00:00,36.5092,70.9383,160.685,4.6,mb,"40 km SSE of Jurm, Afghanistan",Intermediate (70–300 km),2023
2023-03-13 00:06:28.833000+00:00,34.8803,81.8368,16.409,4.1,mb,"176 km S of Aqqan, China",Shallow (<70 km),2023
2023-03-13 13:42:18.436000+00:00,35.0409,81.3799,10.0,4.3,mb,"166 km SSW of Aqqan, China",Shallow (<70 km),2023
2023-03-15 02:32:21.344000+00:00,34.9914,81.3504,17.045,4.7,mb,"172 km SSW of Aqqan, China",Shallow (<70 km),2023
2023-03-15 06:11:33.118000+00:00,34.6294,81.9445,10.0,4.3,mb,"203 km S of Aqqan, China",Shallow (<70 km),2023
2023-03-15 09:40:42.815000+00:00,33.7831,81.9103,10.0,4.4,mb,"297 km S of Aqqan, China",Shallow (<70 km),2023
2023-03-17 10:39:39.278000+00:00,30.7663,96.0896,10.0,5.0,mww,"111 km WSW of Qamdo, China",Shallow (<70 km),2023
2023-03-20 14:30:21.229000+00:00,36.1532,71.2691,129.326,4.1,mb,"63 km SSW of Ashkāsham, Afghanistan",Intermediate (70–300 km),2023
2023-03-21 07:25:40.183000+00:00,36.4287,70.9198,138.988,4.2,mb,"48 km S of Jurm, Afghanistan",Intermediate (70–300 km),2023
2023-03-21 16:47:23.626000+00:00,36.523,70.943,192.0,6.5,mww,"40 km SSE of Jurm, Afghanistan",Intermediate (70–300 km),2023
2023-03-23 07:18:18.139000+00:00,36.3466,71.2181,83.664,4.4,mb,"46 km SW of Ashkāsham, Afghanistan",Intermediate (70–300 km),2023
2023-03-24 04:06:24.411000+00:00,29.6326,81.828,30.882,4.2,mb,"52 km NW of Jumla, Nepal",Shallow (<70 km),2023
2023-03-26 13:14:32.905000+00:00,36.4008,71.1798,120.22,4.4,mb,"44 km SW of Ashk?sham, Afghanistan",Intermediate (70–300 km),2023
2023-03-26 23:23:28.594000+00:00,36.3288,70.0075,127.097,4.2,mb,"Hindu Kush region, Afghanistan",Intermediate (70–300 km),2023
2023-03-29 00:19:14.154000+00:00,34.5884,70.6034,53.083,4.4,mb,"22 km NE of Jalālābād, Afghanistan",Shallow (<70 km),2023
2023-03-29 00:34:59.215000+00:00,36.5043,70.2756,199.223,4.0,mb,"38 km ESE of Farkhār, Afghanistan",Intermediate (70–300 km),2023
2023-03-29 02:15:54.347000+00:00,36.7237,71.2869,179.668,4.1,mb,"22 km WNW of Ashk?sham, Afghanistan",Intermediate (70–300 km),2023
2023-03-29 07:32:50.302000+00:00,36.5285,70.8946,205.288,4.1,mb,"Hindu Kush region, Afghanistan",Intermediate (70–300 km),2023
2023-03-29 08:09:20.347000+00:00,36.6498,71.1131,215.123,4.1,mb,"34 km SE of Jurm, Afghanistan",Intermediate (70–300 km),2023
2023-03-30 19:18:55.215000+00:00,35.6273,70.8464,93.224,4.2,mb,"23 km NNW of Pārūn, Afghanistan",Intermediate (70–300 km),2023
2023-03-31 05:45:02.147000+00:00,34.4197,93.7127,10.0,4.2,mb,"Southern Qinghai, China",Shallow (<70 km),2023
2023-04-01 05:42:20.397000+00:00,27.6685,86.1761,10.0,4.5,mb,"38 km SSE of Kodāri̇̄, Nepal",Shallow (<70 km),2023
2023-04-03 08:22:04.572000+00:00,25.8896,90.446,10.0,4.4,mb,"20 km SE of Lakhipur, India",Shallow (<70 km),2023
2023-04-06 18:02:15.237000+00:00,34.5635,82.0503,10.0,4.6,mb,western Xizang,Shallow (<70 km),2023
2023-04-08 09:07:36.558000+00:00,34.6449,70.5873,50.284,4.4,mb,"Hindu Kush region, Afghanistan",Shallow (<70 km),2023
2023-04-08 11:52:40.562000+00:00,25.2055,96.2774,10.0,4.2,mb,"114 km W of Myitkyina, Myanmar",Shallow (<70 km),2023
2023-04-08 14:44:49.140000+00:00,28.6582,86.7146,68.028,4.3,mb,"79 km N of Lobuche, Nepal",Shallow (<70 km),2023
2023-04-09 07:14:18.152000+00:00,36.5602,70.8734,178.234,4.1,mb,"33 km S of Jurm, Afghanistan",Intermediate (70–300 km),2023
2023-04-10 02:53:01.911000+00:00,36.6746,71.074,210.354,4.1,mb,"30 km SE of Jurm, Afghanistan",Intermediate (70–300 km),2023
2023-04-11 03:37:15.356000+00:00,36.5582,70.9436,204.637,4.5,mb,"Hindu Kush region, Afghanistan",Intermediate (70–300 km),2023
2023-04-12 00:05:08.100000+00:00,26.0018,87.3828,10.0,4.0,mb,Nepal-India border region,Shallow (<70 km),2023
2023-04-12 03:37:36.670000+00:00,36.5066,70.6973,195.302,4.1,mb,"41 km SSW of Jurm, Afghanistan",Intermediate (70–300 km),2023
2023-04-12 04:40:49.522000+00:00,34.3015,73.6471,10.0,4.2,mb,"17 km ESE of Muzaffarābād, Pakistan",Shallow (<70 km),2023
2023-04-12 06:54:33.671000+00:00,36.7068,71.081,223.174,4.3,mb,Afghanistan-Tajikistan-Pakistan region,Intermediate (70–300 km),2023
2023-04-14 14:50:32.277000+00:00,36.6448,70.993,228.341,4.0,mb,"28 km SSE of Jurm, Afghanistan",Intermediate (70–300 km),2023
2023-04-23 16:27:48.460000+00:00,30.3208,70.9766,10.0,4.8,mb,"16 km S of Kot Addu, Pakistan",Shallow (<70 km),2023
2023-04-24 00:21:44.971000+00:00,36.47,70.9101,119.175,4.0,mb,"44 km S of Jurm, Afghanistan",Intermediate (70–300 km),2023
2023-04-27 18:13:51.853000+00:00,29.5729,81.5302,10.0,4.5,mb,"66 km ENE of Dipayal, Nepal",Shallow (<70 km),2023
2023-04-27 19:45:53.627000+00:00,29.6212,81.5483,10.0,5.1,mb,"72 km NE of Dipayal, Nepal",Shallow (<70 km),2023
2023-04-29 23:45:29.213000+00:00,34.9011,73.9963,10.0,4.3,mb,"76 km NE of Muzaffarābād, Pakistan",Shallow (<70 km),2023
2023-04-30 00:40:46.997000+00:00,36.7193,71.1848,245.884,4.0,mb,"31 km W of Ashkāsham, Afghanistan",Intermediate (70–300 km),2023
2023-05-02 15:27:23.366000+00:00,25.4011,99.2692,10.0,5.3,mww,"26 km WSW of Bonan, China",Shallow (<70 km),2023
2023-05-02 15:38:19.810000+00:00,25.4275,99.3564,10.0,4.6,mb,"17 km WSW of Bonan, China",Shallow (<70 km),2023
2023-05-03 03:53:52.369000+00:00,36.6457,71.0545,225.152,4.3,mb,"31 km SE of Jurm, Afghanistan",Intermediate (70–300 km),2023
2023-05-03 06:20:51.075000+00:00,36.5761,71.2122,118.428,4.3,mb,"31 km WSW of Ashkāsham, Afghanistan",Intermediate (70–300 km),2023
2023-05-03 09:51:20.143000+00:00,36.4988,70.7311,194.44,5.3,mww,"41 km SSW of Jurm, Afghanistan",Intermediate (70–300 km),2023
2023-05-03 23:48:53.606000+00:00,27.3244,97.0318,10.0,4.6,mb,"95 km SSE of Hayuliang, India",Shallow (<70 km),2023
2023-05-04 04:20:30.480000+00:00,30.5173,79.0377,27.66,4.2,mb,"Uttaranchal, India",Shallow (<70 km),2023
2023-05-05 00:35:27.200000+00:00,35.844,80.185,10.0,4.3,mb,"56 km SSE of Kashitashi, China",Shallow (<70 km),2023
2023-05-06 08:01:03.160000+00:00,28.9028,86.6245,42.645,4.3,mb,"107 km N of Lobuche, Nepal",Shallow (<70 km),2023
2023-05-08 08:58:12.854000+00:00,33.9253,75.0264,10.0,3.8,mb,"1 km ENE of Awantipur, India",Shallow (<70 km),2023
2023-05-08 22:02:18.977000+00:00,36.973,71.3134,110.872,4.2,mb,"37 km NNW of Ashkāsham, Afghanistan",Intermediate (70–300 km),2023
2023-05-10 18:22:46.157000+00:00,36.099,70.9317,104.453,4.0,mb,"Hindu Kush region, Afghanistan",Intermediate (70–300 km),2023
2023-05-11 21:38:57.019000+00:00,36.4788,71.0141,125.965,4.0,mb,"45 km SSE of Jurm, Afghanistan",Intermediate (70–300 km),2023
2023-05-18 21:18:30.799000+00:00,33.6241,91.0903,10.0,4.0,mb,"254 km NNW of Nagqu, China",Shallow (<70 km),2023
2023-05-22 02:45:35.828000+00:00,26.8674,97.023,10.0,5.0,mb,"76 km NNE of Sarupathar, India",Shallow (<70 km),2023
2023-05-22 05:43:27.382000+00:00,36.37,71.173,106.164,4.9,mww,"47 km SW of Ashkāsham, Afghanistan",Intermediate (70–300 km),2023
2023-05-23 03:45:38.528000+00:00,36.5082,71.2008,102.101,4.2,mb,"35 km WSW of Ashkāsham, Afghanistan",Intermediate (70–300 km),2023
2023-05-23 22:21:48.564000+00:00,29.6551,81.2484,10.0,4.3,mb,"52 km NE of Dipayal, Nepal",Shallow (<70 km),2023
2023-05-24 03:18:06.626000+00:00,36.3715,71.1661,141.49,4.0,mb,"47 km SW of Ashkāsham, Afghanistan",Intermediate (70–300 km),2023
2023-05-27 19:24:53.382000+00:00,36.8547,71.3831,182.814,4.2,mb,"23 km NW of Ashkāsham, Afghanistan",Intermediate (70–300 km),2023
2023-05-27 21:36:33.057000+00:00,27.0688,92.6797,10.0,4.5,mb,"25 km N of Rangāpāra, India",Shallow (<70 km),2023
2023-05-28 05:49:56.585000+00:00,36.6064,71.0508,230.416,5.3,mww,"34 km SE of Jurm, Afghanistan",Intermediate (70–300 km),2023
2023-05-28 07:53:01.026000+00:00,35.0875,85.9811,12.36,4.2,mb,Xinjiang-Xizang border region,Shallow (<70 km),2023
2023-05-28 12:56:53.671000+00:00,34.4416,70.4644,55.324,4.7,mb,"2 km NE of Jalālābād, Afghanistan",Shallow (<70 km),2023
2023-05-28 18:51:22.818000+00:00,28.6722,91.4759,10.0,4.5,mb,Eastern Xizang,Shallow (<70 km),2023
2023-05-28 21:32:26.855000+00:00,36.1767,71.1854,101.206,4.0,mb,"64 km SSW of Ashkāsham, Afghanistan",Intermediate (70–300 km),2023
2023-05-29 02:33:31.480000+00:00,26.7587,92.4485,10.0,4.9,mb,"6 km NNW of Dhekiajuli, India",Shallow (<70 km),2023
2023-05-31 11:20:14.013000+00:00,25.1051,96.2315,10.0,5.9,mww,"121 km WSW of Myitkyina, Myanmar",Shallow (<70 km),2023
2023-06-01 00:44:35.979000+00:00,36.5187,71.3559,85.558,4.1,mb,"24 km SW of Ashk?sham, Afghanistan",Intermediate (70–300 km),2023
2023-06-01 03:30:53.257000+00:00,26.0736,95.1588,31.912,4.2,mb,"39 km ESE of Tuensang, India",Shallow (<70 km),2023
2023-06-01 18:12:18.019000+00:00,36.5071,70.6056,200.839,4.4,mb,"44 km SSW of Jurm, Afghanistan",Intermediate (70–300 km),2023
2023-06-03 11:36:51.638000+00:00,25.2464,96.2529,10.0,4.1,mb,"116 km W of Myitkyina, Myanmar",Shallow (<70 km),2023
2023-06-08 18:34:41.265000+00:00,33.039,84.756,12.384,4.6,mb,western Xizang,Shallow (<70 km),2023
2023-06-09 01:21:52.701000+00:00,33.7716,71.0951,55.677,4.4,mb,"26 km N of Hangu, Pakistan",Shallow (<70 km),2023
2023-06-09 15:08:45.324000+00:00,36.6906,71.46,178.368,3.9,mb,"6 km W of Ashkāsham, Afghanistan",Intermediate (70–300 km),2023
2023-06-09 19:13:41.361000+00:00,36.6115,70.9846,211.106,4.0,mb,"31 km SSE of Jurm, Afghanistan",Intermediate (70–300 km),2023
2023-06-12 01:53:56.728000+00:00,29.71,81.5777,27.16,4.3,mb,"75 km SSE of Burang, China",Shallow (<70 km),2023
2023-06-12 21:23:08.724000+00:00,26.1093,95.2775,77.469,4.3,mb,"48 km ESE of Tuensang, India",Intermediate (70–300 km),2023
2023-06-12 21:52:58.344000+00:00,33.159,86.7874,10.0,4.4,mb,western Xizang,Shallow (<70 km),2023
2023-06-13 08:03:40.348000+00:00,33.1191,75.9074,10.0,5.2,mww,"23 km NE of Bhadarwāh, India",Shallow (<70 km),2023
2023-06-13 20:50:56.444000+00:00,33.0446,75.948,14.274,4.6,mb,"22 km ENE of Bhadarwāh, India",Shallow (<70 km),2023
2023-06-15 03:21:30.029000+00:00,32.5391,94.3219,16.403,4.4,mb,"244 km ENE of Nagqu, China",Shallow (<70 km),2023
2023-06-17 16:14:26.397000+00:00,35.6797,79.7754,10.0,4.6,mb,"70 km S of Kashitashi, China",Shallow (<70 km),2023
2023-06-17 16:25:33.967000+00:00,33.2377,75.9002,10.0,4.3,mb,"14 km SE of Kishtwār, India",Shallow (<70 km),2023
2023-06-17 17:08:12.573000+00:00,35.7353,79.9423,13.597,4.2,mb,"63 km S of Kashitashi, China",Shallow (<70 km),2023
2023-06-17 20:46:48.156000+00:00,35.8001,79.8923,10.0,4.2,mb,"55 km S of Kashitashi, China",Shallow (<70 km),2023
2023-06-17 22:20:24.254000+00:00,33.0208,75.9599,10.0,4.3,mb,"23 km ENE of Bhadarwāh, India",Shallow (<70 km),2023
2023-06-18 02:58:22.953000+00:00,35.614,79.772,13.774,4.5,mb,"77 km S of Kashitashi, China",Shallow (<70 km),2023
2023-06-21 01:55:05.448000+00:00,36.5132,70.8908,193.375,4.2,mb,"39 km S of Jurm, Afghanistan",Intermediate (70–300 km),2023
2023-06-26 06:46:54.293000+00:00,36.5042,71.0511,189.869,4.1,mb,"44 km SSE of Jurm, Afghanistan",Intermediate (70–300 km),2023
2023-06-27 05:15:53.912000+00:00,36.4892,71.2895,127.013,4.5,mb,"30 km SW of Ashkāsham, Afghanistan",Intermediate (70–300 km),2023
2023-06-28 16:43:33.554000+00:00,34.367,88.9465,10.0,4.5,mb,western Xizang,Shallow (<70 km),2023
2023-06-30 05:44:02.011000+00:00,26.9851,96.6035,10.0,4.4,mb,"88 km NNW of Sarupathar, India",Shallow (<70 km),2023
2023-07-01 12:57:11.673000+00:00,36.4332,70.3799,212.628,4.2,mb,"49 km ESE of Farkhār, Afghanistan",Intermediate (70–300 km),2023
2023-07-02 08:57:55.433000+00:00,34.7685,97.2699,10.0,4.2,mb,"Southern Qinghai, China",Shallow (<70 km),2023
2023-07-03 09:14:30.324000+00:00,36.5057,70.9395,191.366,4.2,mb,"40 km SSE of Jurm, Afghanistan",Intermediate (70–300 km),2023
2023-07-04 07:25:32.260000+00:00,26.5274,96.3583,89.642,4.6,mb,"57 km NW of Sarupathar, India",Intermediate (70–300 km),2023
2023-07-04 09:30:52.269000+00:00,36.351,70.6083,135.617,4.3,mb,"Hindu Kush region, Afghanistan",Intermediate (70–300 km),2023
2023-07-06 01:10:06.902000+00:00,36.8038,71.3091,179.591,4.0,mb,Afghanistan-Tajikistan-Pakistan region,Intermediate (70–300 km),2023
2023-07-07 05:20:53.879000+00:00,31.536,78.3517,10.0,4.3,mb,"53 km E of Sarāhan, India",Shallow (<70 km),2023
2023-07-07 19:32:09.468000+00:00,36.5101,71.1318,97.515,4.0,mb,"40 km WSW of Ashkāsham, Afghanistan",Intermediate (70–300 km),2023
2023-07-09 18:40:06.068000+00:00,36.448,70.8281,136.454,4.0,mb,"46 km S of Jurm, Afghanistan",Intermediate (70–300 km),2023
2023-07-10 00:08:53.217000+00:00,33.2332,75.9099,27.461,4.9,mb,"15 km SE of Kishtwār, India",Shallow (<70 km),2023
2023-07-10 00:13:43.298000+00:00,33.2711,75.8514,25.38,4.2,mb,"9 km ESE of Kishtwār, India",Shallow (<70 km),2023
2023-07-12 12:26:47.093000+00:00,25.0831,95.4345,9.904,4.3,mb,"114 km SE of Phek, India",Shallow (<70 km),2023
2023-07-13 20:49:11.810000+00:00,36.5387,71.2765,229.843,4.5,mb,"28 km SW of Ashkāsham, Afghanistan",Intermediate (70–300 km),2023
2023-07-14 19:19:32.212000+00:00,36.722,71.3745,148.631,4.2,mb,"14 km WNW of Ashkāsham, Afghanistan",Intermediate (70–300 km),2023
2023-07-16 14:23:32.031000+00:00,25.722,91.3559,10.0,4.3,mb,"24 km NNE of Nongstoin, India",Shallow (<70 km),2023
2023-07-17 16:37:23.404000+00:00,33.1046,76.0979,10.0,4.2,mb,"38 km ENE of Bhadarwāh, India",Shallow (<70 km),2023
2023-07-19 07:26:40.770000+00:00,36.5193,70.0961,215.106,5.1,mww,"22 km ESE of Farkhār, Afghanistan",Intermediate (70–300 km),2023
2023-07-20 22:39:44.949000+00:00,26.8685,75.8906,10.0,4.3,mb,"11 km ESE of Jaipur, India",Shallow (<70 km),2023
2023-07-21 20:05:46.184000+00:00,25.1642,95.008,86.88,4.0,mb,"75 km SE of Phek, India",Intermediate (70–300 km),2023
2023-07-23 03:16:17.304000+00:00,36.593,70.9815,181.244,4.4,mb,"32 km SSE of Jurm, Afghanistan",Intermediate (70–300 km),2023
2023-07-27 22:13:55.178000+00:00,30.35,94.8318,10.0,5.0,mb,"206 km NNE of Shi Yomi, India",Shallow (<70 km),2023
2023-07-27 22:16:52.885000+00:00,30.4008,94.4266,10.0,4.4,mb,"207 km N of Shi Yomi, India",Shallow (<70 km),2023
2023-07-28 03:20:30.294000+00:00,30.2874,94.7327,10.0,4.6,mb,"197 km N of Shi Yomi, India",Shallow (<70 km),2023
2023-07-28 12:39:49.057000+00:00,36.5663,71.2614,222.873,4.0,mb,"27 km WSW of Ashkāsham, Afghanistan",Intermediate (70–300 km),2023
2023-07-29 20:44:18.157000+00:00,30.7849,94.6516,10.0,4.0,mb,"244 km W of Qamdo, China",Shallow (<70 km),2023
2023-07-30 04:15:11.184000+00:00,30.3856,94.8507,10.0,4.9,mb,"210 km NNE of Shi Yomi, India",Shallow (<70 km),2023
2023-07-30 18:33:44.613000+00:00,30.3618,94.8769,10.0,4.8,mb,"208 km NNE of Shi Yomi, India",Shallow (<70 km),2023
2023-07-30 18:43:52.082000+00:00,30.6596,94.8451,10.0,4.1,mb,"229 km WSW of Qamdo, China",Shallow (<70 km),2023
2023-07-31 04:03:00.559000+00:00,32.0655,92.8956,10.0,4.1,mb,"102 km NE of Nagqu, China",Shallow (<70 km),2023
2023-08-02 09:58:06.278000+00:00,36.571,70.2002,213.933,4.0,mb,"30 km E of Farkhār, Afghanistan",Intermediate (70–300 km),2023
2023-08-04 03:05:04.410000+00:00,33.2501,92.0029,10.0,4.9,mb,"196 km N of Nagqu, China",Shallow (<70 km),2023
2023-08-04 20:58:36.806000+00:00,36.7125,71.0798,243.301,4.1,mb,Afghanistan-Tajikistan-Pakistan region,Intermediate (70–300 km),2023
2023-08-05 03:06:04.876000+00:00,34.8611,72.8455,45.949,5.0,mb,"23 km NNW of Shingli Bala, Pakistan",Shallow (<70 km),2023
2023-08-05 10:07:45.475000+00:00,36.1102,70.3189,137.858,4.1,mb,"65 km SE of Farkhār, Afghanistan",Intermediate (70–300 km),2023
2023-08-05 14:47:17.093000+00:00,36.539,71.3177,118.561,4.2,mb,"25 km SW of Ashkāsham, Afghanistan",Intermediate (70–300 km),2023
2023-08-05 16:01:49.816000+00:00,36.4504,70.7227,209.0,5.8,mww,"47 km SSW of Jurm, Afghanistan",Intermediate (70–300 km),2023
2023-08-05 20:04:11.934000+00:00,30.2183,80.7013,10.0,4.3,mb,western Xizang-India border region,Shallow (<70 km),2023
2023-08-06 00:32:49.691000+00:00,36.431,70.6689,218.046,5.3,mww,"Badakhshan, Afghanistan",Intermediate (70–300 km),2023
2023-08-06 13:23:14.830000+00:00,36.5314,70.9379,85.167,5.1,mb,"38 km SSE of Jurm, Afghanistan",Intermediate (70–300 km),2023
2023-08-07 01:33:06.512000+00:00,36.6988,71.272,192.596,4.1,mb,"23 km W of Ashkāsham, Afghanistan",Intermediate (70–300 km),2023
2023-08-07 15:47:40.042000+00:00,36.4929,71.3131,98.143,4.2,mb,"28 km SW of Ashkāsham, Afghanistan",Intermediate (70–300 km),2023
2023-08-09 17:44:20.929000+00:00,32.5435,78.602,14.338,4.7,mb,"137 km NE of Sarāhan, India",Shallow (<70 km),2023
2023-08-12 20:46:20.007000+00:00,33.1356,92.2948,10.0,4.1,mb,"185 km N of Nagqu, China",Shallow (<70 km),2023
2023-08-13 09:21:48.450000+00:00,36.2423,70.2011,144.421,4.2,mb,"47 km SE of Farkhār, Afghanistan",Intermediate (70–300 km),2023
2023-08-18 10:06:12.181000+00:00,31.6469,82.939,10.0,4.4,mb,"225 km NE of Burang, China",Shallow (<70 km),2023
2023-08-18 17:49:38.408000+00:00,28.2888,87.1512,79.496,4.3,mb,"50 km NE of Lobuche, Nepal",Intermediate (70–300 km),2023
2023-08-19 03:43:26.360000+00:00,36.2782,70.8513,101.283,4.6,mb,"65 km S of Jurm, Afghanistan",Intermediate (70–300 km),2023
2023-08-19 14:46:08.434000+00:00,30.3522,94.7507,10.0,5.0,mb,"205 km N of Shi Yomi, India",Shallow (<70 km),2023
2023-08-19 15:20:35.313000+00:00,26.3499,92.845,35.0,4.8,mb,"31 km S of Tezpur, India",Shallow (<70 km),2023
2023-08-19 23:06:55.832000+00:00,30.2806,94.9315,10.0,4.6,mb,"201 km NNE of Shi Yomi, India",Shallow (<70 km),2023
2023-08-21 04:40:02.617000+00:00,36.5249,70.9438,182.685,4.5,mb,"38 km SSE of Jurm, Afghanistan",Intermediate (70–300 km),2023
2023-08-22 18:46:54.966000+00:00,30.3642,94.8494,31.914,4.9,mb,"208 km NNE of Shi Yomi, India",Shallow (<70 km),2023
2023-08-22 21:09:47.028000+00:00,30.4403,95.0584,10.0,4.2,mb,"216 km WSW of Qamdo, China",Shallow (<70 km),2023
2023-08-25 11:34:24.696000+00:00,36.4588,71.1784,103.804,4.2,mb,"40 km SW of Ashkāsham, Afghanistan",Intermediate (70–300 km),2023
2023-08-26 11:21:36.084000+00:00,36.5918,71.0049,210.505,4.1,mb,"33 km SSE of Jurm, Afghanistan",Intermediate (70–300 km),2023
2023-08-26 11:23:06.308000+00:00,34.4965,81.5254,10.0,4.6,mb,"222 km S of Aqqan, China",Shallow (<70 km),2023
2023-08-28 04:35:08.795000+00:00,36.4901,70.3356,202.515,4.8,mb,"43 km ESE of Farkhār, Afghanistan",Intermediate (70–300 km),2023
2023-08-30 23:20:26.069000+00:00,35.9411,81.5232,10.0,4.2,mb,Xinjiang-Xizang border region,Shallow (<70 km),2023
2023-08-31 01:46:18.910000+00:00,36.6357,71.1738,211.373,4.4,mb,"32 km W of Ashkāsham, Afghanistan",Intermediate (70–300 km),2023
2023-08-31 08:54:42.049000+00:00,34.6507,81.8208,10.0,4.5,mb,"201 km S of Aqqan, China",Shallow (<70 km),2023
2023-09-02 22:34:38.584000+00:00,36.4444,71.0815,244.47,4.0,mb,"48 km WSW of Ashkāsham, Afghanistan",Intermediate (70–300 km),2023
2023-09-03 21:43:45.667000+00:00,36.6512,71.4936,102.322,4.1,mb,"5 km SW of Ashkāsham, Afghanistan",Intermediate (70–300 km),2023
2023-09-04 01:38:49.714000+00:00,36.3718,70.9751,104.398,4.3,mb,"56 km SSE of Jurm, Afghanistan",Intermediate (70–300 km),2023
2023-09-05 18:02:04.607000+00:00,36.4881,70.444,203.373,4.6,mb,"53 km E of Farkhār, Afghanistan",Intermediate (70–300 km),2023
2023-09-07 18:04:00.608000+00:00,36.5543,71.511,114.637,4.1,mb,"14 km S of Ashkāsham, Afghanistan",Intermediate (70–300 km),2023
2023-09-08 19:33:41.473000+00:00,30.3347,94.8244,34.851,4.8,mb,"204 km NNE of Shi Yomi, India",Shallow (<70 km),2023
2023-09-10 00:10:51.381000+00:00,30.4554,94.829,10.0,4.6,mb,"217 km NNE of Shi Yomi, India",Shallow (<70 km),2023
2023-09-10 04:01:10.909000+00:00,30.3231,94.7822,10.0,4.4,mb,"202 km NNE of Shi Yomi, India",Shallow (<70 km),2023
2023-09-16 05:28:07.021000+00:00,36.6365,71.3935,112.337,4.1,mb,"13 km WSW of Ashkāsham, Afghanistan",Intermediate (70–300 km),2023
2023-09-16 06:48:25.994000+00:00,36.4706,71.2011,107.77,4.2,mb,"37 km SW of Ashkāsham, Afghanistan",Intermediate (70–300 km),2023
2023-09-16 11:23:56.315000+00:00,30.5044,94.8956,10.0,4.0,mb,"224 km NNE of Shi Yomi, India",Shallow (<70 km),2023
2023-09-17 02:00:26.167000+00:00,34.5365,99.0366,10.0,4.3,mb,"194 km W of Oula Xiuma, China",Shallow (<70 km),2023
2023-09-22 02:21:45.206000+00:00,36.5938,70.9933,204.783,4.4,mb,"33 km SSE of Jurm, Afghanistan",Intermediate (70–300 km),2023
2023-09-22 13:53:51.403000+00:00,36.6788,71.0485,215.493,4.1,mb,"28 km SE of Jurm, Afghanistan",Intermediate (70–300 km),2023
2023-09-24 17:39:03.383000+00:00,36.1505,70.9497,98.134,4.3,mb,"78 km SW of Ashkāsham, Afghanistan",Intermediate (70–300 km),2023
2023-09-26 01:37:06.376000+00:00,36.176,70.5223,100.952,4.0,mb,"74 km SE of Farkhār, Afghanistan",Intermediate (70–300 km),2023
2023-09-26 06:53:25.822000+00:00,34.9414,73.8424,10.0,4.5,mb,"71 km NNE of Muzaffarābād, Pakistan",Shallow (<70 km),2023
2023-09-27 23:46:44.280000+00:00,29.7208,94.6666,10.0,4.0,mb,"135 km NNE of Shi Yomi, India",Shallow (<70 km),2023
2023-09-30 08:30:17.828000+00:00,36.7147,71.1605,221.278,4.2,mb,"33 km W of Ashkāsham, Afghanistan",Intermediate (70–300 km),2023
2023-10-01 11:34:10.037000+00:00,33.6259,97.3249,10.0,4.3,mb,"277 km N of Qamdo, China",Shallow (<70 km),2023
2023-10-01 11:47:03.334000+00:00,33.6069,97.416,10.0,4.4,mb,"275 km N of Qamdo, China",Shallow (<70 km),2023
2023-10-01 14:16:54.639000+00:00,33.9769,96.2333,10.0,4.1,mb,"Southern Qinghai, China",Shallow (<70 km),2023
2023-10-02 12:45:15.979000+00:00,25.9206,90.5798,10.0,4.9,mww,"28 km S of Goālpāra, India",Shallow (<70 km),2023
2023-10-02 14:29:30.012000+00:00,26.0535,97.0376,10.0,4.4,mb,"28 km SE of Sarupathar, India",Shallow (<70 km),2023
2023-10-03 03:00:28.125000+00:00,31.0357,86.3467,10.0,4.1,mb,"218 km NNE of Saga, China",Shallow (<70 km),2023
2023-10-03 08:55:50.480000+00:00,29.459,81.2188,10.0,4.9,mb,"34 km NE of Dipayal, Nepal",Shallow (<70 km),2023
2023-10-03 09:21:03.018000+00:00,29.4973,81.242,13.0,5.7,mww,"39 km NE of Dipayal, Nepal",Shallow (<70 km),2023
2023-10-03 09:28:43.898000+00:00,29.2397,81.2051,10.0,4.8,mb,"25 km E of Dipayal, Nepal",Shallow (<70 km),2023
2023-10-03 09:33:05.019000+00:00,29.3074,81.1092,10.0,4.2,mb,"17 km ENE of Dipayal, Nepal",Shallow (<70 km),2023
2023-10-03 10:59:09.025000+00:00,36.4846,70.8543,192.727,4.4,mb,"42 km S of Jurm, Afghanistan",Intermediate (70–300 km),2023
2023-10-03 11:34:10.972000+00:00,29.5637,81.257,10.0,4.8,mb,"45 km NE of Dipayal, Nepal",Shallow (<70 km),2023
2023-10-03 11:53:17.879000+00:00,29.5106,81.1706,10.0,4.5,mb,"35 km NE of Dipayal, Nepal",Shallow (<70 km),2023
2023-10-03 19:05:41.024000+00:00,29.5231,81.1691,10.0,4.4,mb,"36 km NE of Dipayal, Nepal",Shallow (<70 km),2023
2023-10-03 23:58:04.608000+00:00,29.7245,81.2904,10.0,4.3,mb,"61 km NNE of Dipayal, Nepal",Shallow (<70 km),2023
2023-10-07 06:00:01.972000+00:00,29.5133,81.2055,10.0,5.0,mb,"38 km NE of Dipayal, Nepal",Shallow (<70 km),2023
2023-10-08 01:51:24.129000+00:00,36.3154,71.5013,103.342,4.4,mb,"40 km S of Ashkāsham, Afghanistan",Intermediate (70–300 km),2023
2023-10-08 13:37:04.576000+00:00,31.7268,79.3465,10.0,4.5,mb,"131 km N of Joshīmath, India",Shallow (<70 km),2023
2023-10-08 19:46:32.191000+00:00,30.798,86.3755,10.0,4.4,mb,"197 km NE of Saga, China",Shallow (<70 km),2023
2023-10-10 07:46:27.543000+00:00,36.4918,70.0672,226.249,4.1,mb,"20 km ESE of Farkhār, Afghanistan",Intermediate (70–300 km),2023
2023-10-11 18:37:21.967000+00:00,29.5869,81.1801,10.0,4.8,mb,"43 km NNE of Dipayal, Nepal",Shallow (<70 km),2023
2023-10-12 20:06:44.075000+00:00,29.5722,81.2129,10.0,4.4,mb,"43 km NE of Dipayal, Nepal",Shallow (<70 km),2023
2023-10-13 13:19:53.447000+00:00,36.3472,70.9687,117.334,4.4,mb,"58 km SSE of Jurm, Afghanistan",Intermediate (70–300 km),2023
2023-10-14 21:53:08.277000+00:00,31.8115,79.3974,10.0,4.3,mb,"140 km N of Joshīmath, India",Shallow (<70 km),2023
2023-10-16 03:41:40.294000+00:00,30.0924,80.7774,10.0,4.2,mb,"36 km NE of Dārchulā, Nepal",Shallow (<70 km),2023
2023-10-18 16:18:48.676000+00:00,29.6681,81.357,10.0,4.5,mb,"60 km NE of Dipayal, Nepal",Shallow (<70 km),2023
2023-10-22 01:54:21.100000+00:00,27.8879,84.7252,25.706,5.2,mb,"36 km NE of Bharatpur, Nepal",Shallow (<70 km),2023
2023-10-22 11:46:45.520000+00:00,27.8519,84.646,26.661,4.0,mb,"28 km NE of Bharatpur, Nepal",Shallow (<70 km),2023
2023-10-23 06:10:38.528000+00:00,33.5562,91.1286,10.0,4.9,mb,"246 km NNW of Nagqu, China",Shallow (<70 km),2023
2023-10-23 08:43:37.339000+00:00,31.607,88.1062,10.0,4.7,mb,"271 km NNW of Rikaze, China",Shallow (<70 km),2023
2023-10-23 22:47:24.464000+00:00,31.4395,86.6091,10.0,4.4,mb,"269 km NNE of Saga, China",Shallow (<70 km),2023
2023-10-24 18:02:46.412000+00:00,33.5193,87.4234,12.287,4.6,mb,western Xizang,Shallow (<70 km),2023
2023-10-25 15:52:17.423000+00:00,36.6532,83.7544,10.0,4.4,mb,"161 km E of Aqqan, China",Shallow (<70 km),2023
2023-10-25 18:35:39.226000+00:00,36.6111,83.6546,10.0,4.5,mb,"151 km E of Aqqan, China",Shallow (<70 km),2023
2023-10-26 18:29:02.059000+00:00,26.7385,96.8669,52.637,4.3,mb,"59 km N of Sarupathar, India",Shallow (<70 km),2023
2023-10-27 04:38:05.879000+00:00,36.6518,83.7932,10.0,4.4,mb,"164 km E of Aqqan, China",Shallow (<70 km),2023
2023-10-27 17:10:56.263000+00:00,36.519,83.6881,10.0,4.7,mb,"154 km E of Aqqan, China",Shallow (<70 km),2023
2023-10-27 19:13:34.846000+00:00,36.5947,70.8742,211.79,4.4,mb,"30 km S of Jurm, Afghanistan",Intermediate (70–300 km),2023
2023-10-27 23:23:47.733000+00:00,26.2481,95.5087,79.962,4.8,mb,"68 km E of Tuensang, India",Intermediate (70–300 km),2023
2023-10-28 04:41:09.437000+00:00,36.5742,70.9725,183.956,4.2,mb,"34 km SSE of Jurm, Afghanistan",Intermediate (70–300 km),2023
2023-10-29 12:58:37.030000+00:00,36.5994,83.7545,10.0,4.2,mb,"160 km E of Aqqan, China",Shallow (<70 km),2023
2023-10-30 22:24:09.595000+00:00,36.5324,83.7227,10.0,4.3,mb,"157 km E of Aqqan, China",Shallow (<70 km),2023
2023-10-31 00:40:06.435000+00:00,36.5329,83.6482,10.0,4.6,mb,"150 km E of Aqqan, China",Shallow (<70 km),2023
2023-11-03 18:02:53.465000+00:00,28.858,82.1531,12.0,5.7,mww,"43 km E of Dailekh, Nepal",Shallow (<70 km),2023
2023-11-03 18:44:39.613000+00:00,28.8332,81.9912,10.0,4.1,mb,"27 km E of Dailekh, Nepal",Shallow (<70 km),2023
2023-11-03 19:39:09.153000+00:00,26.4186,96.6025,118.316,4.2,mb,"31 km NW of Sarupathar, India",Intermediate (70–300 km),2023
2023-11-03 22:31:34.600000+00:00,28.976,82.2728,10.0,4.0,mb,"34 km SSE of Jumla, Nepal",Shallow (<70 km),2023
2023-11-06 10:46:39.805000+00:00,28.8564,82.0652,10.0,5.3,mb,"34 km E of Dailekh, Nepal",Shallow (<70 km),2023
2023-11-08 08:28:25.236000+00:00,36.6045,71.3244,221.464,4.4,mb,"20 km WSW of Ashk?sham, Afghanistan",Intermediate (70–300 km),2023
2023-11-08 14:24:52.621000+00:00,33.4935,71.0272,10.0,4.2,mb,"5 km SW of Hangu, Pakistan",Shallow (<70 km),2023
2023-11-10 17:30:27.048000+00:00,36.4111,71.013,101.666,3.8,mb,"52 km SSE of Jurm, Afghanistan",Intermediate (70–300 km),2023
2023-11-15 00:05:03.423000+00:00,36.4517,71.312,119.705,4.9,mww,"32 km SW of Ashkāsham, Afghanistan",Intermediate (70–300 km),2023
2023-11-16 04:04:18.591000+00:00,33.0154,76.2091,16.68,4.2,mb,"46 km E of Bhadarwāh, India",Shallow (<70 km),2023
2023-11-16 06:54:44.147000+00:00,36.4844,71.1279,242.573,4.2,mb,"42 km WSW of Ashkāsham, Afghanistan",Intermediate (70–300 km),2023
2023-11-18 02:56:49.747000+00:00,36.4976,71.1766,221.689,4.3,mb,"37 km WSW of Ashkāsham, Afghanistan",Intermediate (70–300 km),2023
2023-11-20 05:52:27.597000+00:00,29.5224,81.1707,10.0,4.4,mb,"36 km NE of Dipayal, Nepal",Shallow (<70 km),2023
2023-11-20 08:17:56.844000+00:00,27.257,96.995,10.0,4.7,mb,"100 km SSE of Hayuliang, India",Shallow (<70 km),2023
2023-11-22 19:34:26.202000+00:00,27.6889,85.1323,10.0,3.8,mb,"14 km W of Kirtipur, Nepal",Shallow (<70 km),2023
2023-11-23 22:09:55.928000+00:00,36.4972,70.9752,201.314,4.1,mb,"42 km SSE of Jurm, Afghanistan",Intermediate (70–300 km),2023
2023-11-25 20:07:30.268000+00:00,25.2211,96.6026,10.0,4.1,mb,"81 km WSW of Myitkyina, Myanmar",Shallow (<70 km),2023
2023-11-27 22:15:46.743000+00:00,28.6795,87.7852,74.708,4.7,mb,"124 km WSW of Rikaze, China",Intermediate (70–300 km),2023
2023-11-28 12:11:50.049000+00:00,25.1849,95.4219,10.0,4.6,mb,"107 km ESE of Phek, India",Shallow (<70 km),2023
2023-11-28 16:45:19.829000+00:00,36.4367,71.2484,92.344,4.3,mb,"37 km SW of Ashkāsham, Afghanistan",Intermediate (70–300 km),2023
2023-11-30 13:42:32.361000+00:00,25.0005,95.5436,166.34,4.6,mb,"128 km SE of Phek, India",Intermediate (70–300 km),2023
2023-12-04 19:04:15.283000+00:00,27.8117,87.8388,70.467,4.4,mb,"71 km NW of Gyalshing, India",Intermediate (70–300 km),2023
2023-12-05 02:42:48.131000+00:00,36.3089,71.0524,132.983,4.2,mb,"59 km SW of Ashkāsham, Afghanistan",Intermediate (70–300 km),2023
2023-12-08 03:16:57.576000+00:00,25.2901,91.786,46.386,4.2,mb,"9 km E of Cherrapunji, India",Shallow (<70 km),2023
2023-12-11 02:33:56.043000+00:00,36.5081,70.3729,194.47,4.3,mb,"46 km E of Farkhār, Afghanistan",Intermediate (70–300 km),2023
2023-12-12 02:05:45.531000+00:00,36.397,70.6032,152.821,4.9,mb,"55 km SSW of Jurm, Afghanistan",Intermediate (70–300 km),2023
2023-12-13 00:05:16.195000+00:00,36.7912,76.9915,115.422,4.1,mb,"112 km SSE of Damusi, China",Intermediate (70–300 km),2023
2023-12-14 06:04:56.346000+00:00,36.2931,70.9487,108.321,4.4,mb,"64 km S of Jurm, Afghanistan",Intermediate (70–300 km),2023
2023-12-15 19:55:46.896000+00:00,36.504,70.5292,204.177,4.0,mb,"48 km SW of Jurm, Afghanistan",Intermediate (70–300 km),2023
2023-12-17 04:17:06.162000+00:00,36.2885,76.3623,10.0,4.6,mb,"128 km NNE of Skardu, Pakistan",Shallow (<70 km),2023
2023-12-18 06:08:00.569000+00:00,29.3551,70.139,10.0,4.3,mb,"32 km SW of Dajal, Pakistan",Shallow (<70 km),2023
2023-12-18 06:11:34.085000+00:00,36.3708,70.5946,160.675,4.2,mb,"58 km SSW of Jurm, Afghanistan",Intermediate (70–300 km),2023
2023-12-18 10:18:52.984000+00:00,33.1836,76.8401,10.0,5.1,mww,"31 km S of Padam, India",Shallow (<70 km),2023
2023-12-18 10:27:11.437000+00:00,33.1492,76.6507,10.0,4.3,mb,"41 km SSW of Padam, India",Shallow (<70 km),2023
2023-12-18 10:31:29.554000+00:00,33.1609,76.6962,10.0,4.8,mww,"38 km SSW of Padam, India",Shallow (<70 km),2023
2023-12-22 00:31:13.762000+00:00,33.4702,73.0469,10.0,3.6,mb,"14 km S of Rawalpindi, Pakistan",Shallow (<70 km),2023
2023-12-25 23:03:56.507000+00:00,34.7111,76.7782,34.705,4.6,mb,"24 km S of Thang, India",Shallow (<70 km),2023
2023-12-29 16:31:16.478000+00:00,25.0911,96.5235,10.0,5.0,mb,"93 km WSW of Myitkyina, Myanmar",Shallow (<70 km),2023
2023-12-31 16:36:23.043000+00:00,27.727,85.799,22.322,4.6,mb,"27 km E of Nagarkot, Nepal",Shallow (<70 km),2023
2024-01-01 21:45:52.330000+00:00,26.0489,95.4358,82.85,4.5,mb,"65 km ESE of Tuensang, India",Intermediate (70–300 km),2024
2024-01-02 19:26:00.969000+00:00,36.5332,71.5341,101.737,4.3,mb,"16 km S of Ashkāsham, Afghanistan",Intermediate (70–300 km),2024
2024-01-03 09:24:16.738000+00:00,36.6249,71.4376,134.748,4.9,mb,"10 km SW of Ashkāsham, Afghanistan",Intermediate (70–300 km),2024
2024-01-03 19:08:16.618000+00:00,33.2551,76.7872,17.945,4.5,mb,"25 km SSW of Padam, India",Shallow (<70 km),2024
2024-01-07 14:08:34.933000+00:00,28.0794,86.4237,10.0,4.1,mb,"40 km WNW of Lobuche, Nepal",Shallow (<70 km),2024
2024-01-07 14:28:32.992000+00:00,28.0886,86.3806,10.0,4.5,mb,"44 km ENE of Kodāri̇̄, Nepal",Shallow (<70 km),2024
2024-01-07 18:46:35.171000+00:00,27.9221,86.6116,10.0,4.2,mb,"16 km NW of Namche Bazaar, Nepal",Shallow (<70 km),2024
2024-01-08 00:04:18.105000+00:00,36.5241,71.0258,158.138,4.0,mb,"41 km SSE of Jurm, Afghanistan",Intermediate (70–300 km),2024
2024-01-09 01:27:29.497000+00:00,36.5029,70.7905,204.028,4.0,mb,"40 km S of Jurm, Afghanistan",Intermediate (70–300 km),2024
2024-01-11 07:26:04.976000+00:00,36.5755,70.8889,208.962,4.1,mb,"32 km S of Jurm, Afghanistan",Intermediate (70–300 km),2024
2024-01-11 09:20:26.337000+00:00,36.4979,70.6013,204.0,6.4,mww,"45 km SSW of Jurm, Afghanistan",Intermediate (70–300 km),2024
2024-01-11 21:05:11.962000+00:00,36.5278,70.5667,217.774,4.0,mb,"44 km SSW of Jurm, Afghanistan",Intermediate (70–300 km),2024
2024-01-11 23:21:04.821000+00:00,36.6721,71.1348,89.59,4.3,mb,"34 km SE of Jurm, Afghanistan",Intermediate (70–300 km),2024
2024-01-12 04:10:11.653000+00:00,36.6494,70.9512,217.586,4.2,mb,"26 km SSE of Jurm, Afghanistan",Intermediate (70–300 km),2024
2024-01-12 17:47:29.479000+00:00,29.522,81.1253,22.599,4.3,mb,"34 km NNE of Dipayal, Nepal",Shallow (<70 km),2024
2024-01-13 15:55:44.851000+00:00,36.3661,71.3171,219.305,4.1,mb,"40 km SSW of Ashkāsham, Afghanistan",Intermediate (70–300 km),2024
2024-01-15 13:42:34.566000+00:00,25.6032,93.2892,10.0,4.1,mb,"20 km SE of Lumding Railway Colony, India",Shallow (<70 km),2024
2024-01-15 21:55:13.406000+00:00,36.7295,71.0844,210.814,4.1,mb,"26 km SE of Jurm, Afghanistan",Intermediate (70–300 km),2024
2024-01-16 03:23:53.611000+00:00,33.1245,76.7306,10.0,4.1,mb,"40 km SSW of Padam, India",Shallow (<70 km),2024
2024-01-16 08:45:20.524000+00:00,29.8765,92.2512,10.0,4.3,mb,"114 km ENE of Lhasa, China",Shallow (<70 km),2024
2024-01-17 00:40:51.195000+00:00,36.7277,71.4547,179.852,4.3,mb,"8 km NW of Ashkāsham, Afghanistan",Intermediate (70–300 km),2024
2024-01-24 10:46:43.342000+00:00,36.4175,71.4049,101.857,4.3,mb,"31 km SSW of Ashkāsham, Afghanistan",Intermediate (70–300 km),2024
2024-01-25 00:56:21.867000+00:00,36.9455,97.0602,10.0,4.7,mb,"239 km SSW of Yanglong, China",Shallow (<70 km),2024
2024-01-25 06:01:02.981000+00:00,36.565,70.365,206.675,4.1,mb,"45 km E of Farkhār, Afghanistan",Intermediate (70–300 km),2024
2024-01-26 09:32:56.095000+00:00,36.3806,70.9466,141.6,4.2,mb,"54 km S of Jurm, Afghanistan",Intermediate (70–300 km),2024
2024-01-27 19:32:29.747000+00:00,25.1373,96.5321,15.1,4.3,mb,"91 km WSW of Myitkyina, Myanmar",Shallow (<70 km),2024
2024-02-03 04:40:58.418000+00:00,36.9825,97.0732,10.0,5.0,mb,"235 km SSW of Yanglong, China",Shallow (<70 km),2024
2024-02-05 19:30:10.758000+00:00,36.9699,71.2797,106.134,4.1,mb,"39 km NW of Ashkāsham, Afghanistan",Intermediate (70–300 km),2024
2024-02-06 09:47:12.729000+00:00,36.469,70.7402,194.311,4.2,mb,"44 km S of Jurm, Afghanistan",Intermediate (70–300 km),2024
2024-02-06 09:52:53.871000+00:00,36.7571,71.3078,182.442,4.1,mb,"21 km WNW of Ashkāsham, Afghanistan",Intermediate (70–300 km),2024
2024-02-06 15:22:50.449000+00:00,36.3351,70.8426,129.818,4.3,mb,"58 km S of Jurm, Afghanistan",Intermediate (70–300 km),2024
2024-02-08 23:26:22.233000+00:00,36.4994,70.6989,193.98,4.3,mb,"42 km SSW of Jurm, Afghanistan",Intermediate (70–300 km),2024
2024-02-09 01:31:48.590000+00:00,36.605,71.0025,214.722,4.1,mb,"32 km SSE of Jurm, Afghanistan",Intermediate (70–300 km),2024
2024-02-11 00:37:01.984000+00:00,36.5308,70.8862,191.726,4.3,mb,"37 km S of Jurm, Afghanistan",Intermediate (70–300 km),2024
2024-02-16 15:38:27.400000+00:00,36.4734,77.2833,129.081,4.5,mb,"154 km SSE of Damusi, China",Intermediate (70–300 km),2024
2024-02-16 19:27:04.496000+00:00,36.2635,71.4614,114.88,4.6,mb,"47 km S of Ashkāsham, Afghanistan",Intermediate (70–300 km),2024
2024-02-17 18:59:41.865000+00:00,33.9802,91.9949,15.886,4.1,mb,"277 km N of Nagqu, China",Shallow (<70 km),2024
2024-02-19 16:05:15.395000+00:00,35.4886,74.8029,10.0,4.8,mww,"65 km SE of Gilgit, Pakistan",Shallow (<70 km),2024
2024-02-19 18:40:42.045000+00:00,36.1928,70.4434,149.576,4.1,mb,"67 km SE of Farkhār, Afghanistan",Intermediate (70–300 km),2024
2024-02-20 01:05:59.441000+00:00,33.1565,76.8759,10.0,4.3,mb,"34 km S of Padam, India",Shallow (<70 km),2024
2024-02-20 15:24:03.058000+00:00,36.5171,70.5485,199.038,4.0,mb,"46 km SSW of Jurm, Afghanistan",Intermediate (70–300 km),2024
2024-02-21 12:57:06.679000+00:00,36.1223,71.0071,98.178,4.5,mb,"78 km SW of Ashkāsham, Afghanistan",Intermediate (70–300 km),2024
2024-02-21 18:20:13.448000+00:00,36.5331,70.2323,229.907,4.1,mb,"33 km E of Farkhār, Afghanistan",Intermediate (70–300 km),2024
2024-02-22 17:05:55.410000+00:00,33.1787,76.8103,10.0,4.3,mb,"32 km SSW of Padam, India",Shallow (<70 km),2024
2024-02-26 11:29:31.815000+00:00,29.6188,88.0921,89.466,4.4,mb,"86 km WNW of Rikaze, China",Intermediate (70–300 km),2024
2024-02-27 23:41:05.125000+00:00,36.3624,71.3558,113.574,4.1,mb,"39 km SSW of Ashkāsham, Afghanistan",Intermediate (70–300 km),2024
2024-03-05 02:07:32.232000+00:00,33.4841,93.0234,10.0,5.4,mww,"240 km NNE of Nagqu, China",Shallow (<70 km),2024
2024-03-06 04:25:08.225000+00:00,30.4045,80.6613,10.0,4.2,mb,"50 km WNW of Burang, China",Shallow (<70 km),2024
2024-03-07 10:06:30.797000+00:00,33.5389,92.9927,10.0,5.6,mww,"244 km NNE of Nagqu, China",Shallow (<70 km),2024
2024-03-07 10:09:15.384000+00:00,33.3794,92.8542,10.0,5.0,mb,"223 km NNE of Nagqu, China",Shallow (<70 km),2024
2024-03-08 05:50:34.667000+00:00,36.7883,71.5034,260.647,4.0,mb,"11 km NNW of Ashkāsham, Afghanistan",Intermediate (70–300 km),2024
2024-03-09 05:17:48.069000+00:00,32.0128,92.8311,10.0,4.2,mb,"94 km NE of Nagqu, China",Shallow (<70 km),2024
2024-03-11 19:31:02.139000+00:00,36.5653,70.8546,216.362,4.0,mb,"33 km S of Jurm, Afghanistan",Intermediate (70–300 km),2024
2024-03-12 08:57:52.678000+00:00,25.7414,90.2866,10.0,4.4,mb,"26 km NNE of Tura, India",Shallow (<70 km),2024
2024-03-13 15:24:11.785000+00:00,36.2706,70.21,133.299,4.9,mb,"46 km SE of Farkhār, Afghanistan",Intermediate (70–300 km),2024
2024-03-13 16:42:09.718000+00:00,36.4936,71.0078,160.79,4.3,mb,"44 km SSE of Jurm, Afghanistan",Intermediate (70–300 km),2024
2024-03-17 14:29:24.711000+00:00,36.7248,71.3751,192.93,4.1,mb,"14 km WNW of Ashkāsham, Afghanistan",Intermediate (70–300 km),2024
2024-03-17 22:05:54.497000+00:00,33.6245,93.1401,10.0,4.2,mb,"258 km NNE of Nagqu, China",Shallow (<70 km),2024
2024-03-18 01:25:01.175000+00:00,33.6817,93.184,10.0,4.0,mb,"266 km NNE of Nagqu, China",Shallow (<70 km),2024
2024-03-20 16:58:04.239000+00:00,34.1004,86.3532,10.0,4.9,mb,western Xizang,Shallow (<70 km),2024
2024-03-21 22:24:54.543000+00:00,33.474,92.8117,10.0,4.2,mb,"232 km NNE of Nagqu, China",Shallow (<70 km),2024
2024-03-24 10:36:04.218000+00:00,36.7075,71.1842,93.848,3.8,mb,"31 km W of Ashkāsham, Afghanistan",Intermediate (70–300 km),2024
2024-03-25 03:27:32.051000+00:00,31.0173,70.2164,10.0,4.5,mb,"54 km NW of Taunsa, Pakistan",Shallow (<70 km),2024
2024-03-25 03:28:39.136000+00:00,31.1869,70.3,10.0,4.5,mb,"62 km W of Karor, Pakistan",Shallow (<70 km),2024
2024-03-25 18:33:02.120000+00:00,35.9944,91.5562,10.0,4.8,mb,"Southern Qinghai, China",Shallow (<70 km),2024
2024-03-26 08:02:55.775000+00:00,36.6164,71.0262,220.213,4.6,mb,"32 km SSE of Jurm, Afghanistan",Intermediate (70–300 km),2024
2024-03-27 14:59:04.317000+00:00,29.8724,99.8886,10.0,4.0,mb,"100 km NNW of Daocheng, China",Shallow (<70 km),2024
2024-03-28 00:40:51.971000+00:00,32.4821,82.9392,10.0,4.4,mb,"294 km NE of Burang, China",Shallow (<70 km),2024
2024-03-28 10:55:10.409000+00:00,36.247,71.1603,108.477,5.0,mb,"58 km SW of Ashkāsham, Afghanistan",Intermediate (70–300 km),2024
2024-03-28 23:41:55.941000+00:00,36.1555,71.1424,102.22,4.4,mb,"68 km SSW of Ashkāsham, Afghanistan",Intermediate (70–300 km),2024
2024-03-29 19:26:18.748000+00:00,32.6024,88.7536,13.465,4.7,mb,western Xizang,Shallow (<70 km),2024
2024-03-31 07:56:33.664000+00:00,28.6316,95.9137,10.0,4.5,mb,"82 km NNW of Tezu, India",Shallow (<70 km),2024
2024-03-31 13:25:33.505000+00:00,36.6962,71.4021,179.953,4.4,mb,"11 km W of Ashkāsham, Afghanistan",Intermediate (70–300 km),2024
2024-04-04 16:04:32.601000+00:00,33.1698,76.816,32.436,5.0,mww,"33 km S of Padam, India",Shallow (<70 km),2024
2024-04-05 11:50:44.688000+00:00,33.2454,76.9224,28.17,4.2,mb,"24 km S of Padam, India",Shallow (<70 km),2024
2024-04-05 12:45:38.655000+00:00,26.4924,96.9139,69.136,5.7,mb,"33 km NNE of Sarupathar, India",Shallow (<70 km),2024
2024-04-06 09:23:21.002000+00:00,33.1643,76.8223,10.0,4.4,mb,"34 km S of Padam, India",Shallow (<70 km),2024
2024-04-06 10:42:53.582000+00:00,31.8969,71.3791,10.0,4.4,mb,"8 km NW of Dullewala, Pakistan",Shallow (<70 km),2024
2024-04-06 20:56:31.468000+00:00,35.4669,70.9075,95.072,3.9,mb,"5 km NNW of Pārūn, Afghanistan",Intermediate (70–300 km),2024
2024-04-08 04:04:02.273000+00:00,36.0167,70.4922,89.287,4.3,mb,"76 km NNW of Pārūn, Afghanistan",Intermediate (70–300 km),2024
2024-04-08 08:41:30.901000+00:00,36.6899,71.2754,179.993,4.0,mb,"23 km W of Ashkāsham, Afghanistan",Intermediate (70–300 km),2024
2024-04-11 19:48:27.237000+00:00,36.5187,70.3547,205.035,4.1,mb,"44 km E of Farkhār, Afghanistan",Intermediate (70–300 km),2024
2024-04-12 04:03:43.164000+00:00,33.6749,81.9321,10.0,4.5,mb,western Xizang,Shallow (<70 km),2024
2024-04-12 05:04:55.702000+00:00,33.5976,81.877,10.0,4.7,mb,western Xizang,Shallow (<70 km),2024
2024-04-12 08:47:57.764000+00:00,33.5063,81.7768,10.0,4.7,mb,western Xizang,Shallow (<70 km),2024
2024-04-13 05:44:05.537000+00:00,33.4259,81.6271,10.0,4.4,mb,western Xizang,Shallow (<70 km),2024
2024-04-13 05:44:39.593000+00:00,33.5479,81.8672,10.0,5.5,mww,western Xizang,Shallow (<70 km),2024
2024-04-14 05:58:34.888000+00:00,36.507,70.2967,204.061,4.0,mb,"39 km E of Farkhār, Afghanistan",Intermediate (70–300 km),2024
2024-04-16 04:09:30.326000+00:00,36.5138,71.1382,87.562,4.0,mb,"40 km WSW of Ashkāsham, Afghanistan",Intermediate (70–300 km),2024
2024-04-17 08:14:05.893000+00:00,36.5951,70.9649,211.732,4.1,mb,"32 km SSE of Jurm, Afghanistan",Intermediate (70–300 km),2024
2024-04-17 12:21:56.331000+00:00,33.5376,81.7143,10.0,4.9,mb,western Xizang,Shallow (<70 km),2024
2024-04-18 07:43:33.464000+00:00,33.5515,81.8828,10.0,4.5,mb,western Xizang,Shallow (<70 km),2024
2024-04-18 15:22:37.399000+00:00,33.1489,76.8257,45.414,4.3,mb,"35 km S of Padam, India",Shallow (<70 km),2024
2024-04-18 17:40:02.062000+00:00,33.5041,81.7676,10.0,5.1,mb,western Xizang,Shallow (<70 km),2024
2024-04-18 17:44:21.553000+00:00,33.477,81.8122,10.0,4.6,mb,western Xizang,Shallow (<70 km),2024
2024-04-18 17:52:57.838000+00:00,33.492,81.7453,10.0,4.4,mb,western Xizang,Shallow (<70 km),2024
2024-04-20 01:44:04.495000+00:00,33.5237,81.7783,10.0,4.6,mb,western Xizang,Shallow (<70 km),2024
2024-04-20 04:32:52.267000+00:00,36.4883,71.3734,120.398,4.1,mb,"25 km SSW of Ashkāsham, Afghanistan",Intermediate (70–300 km),2024
2024-04-21 11:29:11.702000+00:00,33.3732,81.7076,10.0,4.1,mb,western Xizang,Shallow (<70 km),2024
2024-04-24 05:05:18.618000+00:00,25.2199,99.8131,10.0,4.4,mb,"39 km SE of Bonan, China",Shallow (<70 km),2024
2024-04-28 20:45:38.172000+00:00,25.5222,96.6471,10.0,4.6,mb,"76 km WNW of Myitkyina, Myanmar",Shallow (<70 km),2024
2024-04-29 13:55:48.298000+00:00,28.1382,92.6067,10.0,4.0,mb,"91 km NE of Tawang, India",Shallow (<70 km),2024
2024-05-01 15:21:40.576000+00:00,26.4249,96.4223,103.088,4.3,mb,"45 km WNW of Sarupathar, India",Intermediate (70–300 km),2024
2024-05-03 03:50:43.574000+00:00,36.1344,70.2508,118.753,4.2,mb,"60 km SE of Farkhār, Afghanistan",Intermediate (70–300 km),2024
2024-05-03 05:53:49.312000+00:00,36.4553,70.7444,200.083,4.0,mb,"46 km S of Jurm, Afghanistan",Intermediate (70–300 km),2024
2024-05-06 13:06:04.877000+00:00,36.5275,70.2909,197.88,4.1,mb,"39 km E of Farkhār, Afghanistan",Intermediate (70–300 km),2024
2024-05-08 04:51:46.983000+00:00,36.4728,71.3484,106.57,4.1,mb,"28 km SW of Ashkāsham, Afghanistan",Intermediate (70–300 km),2024
2024-05-10 20:34:35.598000+00:00,33.4698,81.8247,10.0,4.2,mb,western Xizang,Shallow (<70 km),2024
2024-05-14 10:38:27.626000+00:00,36.7023,71.0638,217.938,4.0,mb,"27 km SE of Jurm, Afghanistan",Intermediate (70–300 km),2024
2024-05-15 02:56:55.281000+00:00,36.4552,71.1034,118.58,4.2,mb,"46 km WSW of Ashkāsham, Afghanistan",Intermediate (70–300 km),2024
2024-05-15 11:52:10.715000+00:00,36.5017,71.1742,104.616,4.2,mb,"37 km WSW of Ashkāsham, Afghanistan",Intermediate (70–300 km),2024
2024-05-15 19:30:14.269000+00:00,33.5493,81.8265,10.0,4.2,mb,western Xizang,Shallow (<70 km),2024
2024-05-18 19:38:47.929000+00:00,36.355,76.9233,10.415,4.6,mb,"157 km S of Damusi, China",Shallow (<70 km),2024
2024-05-20 00:19:18.737000+00:00,35.2859,74.5697,56.371,4.3,mb,"73 km SSE of Gilgit, Pakistan",Shallow (<70 km),2024
2024-05-20 20:34:41.367000+00:00,36.4966,70.3846,196.386,4.5,mb,"47 km E of Farkhār, Afghanistan",Intermediate (70–300 km),2024
2024-05-20 21:27:00.745000+00:00,33.4911,81.7564,10.0,4.7,mb,western Xizang,Shallow (<70 km),2024
2024-05-22 13:19:38.931000+00:00,36.4057,71.0783,226.131,4.6,mb,"51 km SW of Ashkāsham, Afghanistan",Intermediate (70–300 km),2024
2024-05-24 18:39:29.663000+00:00,36.7364,71.0679,210.964,4.1,mb,"25 km SE of Jurm, Afghanistan",Intermediate (70–300 km),2024
2024-05-25 13:15:30.656000+00:00,36.9616,71.2957,117.295,4.3,mb,"37 km NW of Ashkāsham, Afghanistan",Intermediate (70–300 km),2024
2024-05-26 18:52:45.121000+00:00,36.5395,70.8485,175.256,4.2,mb,"36 km S of Jurm, Afghanistan",Intermediate (70–300 km),2024
2024-05-26 23:02:54.073000+00:00,30.7191,86.5185,10.0,4.4,mb,"198 km NE of Saga, China",Shallow (<70 km),2024
2024-05-28 01:13:06.793000+00:00,29.7381,81.0068,26.184,4.3,mb,"45 km ESE of Dārchulā, Nepal",Shallow (<70 km),2024
2024-05-29 15:51:26.656000+00:00,36.4947,70.3128,204.64,4.2,mb,"41 km ESE of Farkhār, Afghanistan",Intermediate (70–300 km),2024
2024-05-31 02:20:09.465000+00:00,25.7318,91.0047,41.021,4.1,mb,"35 km NW of Nongstoin, India",Shallow (<70 km),2024
2024-06-01 00:46:38.484000+00:00,34.1381,86.3128,20.71,5.9,mww,western Xizang,Shallow (<70 km),2024
2024-06-01 00:56:43.725000+00:00,34.2739,86.2597,10.0,4.5,mb,western Xizang,Shallow (<70 km),2024
2024-06-01 00:58:41.723000+00:00,34.1464,86.3993,10.0,4.4,mb,western Xizang,Shallow (<70 km),2024
2024-06-01 03:00:02.098000+00:00,34.1931,86.2416,10.0,4.4,mb,western Xizang,Shallow (<70 km),2024
2024-06-01 10:59:01.251000+00:00,34.1966,86.0853,11.556,4.3,mb,western Xizang,Shallow (<70 km),2024
2024-06-03 18:53:48.588000+00:00,34.0172,86.4785,12.044,4.2,mb,western Xizang,Shallow (<70 km),2024
2024-06-03 18:54:06.025000+00:00,34.1234,86.4438,14.097,4.6,mb,western Xizang,Shallow (<70 km),2024
2024-06-03 22:38:26.296000+00:00,33.5275,81.8103,10.0,4.3,mb,western Xizang,Shallow (<70 km),2024
2024-06-04 22:08:38.017000+00:00,36.5513,70.4478,163.995,4.1,mb,"49 km SW of Jurm, Afghanistan",Intermediate (70–300 km),2024
2024-06-05 12:04:59.113000+00:00,34.0192,86.2327,10.0,4.3,mb,western Xizang,Shallow (<70 km),2024
2024-06-05 18:53:29.787000+00:00,36.7503,71.3101,223.77,4.0,mb,"21 km WNW of Ashkāsham, Afghanistan",Intermediate (70–300 km),2024
2024-06-08 10:11:42.225000+00:00,36.646,71.0117,199.119,4.1,mb,"28 km SSE of Jurm, Afghanistan",Intermediate (70–300 km),2024
2024-06-08 18:17:19.165000+00:00,27.8429,75.3219,10.714,4.0,mb,"4 km ESE of Nawalgarh, India",Shallow (<70 km),2024
2024-06-09 04:35:09.641000+00:00,27.4645,93.088,39.251,4.3,mb,"66 km NW of Itānagar, India",Shallow (<70 km),2024
2024-06-09 16:01:23.596000+00:00,34.1803,86.4088,16.896,4.4,mb,western Xizang,Shallow (<70 km),2024
2024-06-10 20:45:34.531000+00:00,36.4897,70.7965,193.376,4.4,mb,"41 km S of Jurm, Afghanistan",Intermediate (70–300 km),2024
2024-06-11 23:06:19.857000+00:00,36.0436,70.3688,101.051,4.2,mb,"74 km SE of Farkhār, Afghanistan",Intermediate (70–300 km),2024
2024-06-12 03:48:16.286000+00:00,33.701,97.3993,10.0,4.9,mb,"285 km N of Qamdo, China",Shallow (<70 km),2024
2024-06-12 07:31:06.285000+00:00,32.3654,93.2924,10.0,4.2,mb,"152 km NE of Nagqu, China",Shallow (<70 km),2024
2024-06-14 23:24:18.046000+00:00,34.0454,86.3821,10.0,4.7,mb,western Xizang,Shallow (<70 km),2024
2024-06-15 13:39:54.955000+00:00,36.339,70.9332,193.82,4.3,mb,"59 km S of Jurm, Afghanistan",Intermediate (70–300 km),2024
2024-06-18 13:42:54.567000+00:00,35.1736,87.5162,10.0,4.5,mb,western Xizang,Shallow (<70 km),2024
2024-06-19 03:58:59.567000+00:00,36.4053,71.3587,96.903,4.0,mb,"34 km SSW of Ashkāsham, Afghanistan",Intermediate (70–300 km),2024
2024-06-19 04:17:38.705000+00:00,34.893,70.2122,70.226,4.8,mb,"24 km N of Mehtar Lām, Afghanistan",Intermediate (70–300 km),2024
2024-06-23 12:40:15.885000+00:00,34.0597,86.4306,10.0,4.8,mb,western Xizang,Shallow (<70 km),2024
2024-06-23 12:42:43.686000+00:00,33.8739,86.4723,10.0,4.4,mb,western Xizang,Shallow (<70 km),2024
2024-06-23 14:31:51.802000+00:00,36.3328,70.3848,183.848,4.1,mb,"54 km ESE of Farkhār, Afghanistan",Intermediate (70–300 km),2024
2024-06-23 19:03:36.812000+00:00,36.2321,71.2417,91.779,4.0,mb,"56 km SSW of Ashkāsham, Afghanistan",Intermediate (70–300 km),2024
2024-06-26 10:07:28.105000+00:00,36.4396,70.3975,191.076,4.5,mb,"50 km ESE of Farkhār, Afghanistan",Intermediate (70–300 km),2024
2024-06-27 08:57:16.415000+00:00,36.6058,70.4603,230.708,4.1,mb,"44 km SW of Jurm, Afghanistan",Intermediate (70–300 km),2024
2024-06-30 22:13:35.772000+00:00,36.1755,74.7478,35.0,4.1,mb,"16 km SSE of Barishal, Pakistan",Shallow (<70 km),2024
2024-07-02 01:09:10.334000+00:00,36.3332,70.9697,121.672,4.1,mb,"60 km SSE of Jurm, Afghanistan",Intermediate (70–300 km),2024
2024-07-03 02:42:59.062000+00:00,36.0926,74.6546,51.353,4.6,mb,"25 km S of Barishal, Pakistan",Shallow (<70 km),2024
2024-07-03 02:56:03.551000+00:00,36.1662,74.6636,49.251,4.0,mb,"17 km S of Barishal, Pakistan",Shallow (<70 km),2024
2024-07-04 22:19:05.323000+00:00,36.0907,74.5884,46.974,4.5,mb,"27 km SSW of Barishal, Pakistan",Shallow (<70 km),2024
2024-07-05 13:46:21.845000+00:00,36.718,71.4514,151.78,4.3,mb,"8 km WNW of Ashkāsham, Afghanistan",Intermediate (70–300 km),2024
2024-07-06 21:17:07.705000+00:00,36.228,71.4722,101.425,4.6,mwr,"50 km S of Ashkāsham, Afghanistan",Intermediate (70–300 km),2024
2024-07-07 05:11:25.335000+00:00,36.5113,70.3055,196.838,4.3,mb,"40 km E of Farkhār, Afghanistan",Intermediate (70–300 km),2024
2024-07-08 15:50:53+00:00,36.5302,71.2625,227.452,4.2,mb,"29 km SW of Ashkāsham, Afghanistan",Intermediate (70–300 km),2024
2024-07-09 19:18:05.302000+00:00,34.0582,86.2838,10.0,4.1,mb,western Xizang,Shallow (<70 km),2024
2024-07-10 19:49:26.988000+00:00,29.7368,86.7891,14.586,4.1,mb,"158 km ENE of Saga, China",Shallow (<70 km),2024
2024-07-12 06:56:22.699000+00:00,34.1455,74.3501,13.68,4.4,mb,"7 km S of Bāramūla, India",Shallow (<70 km),2024
2024-07-12 22:33:48.231000+00:00,36.0703,70.4397,126.268,4.2,mb,"76 km SE of Farkhār, Afghanistan",Intermediate (70–300 km),2024
2024-07-13 16:18:29.679000+00:00,36.7725,71.4264,188.767,4.0,mb,"13 km NW of Ashkāsham, Afghanistan",Intermediate (70–300 km),2024
2024-07-13 22:49:33.854000+00:00,30.0913,86.9812,10.0,4.5,mb,"189 km ENE of Saga, China",Shallow (<70 km),2024
2024-07-18 10:05:29.140000+00:00,29.8668,86.9588,10.0,4.4,mb,"178 km ENE of Saga, China",Shallow (<70 km),2024
2024-07-18 18:14:42.634000+00:00,36.5289,70.3719,222.42,4.9,mww,"46 km E of Farkhār, Afghanistan",Intermediate (70–300 km),2024
2024-07-20 12:04:59.754000+00:00,33.456,76.6373,43.578,4.1,mb,"23 km W of Padam, India",Shallow (<70 km),2024
2024-07-22 07:03:58.207000+00:00,36.5031,70.3504,206.663,4.5,mb,"44 km E of Farkhār, Afghanistan",Intermediate (70–300 km),2024
2024-07-23 18:16:17.280000+00:00,36.7219,71.2922,192.274,4.0,mb,"21 km W of Ashkāsham, Afghanistan",Intermediate (70–300 km),2024
2024-07-26 18:50:01.184000+00:00,36.3736,71.022,116.164,3.9,mb,"57 km SSE of Jurm, Afghanistan",Intermediate (70–300 km),2024
2024-07-27 15:46:59.802000+00:00,36.477,71.1712,108.914,4.0,mb,"39 km SW of Ashkāsham, Afghanistan",Intermediate (70–300 km),2024
2024-07-29 07:56:10.009000+00:00,36.5626,70.8993,193.857,4.1,mb,"34 km S of Jurm, Afghanistan",Intermediate (70–300 km),2024
2024-07-30 01:01:20.454000+00:00,36.385,71.1706,96.235,4.2,mb,"46 km SW of Ashkāsham, Afghanistan",Intermediate (70–300 km),2024
2024-07-30 01:27:36.066000+00:00,29.5132,98.7281,14.458,4.6,mb,"161 km WNW of Daocheng, China",Shallow (<70 km),2024
2024-07-31 01:19:55.733000+00:00,36.5056,70.1223,214.996,4.1,mb,"24 km ESE of Farkhār, Afghanistan",Intermediate (70–300 km),2024
2024-08-03 16:28:40.558000+00:00,29.9216,87.0502,10.0,4.3,mb,"188 km ENE of Saga, China",Shallow (<70 km),2024
2024-08-05 06:51:11.311000+00:00,36.5636,70.9238,193.37,4.2,mb,"34 km SSE of Jurm, Afghanistan",Intermediate (70–300 km),2024
2024-08-08 01:18:18.442000+00:00,36.5676,70.8933,191.703,4.5,mb,"33 km S of Jurm, Afghanistan",Intermediate (70–300 km),2024
2024-08-09 01:27:10.980000+00:00,27.1586,88.1937,35.0,4.5,mb,"5 km NW of Naya Bāzār, India",Shallow (<70 km),2024
2024-08-09 04:23:35.025000+00:00,31.6473,76.9775,10.0,3.6,mb,"7 km WSW of Pāndoh, India",Shallow (<70 km),2024
2024-08-10 03:47:11.437000+00:00,33.5682,81.7611,10.0,4.0,mb,western Xizang,Shallow (<70 km),2024
2024-08-10 08:44:32.253000+00:00,36.4869,71.1764,86.618,4.1,mb,"38 km SW of Ashkāsham, Afghanistan",Intermediate (70–300 km),2024
2024-08-14 14:09:05.733000+00:00,36.5946,70.9766,219.382,4.3,mb,"32 km SSE of Jurm, Afghanistan",Intermediate (70–300 km),2024
2024-08-14 19:36:11.278000+00:00,36.509,70.8658,195.838,4.7,mb,"39 km S of Jurm, Afghanistan",Intermediate (70–300 km),2024
2024-08-14 23:06:45.518000+00:00,25.1793,94.6614,10.0,4.2,mb,"56 km SSE of Phek, India",Shallow (<70 km),2024
2024-08-15 05:14:01.991000+00:00,36.4383,71.0434,180.015,4.1,mb,"50 km SSE of Jurm, Afghanistan",Intermediate (70–300 km),2024
2024-08-17 22:51:58.505000+00:00,36.6324,71.032,199.9,4.4,mb,"31 km SE of Jurm, Afghanistan",Intermediate (70–300 km),2024
2024-08-18 10:57:07.120000+00:00,36.5373,70.1073,208.617,4.4,mb,"22 km E of Farkhār, Afghanistan",Intermediate (70–300 km),2024
2024-08-19 00:44:51.858000+00:00,25.1089,96.4115,10.0,4.5,mb,"103 km WSW of Myitkyina, Myanmar",Shallow (<70 km),2024
2024-08-20 01:15:55.090000+00:00,34.1613,74.2677,14.076,5.1,mb,"8 km SW of Bāramūla, India",Shallow (<70 km),2024
2024-08-20 01:22:26.354000+00:00,34.1873,74.2881,13.738,4.5,mwr,"5 km WSW of Bāramūla, India",Shallow (<70 km),2024
2024-08-21 16:52:25.115000+00:00,34.2324,74.1045,10.0,3.6,mb,"17 km NNE of Uri, India",Shallow (<70 km),2024
2024-08-22 22:47:35.821000+00:00,36.5757,70.4973,201.86,4.1,mb,"43 km SW of Jurm, Afghanistan",Intermediate (70–300 km),2024
2024-08-24 18:49:08.485000+00:00,36.6594,71.1113,211.232,4.2,mb,"33 km SE of Jurm, Afghanistan",Intermediate (70–300 km),2024
2024-08-29 05:56:40.251000+00:00,36.5209,71.2507,221.698,5.2,mww,"31 km SW of Ashkāsham, Afghanistan",Intermediate (70–300 km),2024
2024-08-30 00:30:49.063000+00:00,36.4464,71.0013,126.439,4.2,mb,"48 km SSE of Jurm, Afghanistan",Intermediate (70–300 km),2024
2024-08-30 11:24:16.362000+00:00,34.4717,98.6792,10.0,4.2,mb,"225 km W of Oula Xiuma, China",Shallow (<70 km),2024
2024-08-30 22:01:59.157000+00:00,28.6347,84.3475,10.0,4.1,mb,"44 km N of Besisahar, Nepal",Shallow (<70 km),2024
2024-08-30 23:00:36.402000+00:00,36.5411,71.1002,115.326,4.1,mb,"41 km WSW of Ashkāsham, Afghanistan",Intermediate (70–300 km),2024
2024-08-31 03:05:28.023000+00:00,36.0023,70.8217,97.883,4.2,mb,"65 km N of Pārūn, Afghanistan",Intermediate (70–300 km),2024
2024-09-02 01:05:59.476000+00:00,36.0527,70.4973,127.127,4.3,mb,"79 km NNW of Pārūn, Afghanistan",Intermediate (70–300 km),2024
2024-09-03 20:34:41.655000+00:00,34.5774,83.8259,10.0,4.4,mb,"269 km SE of Aqqan, China",Shallow (<70 km),2024
2024-09-04 13:08:49.133000+00:00,36.6275,71.3519,228.922,4.1,mb,"17 km WSW of Ashkāsham, Afghanistan",Intermediate (70–300 km),2024
2024-09-05 11:52:07.337000+00:00,36.0025,70.3122,119.226,4.6,mb,"75 km SSE of Farkhār, Afghanistan",Intermediate (70–300 km),2024
2024-09-05 21:41:24.554000+00:00,36.2154,71.0548,139.424,4.2,mb,"67 km SW of Ashkāsham, Afghanistan",Intermediate (70–300 km),2024
2024-09-06 14:28:32.156000+00:00,27.1115,89.2749,10.0,4.3,mb,"19 km NW of Daphu, Bhutan",Shallow (<70 km),2024
2024-09-07 22:02:13.061000+00:00,36.025,70.5111,102.986,4.4,mb,"76 km NNW of Pārūn, Afghanistan",Intermediate (70–300 km),2024
2024-09-09 08:20:03.592000+00:00,36.2788,70.0187,131.945,4.2,mb,"35 km SSE of Farkhār, Afghanistan",Intermediate (70–300 km),2024
2024-09-11 07:28:02.928000+00:00,31.2637,70.5845,31.0,5.1,mwb,"35 km W of Karor, Pakistan",Shallow (<70 km),2024
2024-09-12 22:04:17.311000+00:00,31.7568,85.3393,10.0,4.4,mb,"269 km N of Saga, China",Shallow (<70 km),2024
2024-09-13 10:01:09.252000+00:00,33.8365,82.1939,10.0,4.6,mb,"292 km S of Aqqan, China",Shallow (<70 km),2024
2024-09-13 12:27:23.125000+00:00,33.6447,85.2829,10.0,4.5,mb,western Xizang,Shallow (<70 km),2024
2024-09-13 18:29:56.807000+00:00,31.4862,86.5483,37.678,4.9,mb,"271 km NNE of Saga, China",Shallow (<70 km),2024
2024-09-14 18:21:42.274000+00:00,29.9563,82.1893,13.48,4.4,mb,"75 km N of Jumla, Nepal",Shallow (<70 km),2024
2024-09-17 03:46:05.990000+00:00,36.5439,70.3336,204.456,4.2,mb,"42 km E of Farkhār, Afghanistan",Intermediate (70–300 km),2024
2024-09-21 14:42:44.531000+00:00,36.1129,70.8054,112.973,4.5,mb,"77 km N of Pārūn, Afghanistan",Intermediate (70–300 km),2024
2024-09-25 14:28:00.167000+00:00,32.4949,70.2205,10.0,4.2,mb,"22 km SSW of Gulishah Kach, Pakistan",Shallow (<70 km),2024
2024-09-26 11:00:47.109000+00:00,25.9261,92.5119,10.0,4.3,mb,"34 km S of Rahā, India",Shallow (<70 km),2024
2024-09-29 04:25:16.543000+00:00,33.8731,71.043,10.0,4.5,mb,"26 km SSW of Landi Kotal, Pakistan",Shallow (<70 km),2024
2024-09-29 17:50:16.735000+00:00,36.5254,70.7954,191.617,4.4,mb,"37 km S of Jurm, Afghanistan",Intermediate (70–300 km),2024
2024-10-01 02:51:41.164000+00:00,36.4225,71.2136,234.928,4.1,mb,"40 km SW of Ashkāsham, Afghanistan",Intermediate (70–300 km),2024
2024-10-05 03:33:19.292000+00:00,30.5673,84.194,10.0,4.3,mb,"170 km NW of Saga, China",Shallow (<70 km),2024
2024-10-06 02:54:11.427000+00:00,36.4755,70.4127,201.544,4.3,mb,"50 km ESE of Farkhār, Afghanistan",Intermediate (70–300 km),2024
2024-10-11 00:39:13.277000+00:00,36.6992,70.9709,187.672,4.0,mb,"22 km SSE of Jurm, Afghanistan",Intermediate (70–300 km),2024
2024-10-11 13:21:19.262000+00:00,36.5139,70.1807,222.155,4.4,mb,"29 km ESE of Farkhār, Afghanistan",Intermediate (70–300 km),2024
2024-10-11 16:07:26.508000+00:00,36.8725,71.3314,182.08,4.0,mb,"27 km NW of Ashkāsham, Afghanistan",Intermediate (70–300 km),2024
2024-10-13 02:17:29.478000+00:00,26.7107,92.2692,10.0,4.4,mb,"17 km ESE of Udalguri, India",Shallow (<70 km),2024
2024-10-14 07:24:04.479000+00:00,36.7021,71.2408,220.148,4.0,mb,"26 km W of Ashkāsham, Afghanistan",Intermediate (70–300 km),2024
2024-10-14 16:47:47.648000+00:00,27.3416,86.7989,10.0,4.0,mb,"30 km NW of Bhojpur, Nepal",Shallow (<70 km),2024
2024-10-14 19:15:15.399000+00:00,36.7513,71.0241,205.879,4.1,mb,"21 km SE of Jurm, Afghanistan",Intermediate (70–300 km),2024
2024-10-15 17:42:53.364000+00:00,36.4652,71.3354,103.992,4.2,mb,"29 km SW of Ashkāsham, Afghanistan",Intermediate (70–300 km),2024
2024-10-16 18:30:46.498000+00:00,36.6676,71.2299,216.178,4.1,mb,"27 km W of Ashkāsham, Afghanistan",Intermediate (70–300 km),2024
2024-10-16 18:56:51.147000+00:00,36.5224,70.5681,205.0,5.9,mww,"44 km SSW of Jurm, Afghanistan",Intermediate (70–300 km),2024
2024-10-17 10:53:35.827000+00:00,36.532,71.0171,179.972,4.2,mb,"40 km SSE of Jurm, Afghanistan",Intermediate (70–300 km),2024
2024-10-20 22:57:13.188000+00:00,29.8315,92.454,10.0,4.1,mb,"132 km E of Lhasa, China",Shallow (<70 km),2024
2024-10-23 21:11:16.587000+00:00,32.6684,90.3563,10.0,4.2,mb,"207 km NW of Nagqu, China",Shallow (<70 km),2024
2024-10-25 20:06:17.982000+00:00,36.661,70.5877,196.754,4.2,mb,"31 km SW of Jurm, Afghanistan",Intermediate (70–300 km),2024
2024-10-27 22:38:14.027000+00:00,36.9602,71.1396,107.646,4.1,mb,"29 km ENE of Jurm, Afghanistan",Intermediate (70–300 km),2024
2024-10-28 13:08:36.561000+00:00,27.8841,94.0163,10.0,4.7,mb,"36 km NNE of Ziro, India",Shallow (<70 km),2024
2024-10-31 01:32:40.192000+00:00,29.8874,92.3502,10.0,4.3,mb,"123 km ENE of Lhasa, China",Shallow (<70 km),2024
2024-10-31 01:45:05.042000+00:00,29.8941,92.2654,10.0,4.2,mb,"115 km ENE of Lhasa, China",Shallow (<70 km),2024
2024-11-01 20:01:15.039000+00:00,36.2464,70.588,120.222,4.8,mb,"72 km SSW of Jurm, Afghanistan",Intermediate (70–300 km),2024
2024-11-01 21:35:46.223000+00:00,33.8593,86.4464,10.0,4.7,mb,western Xizang,Shallow (<70 km),2024
2024-11-01 22:03:47.853000+00:00,29.877,92.1517,10.0,4.4,mb,"104 km ENE of Lhasa, China",Shallow (<70 km),2024
2024-11-04 02:37:43.337000+00:00,36.6878,70.1353,213.093,4.2,mb,"27 km ENE of Farkhār, Afghanistan",Intermediate (70–300 km),2024
2024-11-04 11:22:20.908000+00:00,36.6323,71.0675,200.54,4.2,mb,"33 km SE of Jurm, Afghanistan",Intermediate (70–300 km),2024
2024-11-06 20:19:56.281000+00:00,29.8366,92.1951,10.0,4.7,mb,"107 km E of Lhasa, China",Shallow (<70 km),2024
2024-11-08 05:00:54.894000+00:00,29.9237,92.2999,10.0,4.7,mb,"119 km ENE of Lhasa, China",Shallow (<70 km),2024
2024-11-09 03:25:44.192000+00:00,36.582,70.9387,194.836,4.1,mb,"32 km SSE of Jurm, Afghanistan",Intermediate (70–300 km),2024
2024-11-11 05:29:24.628000+00:00,29.8708,92.1054,10.0,4.5,mb,"100 km ENE of Lhasa, China",Shallow (<70 km),2024
2024-11-11 06:25:17.791000+00:00,29.9853,92.5472,10.0,4.4,mb,"144 km ENE of Lhasa, China",Shallow (<70 km),2024
2024-11-11 08:19:51.489000+00:00,36.5418,70.2064,213.154,4.2,mb,"31 km E of Farkhār, Afghanistan",Intermediate (70–300 km),2024
2024-11-12 08:30:35.294000+00:00,27.4254,88.33,10.0,4.4,mb,"16 km NNE of Gyalshing, India",Shallow (<70 km),2024
2024-11-12 14:41:38.243000+00:00,29.6823,92.1177,10.0,4.5,mb,"98 km E of Lhasa, China",Shallow (<70 km),2024
2024-11-13 04:15:07.727000+00:00,29.695,92.3151,10.0,4.5,mb,"117 km E of Lhasa, China",Shallow (<70 km),2024
2024-11-13 05:13:20.904000+00:00,36.5137,71.1648,231.72,5.0,mb,"37 km WSW of Ashkāsham, Afghanistan",Intermediate (70–300 km),2024
2024-11-13 10:06:22.496000+00:00,36.6254,71.1715,122.644,4.1,mb,"32 km WSW of Ashkāsham, Afghanistan",Intermediate (70–300 km),2024
2024-11-13 15:47:56.598000+00:00,36.5366,70.8309,222.409,4.9,mb,"36 km S of Jurm, Afghanistan",Intermediate (70–300 km),2024
2024-11-14 13:07:31.855000+00:00,36.5338,70.8358,182.221,4.2,mb,"36 km S of Jurm, Afghanistan",Intermediate (70–300 km),2024
2024-11-14 20:48:56.737000+00:00,34.629,82.9375,10.0,4.4,mb,"222 km SSE of Aqqan, China",Shallow (<70 km),2024
2024-11-16 23:13:17.040000+00:00,36.6597,71.0365,203.964,4.3,mb,"29 km SE of Jurm, Afghanistan",Intermediate (70–300 km),2024
2024-11-17 19:00:06.698000+00:00,35.9951,77.0783,10.0,4.2,mb,"121 km NNE of Thang, India",Shallow (<70 km),2024
2024-11-18 06:27:31.689000+00:00,26.3299,96.0,123.626,4.0,mb,"82 km W of Sarupathar, India",Intermediate (70–300 km),2024
2024-11-18 07:01:58.960000+00:00,29.8909,92.1777,10.0,4.7,mb,"107 km ENE of Lhasa, China",Shallow (<70 km),2024
2024-11-18 07:06:26.733000+00:00,29.8092,92.13,10.0,4.5,mb,"101 km E of Lhasa, China",Shallow (<70 km),2024
2024-11-21 01:16:44.900000+00:00,32.8734,98.4945,10.0,4.1,mb,"229 km NNE of Qamdo, China",Shallow (<70 km),2024
2024-11-22 01:05:14.855000+00:00,36.5206,71.1713,102.844,4.3,mb,"37 km WSW of Ashkāsham, Afghanistan",Intermediate (70–300 km),2024
2024-11-22 14:42:09.100000+00:00,29.8586,92.0847,7.624,4.3,mb,"98 km ENE of Lhasa, China",Shallow (<70 km),2024
2024-11-23 04:27:58.296000+00:00,36.4922,70.495,194.49,4.2,mb,"51 km SW of Jurm, Afghanistan",Intermediate (70–300 km),2024
2024-11-23 12:15:15.049000+00:00,36.4994,70.2701,207.387,4.0,mb,"37 km ESE of Farkhār, Afghanistan",Intermediate (70–300 km),2024
2024-11-23 17:35:06.040000+00:00,25.0441,92.7769,59.18,4.2,mb,"24 km N of Silchar, India",Shallow (<70 km),2024
2024-11-28 01:52:59.710000+00:00,25.3723,94.8209,105.396,4.3,mb,"45 km SE of Phek, India",Intermediate (70–300 km),2024
2024-11-28 10:49:00.723000+00:00,36.6297,71.2277,227.574,4.9,mb,"27 km WSW of Ashkāsham, Afghanistan",Intermediate (70–300 km),2024
2024-12-05 06:21:22.894000+00:00,32.8339,73.7141,10.0,5.2,mb,"8 km SSW of Sarai Alamgir, Pakistan",Shallow (<70 km),2024
2024-12-07 17:08:36.129000+00:00,30.2844,80.3295,35.0,4.0,mb,"51 km NNW of Dhārchula, India",Shallow (<70 km),2024
2024-12-07 18:00:23.976000+00:00,29.8141,92.1448,9.08,4.4,mb,"102 km E of Lhasa, China",Shallow (<70 km),2024
2024-12-07 22:07:48.222000+00:00,29.4107,94.8752,37.112,4.5,mb,"109 km NNE of Shi Yomi, India",Shallow (<70 km),2024
2024-12-08 08:29:02.509000+00:00,36.6023,70.9069,201.552,4.2,mb,"29 km SSE of Jurm, Afghanistan",Intermediate (70–300 km),2024
2024-12-08 18:12:25.381000+00:00,33.5308,81.9295,10.0,4.5,mb,western Xizang,Shallow (<70 km),2024
2024-12-10 10:03:02.595000+00:00,36.7617,70.9195,83.199,4.7,mb,"13 km SSE of Jurm, Afghanistan",Intermediate (70–300 km),2024
2024-12-12 05:40:25.254000+00:00,32.5276,93.6651,10.0,4.2,mb,"191 km NE of Nagqu, China",Shallow (<70 km),2024
2024-12-14 01:05:29.137000+00:00,25.9364,96.5936,10.0,4.4,mb,"36 km SW of Sarupathar, India",Shallow (<70 km),2024
2024-12-14 20:37:34.864000+00:00,34.1485,87.2915,10.0,4.3,mb,western Xizang,Shallow (<70 km),2024
2024-12-15 09:20:36.166000+00:00,36.5525,70.9959,116.881,4.3,mb,"37 km SSE of Jurm, Afghanistan",Intermediate (70–300 km),2024
2024-12-16 14:10:33.722000+00:00,25.6193,90.5843,10.0,4.3,mb,"40 km ENE of Tura, India",Shallow (<70 km),2024
2024-12-17 11:23:27.288000+00:00,29.831,81.3883,20.081,4.4,mb,"55 km SSE of Burang, China",Shallow (<70 km),2024
2024-12-17 17:26:50.626000+00:00,33.7135,92.9499,10.0,4.3,mb,"261 km NNE of Nagqu, China",Shallow (<70 km),2024
2024-12-18 10:53:06.485000+00:00,34.2703,78.7475,10.0,4.4,mb,"107 km E of Leh, India",Shallow (<70 km),2024
2024-12-19 01:52:46.050000+00:00,28.5833,84.1037,10.0,4.3,mb,"37 km NNE of Pokhara, Nepal",Shallow (<70 km),2024
2024-12-20 18:32:28.841000+00:00,29.7956,92.1173,10.008,4.3,mb,"99 km E of Lhasa, China",Shallow (<70 km),2024
2024-12-20 22:29:02.221000+00:00,29.4923,81.6099,10.0,5.0,mb,"60 km WNW of Jumla, Nepal",Shallow (<70 km),2024
2024-12-22 22:37:37.577000+00:00,29.1852,95.1793,10.0,4.0,mb,"107 km NE of Shi Yomi, India",Shallow (<70 km),2024
2024-12-24 09:08:29.842000+00:00,36.6824,71.0996,211.514,4.2,mb,"31 km SE of Jurm, Afghanistan",Intermediate (70–300 km),2024
2024-12-25 07:57:43.530000+00:00,36.4503,70.3895,209.319,4.3,mb,"49 km ESE of Farkhār, Afghanistan",Intermediate (70–300 km),2024
2024-12-27 01:11:44.869000+00:00,36.5659,70.7338,178.48,4.1,mb,"34 km SSW of Jurm, Afghanistan",Intermediate (70–300 km),2024
2024-12-27 13:44:48.129000+00:00,36.3072,70.7893,102.823,4.3,mb,"62 km S of Jurm, Afghanistan",Intermediate (70–300 km),2024
2024-12-27 15:37:04.335000+00:00,34.5055,74.1714,64.259,4.3,mb,"36 km NNW of Bāramūla, India",Shallow (<70 km),2024
2024-12-28 06:05:48.771000+00:00,28.2962,87.0514,10.0,4.2,mb,Southern Tibetan Plateau,Shallow (<70 km),2024
2024-12-28 07:02:12.064000+00:00,28.3716,86.7157,10.0,4.0,mb,Southern Tibetan Plateau,Shallow (<70 km),2024
2024-12-29 00:11:38.857000+00:00,36.7477,71.3742,143.537,4.1,mb,"15 km WNW of Ashkāsham, Afghanistan",Intermediate (70–300 km),2024
2024-12-29 16:47:55.254000+00:00,36.5397,71.2467,223.091,4.0,mb,"30 km WSW of Ashkāsham, Afghanistan",Intermediate (70–300 km),2024
2024-12-29 17:35:41.050000+00:00,36.198,70.6585,114.0,4.2,mb,"75 km SSW of Jurm, Afghanistan",Intermediate (70–300 km),2024
2024-12-30 21:48:54.605000+00:00,36.7412,70.9153,224.419,4.0,mb,"15 km SSE of Jurm, Afghanistan",Intermediate (70–300 km),2024
2024-12-31 02:08:59.913000+00:00,29.3582,80.9784,10.0,4.1,mb,"11 km NNE of Dipayal, Nepal",Shallow (<70 km),2024
2025-01-05 01:01:01.195000+00:00,35.8958,70.5573,96.809,4.2,mb,"62 km NNW of Pārūn, Afghanistan",Intermediate (70–300 km),2025
2025-01-06 07:34:21.777000+00:00,26.7009,96.9229,10.0,4.5,mb,"55 km NNE of Sarupathar, India",Shallow (<70 km),2025
2025-01-06 15:26:46.849000+00:00,33.4298,87.0306,10.0,5.2,mb,Tibetan Plateau,Shallow (<70 km),2025
2025-01-07 00:11:50.965000+00:00,28.9374,87.2187,10.0,4.2,mb,Southern Tibetan Plateau,Shallow (<70 km),2025
2025-01-07 01:05:16.734000+00:00,28.6036,87.3781,10.0,7.1,mww,2025 Southern Tibetan Plateau Earthquake,Shallow (<70 km),2025
2025-01-07 01:09:13.529000+00:00,28.7537,87.1968,10.0,5.4,mb,"96 km NNE of Lobuche, Nepal",Shallow (<70 km),2025
2025-01-07 01:10:54.880000+00:00,28.8057,87.1343,10.0,5.2,mb,"100 km NNE of Lobuche, Nepal",Shallow (<70 km),2025
2025-01-07 01:13:27.197000+00:00,28.4421,87.4659,10.0,5.2,mb,Southern Tibetan Plateau,Shallow (<70 km),2025
2025-01-07 01:14:42.239000+00:00,28.5282,87.356,10.0,5.2,mb,"83 km NE of Lobuche, Nepal",Shallow (<70 km),2025
2025-01-07 01:17:24.736000+00:00,28.3398,87.1798,10.0,4.7,mb,"56 km NE of Lobuche, Nepal",Shallow (<70 km),2025
2025-01-07 01:18:30.934000+00:00,28.5411,87.4266,10.0,4.6,mb,"89 km NE of Lobuche, Nepal",Shallow (<70 km),2025
2025-01-07 01:20:47.587000+00:00,28.5147,87.1381,10.0,4.5,mb,"70 km NNE of Lobuche, Nepal",Shallow (<70 km),2025
2025-01-07 01:22:42.984000+00:00,28.7219,87.4767,10.0,4.2,mb,"107 km NE of Lobuche, Nepal",Shallow (<70 km),2025
2025-01-07 01:23:23.189000+00:00,28.7964,87.2367,10.0,4.3,mb,"102 km NNE of Lobuche, Nepal",Shallow (<70 km),2025
2025-01-07 01:24:25.911000+00:00,28.4845,87.4575,10.0,5.0,mb,Southern Tibetan Plateau,Shallow (<70 km),2025
2025-01-07 01:31:59.676000+00:00,28.8053,87.608,10.0,4.9,mb,Southern Tibetan Plateau,Shallow (<70 km),2025
2025-01-07 01:35:02.357000+00:00,28.7174,87.4436,10.0,4.2,mb,"105 km NE of Lobuche, Nepal",Shallow (<70 km),2025
2025-01-07 01:37:13.647000+00:00,28.7969,87.2321,10.0,5.0,mb,Southern Tibetan Plateau,Shallow (<70 km),2025
2025-01-07 01:43:49.062000+00:00,28.3885,87.2633,10.0,4.9,mb,Southern Tibetan Plateau,Shallow (<70 km),2025
2025-01-07 01:59:48.239000+00:00,28.779,87.3465,10.0,4.6,mb,Southern Tibetan Plateau,Shallow (<70 km),2025
2025-01-07 02:01:06.777000+00:00,28.7477,87.3101,10.0,4.5,mb,"101 km NNE of Lobuche, Nepal",Shallow (<70 km),2025
2025-01-07 02:02:14.334000+00:00,28.6155,87.2212,10.0,4.1,mb,"84 km NNE of Lobuche, Nepal",Shallow (<70 km),2025
2025-01-07 02:04:08.881000+00:00,28.7346,87.2482,10.0,4.2,mb,"97 km NNE of Lobuche, Nepal",Shallow (<70 km),2025
2025-01-07 02:14:28.496000+00:00,33.4365,87.154,10.975,4.9,mb,Tibetan Plateau,Shallow (<70 km),2025
2025-01-07 02:22:44.323000+00:00,28.6661,87.2813,10.0,4.3,mb,Southern Tibetan Plateau,Shallow (<70 km),2025
2025-01-07 02:27:26.572000+00:00,28.2665,87.1579,10.0,4.0,mb,"49 km NE of Lobuche, Nepal",Shallow (<70 km),2025
2025-01-07 02:27:38.392000+00:00,28.3017,87.1134,10.0,4.5,mb,"49 km NE of Lobuche, Nepal",Shallow (<70 km),2025
2025-01-07 02:32:41.313000+00:00,28.4666,87.2878,10.0,4.2,mb,"74 km NE of Lobuche, Nepal",Shallow (<70 km),2025
2025-01-07 02:34:51.074000+00:00,28.5677,87.3881,10.0,4.4,mb,Southern Tibetan Plateau,Shallow (<70 km),2025
2025-01-07 02:41:18.704000+00:00,28.6698,87.2342,10.0,4.2,mb,"90 km NNE of Lobuche, Nepal",Shallow (<70 km),2025
2025-01-07 03:12:04.183000+00:00,29.0157,87.5058,10.0,4.2,mb,"136 km NNE of Lobuche, Nepal",Shallow (<70 km),2025
2025-01-07 03:17:53.208000+00:00,28.8938,87.2163,10.0,4.4,mb,"112 km NNE of Lobuche, Nepal",Shallow (<70 km),2025
2025-01-07 03:19:33.899000+00:00,28.7212,87.2266,10.0,4.3,mb,Southern Tibetan Plateau,Shallow (<70 km),2025
2025-01-07 03:27:31.787000+00:00,29.0441,87.3622,10.0,4.4,mb,Southern Tibetan Plateau,Shallow (<70 km),2025
2025-01-07 03:41:11.608000+00:00,28.908,87.4268,10.0,4.4,mb,Southern Tibetan Plateau,Shallow (<70 km),2025
2025-01-07 03:45:54.911000+00:00,28.6558,87.3207,10.0,4.5,mb,Southern Tibetan Plateau,Shallow (<70 km),2025
2025-01-07 03:52:43.923000+00:00,28.9296,87.5006,10.0,4.2,mb,Southern Tibetan Plateau,Shallow (<70 km),2025
2025-01-07 03:57:59.624000+00:00,28.6419,87.2925,10.0,4.2,mb,Southern Tibetan Plateau,Shallow (<70 km),2025
2025-01-07 04:34:18.602000+00:00,28.7006,87.3172,10.0,4.0,mb,Southern Tibetan Plateau,Shallow (<70 km),2025
2025-01-07 04:58:52.838000+00:00,28.635,87.1452,10.0,4.1,mb,Southern Tibetan Plateau,Shallow (<70 km),2025
2025-01-07 04:59:31.942000+00:00,28.1957,87.1543,10.0,4.1,mb,Southern Tibetan Plateau,Shallow (<70 km),2025
2025-01-07 05:57:16.316000+00:00,28.8918,87.5814,10.0,4.6,mb,Southern Tibetan Plateau,Shallow (<70 km),2025
2025-01-07 06:25:37.143000+00:00,28.4779,87.4671,10.0,4.0,mb,"87 km NE of Lobuche, Nepal",Shallow (<70 km),2025
2025-01-07 06:47:44.965000+00:00,28.1006,99.8279,10.0,4.4,mb,"32 km NNE of Shangri-La, China",Shallow (<70 km),2025
2025-01-07 07:54:10.361000+00:00,28.5853,87.4505,10.0,4.4,mb,Southern Tibetan Plateau,Shallow (<70 km),2025
2025-01-07 12:22:15.965000+00:00,28.2839,87.2233,10.0,4.2,mb,Southern Tibetan Plateau,Shallow (<70 km),2025
2025-01-07 13:07:39.770000+00:00,28.7491,87.5188,10.0,4.1,mb,Southern Tibetan Plateau,Shallow (<70 km),2025
2025-01-07 13:29:35.125000+00:00,28.5993,87.2148,10.0,4.6,mb,Southern Tibetan Plateau ,Shallow (<70 km),2025
2025-01-07 14:04:11.394000+00:00,28.5578,87.335,10.0,4.3,mb,Southern Tibetan Plateau,Shallow (<70 km),2025
2025-01-07 15:06:31.898000+00:00,28.8085,87.3293,10.0,4.1,mb,"108 km NNE of Lobuche, Nepal",Shallow (<70 km),2025
2025-01-07 17:36:01.453000+00:00,28.6137,87.2674,10.0,4.3,mb,Southern Tibetan Plateau,Shallow (<70 km),2025
2025-01-07 19:52:52.207000+00:00,28.7108,87.3437,10.0,4.5,mb,Southern Tibetan Plateau ,Shallow (<70 km),2025
2025-01-08 00:08:19.912000+00:00,28.753,87.234,10.0,4.1,mb,Southern Tibetan Plateau,Shallow (<70 km),2025
2025-01-08 01:28:08.865000+00:00,28.2681,87.3885,10.0,4.1,mb,"66 km ENE of Lobuche, Nepal",Shallow (<70 km),2025
2025-01-08 01:43:42.281000+00:00,28.3995,87.2967,10.0,4.2,mb,Southern Tibetan Plateau,Shallow (<70 km),2025
2025-01-08 03:51:21.676000+00:00,28.4359,87.3648,10.0,5.0,mb,Southern Tibetan Plateau,Shallow (<70 km),2025
2025-01-08 07:08:53.950000+00:00,28.9617,87.4953,10.0,4.2,mb,Southern Tibetan Plateau,Shallow (<70 km),2025
2025-01-08 07:44:22.866000+00:00,34.8006,97.4685,10.0,5.5,mww,"Southern Qinghai, China",Shallow (<70 km),2025
2025-01-08 11:04:44.590000+00:00,28.1006,87.2618,10.0,4.2,mb,Southern Tibetan Plateau,Shallow (<70 km),2025
2025-01-08 13:05:10.199000+00:00,34.773,97.4322,10.0,4.2,mb,"Southern Qinghai, China",Shallow (<70 km),2025
2025-01-08 15:54:26.628000+00:00,28.5177,87.2838,10.0,4.2,mb,Southern Tibetan Plateau,Shallow (<70 km),2025
2025-01-08 18:48:22.198000+00:00,28.5155,87.1736,10.0,4.0,mb,Southern Tibetan Plateau,Shallow (<70 km),2025
2025-01-08 20:49:33.250000+00:00,34.8624,97.4916,10.0,4.2,mb,"Southern Qinghai, China",Shallow (<70 km),2025
2025-01-08 23:39:08.183000+00:00,29.9915,91.9736,10.0,4.0,mb,"92 km ENE of Lhasa, China",Shallow (<70 km),2025
2025-01-09 00:34:16.830000+00:00,32.6731,88.3629,10.0,4.4,mb,Tibetan Plateau,Shallow (<70 km),2025
2025-01-09 07:28:44.991000+00:00,28.4769,87.3601,10.0,4.4,mb,"79 km NE of Lobuche, Nepal",Shallow (<70 km),2025
2025-01-09 17:56:20.765000+00:00,28.5908,87.2468,10.0,4.4,mb,Southern Tibetan Plateau,Shallow (<70 km),2025
2025-01-09 22:58:05.072000+00:00,28.3591,87.3545,10.0,4.3,mb,"70 km NE of Lobuche, Nepal",Shallow (<70 km),2025
2025-01-10 06:40:56.626000+00:00,35.0222,97.4719,10.0,4.4,mb,"Southern Qinghai, China",Shallow (<70 km),2025
2025-01-10 22:47:36.154000+00:00,28.3706,87.1412,10.0,4.3,mb,"57 km NE of Lobuche, Nepal",Shallow (<70 km),2025
2025-01-12 06:51:23.552000+00:00,28.233,87.0041,10.0,4.1,mb,"36 km NNE of Lobuche, Nepal",Shallow (<70 km),2025
2025-01-12 09:54:01.572000+00:00,28.6622,87.4427,10.0,4.5,mb,Southern Tibetan Plateau,Shallow (<70 km),2025
2025-01-13 00:14:11.671000+00:00,36.6115,70.9206,184.038,4.2,mb,"29 km SSE of Jurm, Afghanistan",Intermediate (70–300 km),2025
2025-01-13 12:57:37.995000+00:00,28.405,87.3079,10.0,5.0,mb,Southern Tibetan Plateau,Shallow (<70 km),2025
2025-01-13 12:58:22.257000+00:00,28.4815,87.4058,10.0,5.1,mb,Southern Tibetan Plateau,Shallow (<70 km),2025
2025-01-13 13:14:57.314000+00:00,28.4607,87.3323,10.0,4.3,mb,"76 km NE of Lobuche, Nepal",Shallow (<70 km),2025
2025-01-13 14:13:51.187000+00:00,36.5277,70.461,195.278,4.2,mb,"50 km SW of Jurm, Afghanistan",Intermediate (70–300 km),2025
2025-01-13 15:19:08.303000+00:00,28.4558,87.2761,10.0,4.3,mb,Southern Tibetan Plateau,Shallow (<70 km),2025
2025-01-13 15:44:42.737000+00:00,28.4247,87.169,10.0,4.6,mb,Southern Tibetan Plateau,Shallow (<70 km),2025
2025-01-15 01:31:45.645000+00:00,36.4813,70.8161,172.276,4.3,mb,"42 km S of Jurm, Afghanistan",Intermediate (70–300 km),2025
2025-01-15 14:58:35.122000+00:00,29.7147,92.1757,10.0,4.4,mb,"104 km E of Lhasa, China",Shallow (<70 km),2025
2025-01-15 18:32:51.486000+00:00,36.553,71.1319,211.51,4.2,mb,"38 km WSW of Ashkāsham, Afghanistan",Intermediate (70–300 km),2025
2025-01-15 20:50:52.766000+00:00,29.0382,87.4195,10.0,4.4,mb,Southern Tibetan Plateau,Shallow (<70 km),2025
2025-01-16 02:57:22.808000+00:00,29.1378,87.4391,10.0,4.1,mb,Southern Tibetan Plateau,Shallow (<70 km),2025
2025-01-16 03:20:02.464000+00:00,28.7777,87.4095,10.0,4.9,mb,Southern Tibetan Plateau,Shallow (<70 km),2025
2025-01-16 05:18:46.581000+00:00,29.1529,87.5413,10.0,4.0,mb,Southern Tibetan Plateau,Shallow (<70 km),2025
2025-01-16 13:12:33.002000+00:00,33.6312,81.8182,10.0,4.5,mb,western Xizang,Shallow (<70 km),2025
2025-01-18 15:36:54.487000+00:00,28.4323,87.6046,10.0,4.8,mb,Southern Tibetan Plateau,Shallow (<70 km),2025
2025-01-18 16:26:31.499000+00:00,28.6435,87.4691,10.0,4.6,mb,Southern Tibetan Plateau,Shallow (<70 km),2025
2025-01-19 17:56:44.997000+00:00,28.3527,87.5481,10.0,4.5,mb,Southern Tibetan Plateau,Shallow (<70 km),2025
2025-01-19 17:59:49.855000+00:00,28.4216,87.501,10.0,4.4,mb,"85 km NE of Lobuche, Nepal",Shallow (<70 km),2025
2025-01-20 18:39:46.595000+00:00,34.0562,78.5487,10.0,4.3,mb,"89 km E of Leh, India",Shallow (<70 km),2025
2025-01-20 21:03:11.864000+00:00,28.3855,87.5651,10.0,5.0,mb,Southern Tibetan Plateau,Shallow (<70 km),2025
2025-01-21 00:14:17.923000+00:00,28.3525,87.488,10.0,4.8,mb,Southern Tibetan Plateau,Shallow (<70 km),2025
2025-01-21 07:04:00.391000+00:00,25.2695,91.2966,10.0,4.4,mb,"27 km S of Nongstoin, India",Shallow (<70 km),2025
2025-01-21 22:37:14.086000+00:00,35.4979,89.5216,10.0,4.6,mb,western Xizang,Shallow (<70 km),2025
2025-01-22 11:30:24.705000+00:00,28.6745,87.6268,10.0,4.2,mb,Southern Tibetan Plateau,Shallow (<70 km),2025
2025-01-22 17:12:37.363000+00:00,33.4365,75.8244,10.0,4.2,mb,"14 km NNE of Kishtwār, India",Shallow (<70 km),2025
2025-01-22 20:37:07.038000+00:00,36.5751,71.2734,106.356,4.4,mb,"26 km WSW of Ashkāsham, Afghanistan",Intermediate (70–300 km),2025
2025-01-23 03:45:46.693000+00:00,36.8974,78.8055,47.385,4.5,mb,"42 km S of Zangguy, China",Shallow (<70 km),2025
2025-01-24 05:59:17.789000+00:00,28.8632,87.5218,10.0,4.6,mb,Southern Tibetan Plateau,Shallow (<70 km),2025
2025-01-26 01:56:07.140000+00:00,36.2157,70.4839,104.302,4.3,mb,"68 km SE of Farkhār, Afghanistan",Intermediate (70–300 km),2025
2025-01-27 09:33:37.563000+00:00,28.6098,87.4588,10.0,4.8,mb,"97 km NE of Lobuche, Nepal",Shallow (<70 km),2025
2025-01-28 05:05:43.908000+00:00,35.8523,89.3824,10.0,4.1,mb,western Xizang,Shallow (<70 km),2025
2025-01-28 12:03:30.946000+00:00,33.9964,89.0819,10.0,4.0,mb,western Xizang,Shallow (<70 km),2025
2025-01-29 20:45:27.655000+00:00,36.1067,70.1154,130.65,4.0,mb,"56 km SSE of Farkhār, Afghanistan",Intermediate (70–300 km),2025
2025-01-30 04:27:58.301000+00:00,34.0358,89.1361,10.0,4.6,mb,Xizang-Qinghai border region,Shallow (<70 km),2025
2025-01-31 09:40:38.181000+00:00,30.0361,94.1474,10.0,4.4,mb,"168 km N of Shi Yomi, India",Shallow (<70 km),2025
2025-02-02 07:17:19.602000+00:00,28.6434,87.2383,10.0,4.2,mb,"87 km NNE of Lobuche, Nepal",Shallow (<70 km),2025
2025-02-03 20:12:23.219000+00:00,36.5693,70.8775,154.415,4.2,mb,"33 km S of Jurm, Afghanistan",Intermediate (70–300 km),2025
2025-02-09 07:37:01.819000+00:00,29.1595,86.349,10.0,4.3,mb,"110 km E of Saga, China",Shallow (<70 km),2025
2025-02-09 11:26:59.678000+00:00,28.0714,87.4589,10.0,4.0,mb,"65 km ENE of Lobuche, Nepal",Shallow (<70 km),2025
2025-02-09 15:23:34.383000+00:00,28.0553,87.2743,10.0,4.3,mb,"47 km ENE of Lobuche, Nepal",Shallow (<70 km),2025
2025-02-09 16:38:56.202000+00:00,36.5022,70.9924,207.188,4.1,mb,"42 km SSE of Jurm, Afghanistan",Intermediate (70–300 km),2025
2025-02-10 15:45:17.514000+00:00,34.0791,77.9906,10.0,4.4,mb,"38 km ESE of Leh, India",Shallow (<70 km),2025
2025-02-10 16:16:33.944000+00:00,36.9152,71.1213,134.161,4.0,mb,"26 km ENE of Jurm, Afghanistan",Intermediate (70–300 km),2025
2025-02-11 17:10:27.007000+00:00,34.1527,89.2703,10.0,4.4,mb,Xizang-Qinghai border region,Shallow (<70 km),2025
2025-02-14 02:02:43.165000+00:00,36.7507,71.2887,183.469,4.0,mb,"23 km WNW of Ashkāsham, Afghanistan",Intermediate (70–300 km),2025
2025-02-15 17:48:18.144000+00:00,33.4067,73.0563,35.848,4.7,mb,"21 km S of Rawalpindi, Pakistan",Shallow (<70 km),2025
2025-02-16 03:28:58.304000+00:00,28.9741,87.4658,10.0,4.8,mb,"130 km NNE of Lobuche, Nepal",Shallow (<70 km),2025
2025-02-17 00:06:52.349000+00:00,28.5887,77.1025,10.0,4.2,mb,"10 km SSE of Nāngloi Jāt, India",Shallow (<70 km),2025
2025-02-18 06:03:21.962000+00:00,36.73,71.4632,174.58,4.4,mb,"8 km NW of Ashkāsham, Afghanistan",Intermediate (70–300 km),2025
2025-02-20 06:02:58.563000+00:00,25.7977,90.6738,10.0,4.3,mb,"42 km S of Goālpāra, India",Shallow (<70 km),2025
2025-02-20 22:21:46.222000+00:00,34.6115,72.509,10.0,4.4,mb,"22 km SE of Mingora, Pakistan",Shallow (<70 km),2025
2025-02-21 10:11:47.229000+00:00,28.4908,87.4621,10.0,4.9,mb,"87 km NE of Lobuche, Nepal",Shallow (<70 km),2025
2025-02-21 14:21:55.883000+00:00,30.3644,98.4266,10.0,4.1,mb,"146 km SE of Qamdo, China",Shallow (<70 km),2025
2025-02-21 22:50:03.740000+00:00,36.3507,71.2919,124.684,4.5,mb,"42 km SSW of Ashkāsham, Afghanistan",Intermediate (70–300 km),2025
2025-02-21 23:03:36.183000+00:00,36.5775,70.8746,191.558,4.1,mb,"32 km S of Jurm, Afghanistan",Intermediate (70–300 km),2025
2025-02-23 11:41:55.640000+00:00,36.5071,70.5493,199.169,4.2,mb,"47 km SSW of Jurm, Afghanistan",Intermediate (70–300 km),2025
2025-02-26 20:55:36.821000+00:00,26.3002,92.3408,10.0,5.3,mb,"5 km N of Morigaon, India",Shallow (<70 km),2025
2025-02-27 10:07:11.287000+00:00,36.5949,70.84,190.599,4.1,mb,"29 km S of Jurm, Afghanistan",Intermediate (70–300 km),2025
2025-02-27 11:50:17.657000+00:00,36.9515,71.1292,131.069,4.0,mb,"27 km ENE of Jurm, Afghanistan",Intermediate (70–300 km),2025
2025-02-27 21:06:10.378000+00:00,27.8626,85.9232,10.0,5.0,mww,"11 km SSW of Kodāri̇̄, Nepal",Shallow (<70 km),2025
2025-02-28 10:05:45.867000+00:00,27.4538,92.6469,49.904,4.4,mb,"30 km NE of Bomdila, India",Shallow (<70 km),2025
2025-03-04 08:30:46.484000+00:00,36.3138,70.6256,135.359,4.1,mb,"63 km SSW of Jurm, Afghanistan",Intermediate (70–300 km),2025
2025-03-04 09:14:26.580000+00:00,28.4219,87.5215,10.0,4.3,mb,"87 km NE of Lobuche, Nepal",Shallow (<70 km),2025
2025-03-07 20:10:36.152000+00:00,30.0977,70.7821,10.0,4.2,mb,"14 km ENE of Dera Ghazi Khan, Pakistan",Shallow (<70 km),2025
2025-03-08 08:50:17.952000+00:00,28.5719,87.5508,10.0,5.0,mww,"100 km NE of Lobuche, Nepal",Shallow (<70 km),2025
2025-03-08 09:19:54.316000+00:00,28.4149,87.7113,10.0,4.1,mb,"102 km ENE of Lobuche, Nepal",Shallow (<70 km),2025
2025-03-08 21:00:14.264000+00:00,28.7362,87.4767,10.0,4.0,mb,"109 km NE of Lobuche, Nepal",Shallow (<70 km),2025
2025-03-09 21:16:18.131000+00:00,36.5083,71.268,104.347,4.2,mb,"30 km SW of Ashkāsham, Afghanistan",Intermediate (70–300 km),2025
2025-03-10 22:26:08.337000+00:00,28.11,83.884,17.31,4.4,mb,"18 km NE of Wāliṅ, Nepal",Shallow (<70 km),2025
2025-03-11 07:09:05.483000+00:00,29.2287,87.1438,10.0,4.1,mb,"145 km NNE of Lobuche, Nepal",Shallow (<70 km),2025
2025-03-13 08:37:19.310000+00:00,29.0111,87.6255,10.0,4.3,mb,"125 km WSW of Rikaze, China",Shallow (<70 km),2025
2025-03-13 21:20:05.314000+00:00,33.0503,76.6596,10.0,5.1,mww,"50 km SSW of Padam, India",Shallow (<70 km),2025
2025-03-14 00:31:26.002000+00:00,27.145,92.2691,10.0,4.2,mb,"20 km SW of Bomdila, India",Shallow (<70 km),2025
2025-03-14 12:50:04.265000+00:00,34.6192,83.9384,10.0,4.2,mb,"271 km SE of Aqqan, China",Shallow (<70 km),2025
2025-03-16 21:25:50.790000+00:00,33.1005,98.7334,10.0,4.3,mb,"244 km WSW of Muxihe, China",Shallow (<70 km),2025
2025-03-18 14:58:06.907000+00:00,36.8908,71.2117,101.673,4.2,mb,"33 km E of Jurm, Afghanistan",Intermediate (70–300 km),2025
2025-03-20 19:30:56.059000+00:00,36.7387,71.3527,180.706,4.8,mb,"17 km WNW of Ashkāsham, Afghanistan",Intermediate (70–300 km),2025
2025-03-21 04:16:42.263000+00:00,36.4905,71.0888,92.763,4.2,mb,"45 km WSW of Ashkāsham, Afghanistan",Intermediate (70–300 km),2025
2025-03-24 04:38:32.700000+00:00,29.1888,93.7471,10.0,4.2,mb,"95 km NW of Shi Yomi, India",Shallow (<70 km),2025
2025-03-24 04:43:00.743000+00:00,29.2119,93.8789,10.0,4.1,mb,"89 km NNW of Shi Yomi, India",Shallow (<70 km),2025
2025-03-25 21:59:21.984000+00:00,36.599,70.9248,192.307,4.0,mb,"30 km SSE of Jurm, Afghanistan",Intermediate (70–300 km),2025
2025-03-26 12:42:12.900000+00:00,28.7659,86.5548,10.0,4.4,mb,"94 km NNW of Lobuche, Nepal",Shallow (<70 km),2025
2025-03-26 13:59:55.379000+00:00,29.4072,81.519,10.0,4.3,mb,"58 km ENE of Dipayal, Nepal",Shallow (<70 km),2025
2025-03-27 03:08:20.415000+00:00,36.6296,70.9388,196.866,4.3,mb,"27 km SSE of Jurm, Afghanistan",Intermediate (70–300 km),2025
2025-03-27 08:28:23.452000+00:00,36.4887,71.1468,212.629,4.9,mb,"40 km WSW of Ashkāsham, Afghanistan",Intermediate (70–300 km),2025
2025-03-28 23:21:37.096000+00:00,36.6343,70.9835,230.241,4.2,mb,"28 km SSE of Jurm, Afghanistan",Intermediate (70–300 km),2025
2025-03-28 23:46:01.167000+00:00,36.6339,71.2256,202.109,4.3,mb,"28 km WSW of Ashkāsham, Afghanistan",Intermediate (70–300 km),2025
2025-03-29 06:25:04.470000+00:00,27.2366,96.9662,10.0,4.4,mb,"101 km SSE of Hayuliang, India",Shallow (<70 km),2025
2025-03-29 08:15:38.490000+00:00,33.4622,81.7513,10.0,4.1,mb,western Xizang,Shallow (<70 km),2025
2025-03-30 21:44:07.968000+00:00,30.1414,90.0346,61.716,4.3,mb,"68 km WNW of Dêqên, China",Shallow (<70 km),2025
2025-04-01 12:08:32.333000+00:00,35.1682,77.1309,10.0,4.4,mb,"40 km NE of Thang, India",Shallow (<70 km),2025
2025-04-01 21:29:05.242000+00:00,32.5083,70.0221,71.971,4.2,mb,"34 km WSW of Gulishah Kach, Pakistan",Intermediate (70–300 km),2025
2025-04-01 23:23:04.397000+00:00,36.5283,70.6762,89.626,4.6,mb,"39 km SSW of Jurm, Afghanistan",Intermediate (70–300 km),2025
2025-04-02 00:19:26.396000+00:00,28.4986,87.1294,38.514,4.3,mb,"68 km NNE of Lobuche, Nepal",Shallow (<70 km),2025
2025-04-03 03:28:02.800000+00:00,32.7788,99.874,10.0,4.4,mb,"167 km SW of Muxihe, China",Shallow (<70 km),2025
2025-04-04 14:22:50.277000+00:00,28.9769,82.0489,10.0,4.9,mb,"35 km SSW of Jumla, Nepal",Shallow (<70 km),2025
2025-04-04 14:25:23.708000+00:00,28.9124,81.8313,10.0,4.8,mb,"14 km ENE of Dailekh, Nepal",Shallow (<70 km),2025
2025-04-06 02:51:39.152000+00:00,28.8831,87.4368,35.0,4.4,mb,"120 km NNE of Lobuche, Nepal",Shallow (<70 km),2025
2025-04-07 06:26:05.130000+00:00,32.6818,82.6098,10.0,4.2,mb,"297 km NNE of Burang, China",Shallow (<70 km),2025
2025-04-10 05:12:27.380000+00:00,28.9806,86.6178,10.0,4.2,mb,"115 km N of Lobuche, Nepal",Shallow (<70 km),2025
2025-04-10 13:35:18.852000+00:00,35.9736,78.0063,85.564,4.4,mb,"159 km NE of Thang, India",Intermediate (70–300 km),2025
2025-04-11 09:57:27.484000+00:00,28.5323,87.3531,10.0,4.3,mb,"83 km NE of Lobuche, Nepal",Shallow (<70 km),2025
2025-04-12 07:30:58.164000+00:00,33.8349,72.5638,52.976,4.9,mb,"10 km SE of Hazro City, Pakistan",Shallow (<70 km),2025
2025-04-13 13:45:57.535000+00:00,31.1902,93.6919,10.0,4.5,mb,"158 km ESE of Nagqu, China",Shallow (<70 km),2025
2025-04-15 22:20:34.826000+00:00,28.0012,87.7827,68.888,4.2,mb,"89 km NE of Khā̃dbāri̇̄, Nepal",Shallow (<70 km),2025
2025-04-15 23:13:59.048000+00:00,35.9493,70.5792,99.0,5.6,mww,"66 km NNW of Pārūn, Afghanistan",Intermediate (70–300 km),2025
2025-04-15 23:28:31.072000+00:00,35.9674,70.3413,119.622,4.5,mb,"80 km SSE of Farkhār, Afghanistan",Intermediate (70–300 km),2025
2025-04-16 13:29:19.749000+00:00,36.1658,70.0664,143.822,4.2,mb,"48 km SSE of Farkhār, Afghanistan",Intermediate (70–300 km),2025
2025-04-16 19:21:01.028000+00:00,34.2227,86.3803,10.0,4.1,mb,western Xizang,Shallow (<70 km),2025
2025-04-19 06:47:55.932000+00:00,36.2223,71.2246,98.0,5.7,mww,"58 km SSW of Ashkāsham, Afghanistan",Intermediate (70–300 km),2025
2025-04-21 00:03:23.936000+00:00,29.1753,86.972,10.0,4.2,mb,"136 km N of Lobuche, Nepal",Shallow (<70 km),2025
2025-04-21 01:07:50.979000+00:00,32.5723,93.3067,10.0,4.7,mb,"169 km NE of Nagqu, China",Shallow (<70 km),2025
2025-04-25 11:34:08.561000+00:00,36.4067,70.7492,141.093,4.1,mb,"51 km S of Jurm, Afghanistan",Intermediate (70–300 km),2025
2025-04-26 04:21:49.088000+00:00,31.09,98.982,10.0,5.1,mww,"171 km E of Qamdo, China",Shallow (<70 km),2025
2025-04-26 10:36:14.450000+00:00,35.9381,70.5483,106.701,4.5,mb,"66 km NNW of Pārūn, Afghanistan",Intermediate (70–300 km),2025
2025-04-27 07:18:00.852000+00:00,36.547,70.6339,186.36,4.2,mb,"39 km SSW of Jurm, Afghanistan",Intermediate (70–300 km),2025
2025-04-28 11:00:13.739000+00:00,29.2422,86.7678,10.0,4.4,mb,"143 km N of Lobuche, Nepal",Shallow (<70 km),2025
2025-04-29 08:17:23.297000+00:00,33.4369,81.8287,10.0,5.0,mww,western Xizang,Shallow (<70 km),2025
2025-04-29 08:20:32.462000+00:00,33.5669,81.9001,10.0,4.7,mb,western Xizang,Shallow (<70 km),2025
2025-05-02 18:26:02.824000+00:00,34.2004,78.4979,10.0,4.3,mb,"84 km E of Leh, India",Shallow (<70 km),2025
2025-05-03 07:50:35.005000+00:00,36.6634,70.9348,216.648,4.0,mb,"24 km SSE of Jurm, Afghanistan",Intermediate (70–300 km),2025
2025-05-03 07:54:07.831000+00:00,33.5477,81.8774,10.0,4.4,mb,western Xizang,Shallow (<70 km),2025
2025-05-05 10:30:05.144000+00:00,36.7143,73.0173,53.111,4.1,mb,"67 km ESE of Khandūd, Afghanistan",Shallow (<70 km),2025
2025-05-09 01:41:59.677000+00:00,34.5841,93.1476,10.0,4.1,mb,"Southern Qinghai, China",Shallow (<70 km),2025
2025-05-10 05:08:00.663000+00:00,36.6215,71.1398,229.489,4.7,mb,"35 km W of Ashkāsham, Afghanistan",Intermediate (70–300 km),2025
2025-05-11 02:36:10.218000+00:00,36.7909,71.1696,214.024,4.0,mb,"31 km ESE of Jurm, Afghanistan",Intermediate (70–300 km),2025
2025-05-11 12:33:20.829000+00:00,36.388,70.3088,209.879,4.1,mb,"45 km ESE of Farkhār, Afghanistan",Intermediate (70–300 km),2025
2025-05-11 21:11:22.060000+00:00,29.0536,87.6068,9.0,5.5,mww,"126 km W of Rikaze, China",Shallow (<70 km),2025
2025-05-13 00:01:57.815000+00:00,30.9563,99.0742,10.0,4.4,mb,"181 km E of Qamdo, China",Shallow (<70 km),2025
2025-05-13 12:14:16.967000+00:00,36.5032,70.7409,210.52,4.0,mb,"40 km SSW of Jurm, Afghanistan",Intermediate (70–300 km),2025
2025-05-16 01:00:08.958000+00:00,25.1128,98.1772,10.0,4.6,mb,"23 km WNW of Zhonghe, China",Shallow (<70 km),2025
2025-05-18 06:13:17.292000+00:00,36.5792,70.8055,217.6,4.4,mb,"31 km S of Jurm, Afghanistan",Intermediate (70–300 km),2025
2025-05-18 17:30:49.832000+00:00,33.7183,90.741,10.0,4.5,mb,"277 km NNW of Nagqu, China",Shallow (<70 km),2025
2025-05-19 12:00:09.261000+00:00,28.4953,87.3902,10.0,4.3,mb,"83 km NE of Lobuche, Nepal",Shallow (<70 km),2025
2025-05-22 20:03:50.879000+00:00,29.472,80.4663,10.0,4.6,mb,"22 km NNW of Dadeldhurā, Nepal",Shallow (<70 km),2025
2025-05-23 03:57:24.467000+00:00,29.1857,86.802,10.0,4.4,mb,"137 km N of Lobuche, Nepal",Shallow (<70 km),2025
2025-05-25 03:44:26.398000+00:00,36.1018,70.264,130.177,4.0,mb,"63 km SE of Farkhār, Afghanistan",Intermediate (70–300 km),2025
2025-05-27 14:09:31.383000+00:00,36.5373,70.3385,195.636,4.0,mb,"43 km E of Farkhār, Afghanistan",Intermediate (70–300 km),2025
2025-05-28 07:05:18.761000+00:00,28.5449,83.9408,10.0,4.3,mb,"27 km ENE of Chitre, Nepal",Shallow (<70 km),2025
2025-05-28 13:15:51.308000+00:00,36.6327,70.4173,218.761,4.2,mb,"45 km SW of Jurm, Afghanistan",Intermediate (70–300 km),2025
2025-05-29 10:36:55.830000+00:00,30.561,70.2875,10.0,4.0,mb,"38 km WSW of Taunsa, Pakistan",Shallow (<70 km),2025
2025-05-29 22:57:15.380000+00:00,36.5754,70.7776,126.714,4.1,mb,"32 km S of Jurm, Afghanistan",Intermediate (70–300 km),2025
2025-05-30 08:07:43.391000+00:00,36.8326,71.0773,220.962,4.0,mb,"21 km E of Jurm, Afghanistan",Intermediate (70–300 km),2025
2025-05-31 02:45:36.158000+00:00,35.8128,71.1299,88.568,4.3,mb,"47 km NNE of Pārūn, Afghanistan",Intermediate (70–300 km),2025
2025-06-02 03:49:36.512000+00:00,31.9999,97.2145,10.0,4.4,mb,"96 km N of Qamdo, China",Shallow (<70 km),2025
2025-06-03 23:13:06.818000+00:00,33.5257,81.8743,10.0,4.7,mb,western Xizang,Shallow (<70 km),2025
2025-06-04 19:29:30.423000+00:00,36.4425,71.1909,235.815,4.2,mb,"40 km SW of Ashkāsham, Afghanistan",Intermediate (70–300 km),2025
2025-06-05 04:45:14.189000+00:00,26.5336,96.7158,109.239,4.3,mb,"37 km NNW of Sarupathar, India",Intermediate (70–300 km),2025
2025-06-05 20:50:10.389000+00:00,34.3899,89.4861,10.0,4.2,mb,Xizang-Qinghai border region,Shallow (<70 km),2025
2025-06-06 18:47:57.311000+00:00,34.0035,89.9339,10.0,4.4,mb,Xizang-Qinghai border region,Shallow (<70 km),2025
2025-06-09 23:31:14.893000+00:00,26.4733,96.8381,10.0,4.2,mb,"29 km N of Sarupathar, India",Shallow (<70 km),2025
2025-06-10 02:05:40.528000+00:00,29.0675,86.7312,10.0,4.2,mb,"124 km N of Lobuche, Nepal",Shallow (<70 km),2025
2025-06-11 04:45:22.266000+00:00,36.4224,70.6723,205.522,4.4,mb,"51 km SSW of Jurm, Afghanistan",Intermediate (70–300 km),2025
2025-06-16 10:34:13.309000+00:00,36.5447,70.3631,198.877,4.4,mb,"45 km E of Farkhār, Afghanistan",Intermediate (70–300 km),2025
2025-06-17 09:53:07.068000+00:00,36.8449,70.7042,189.553,4.1,mb,"11 km W of Jurm, Afghanistan",Intermediate (70–300 km),2025
2025-06-17 16:49:05.834000+00:00,36.1147,70.419,107.879,4.2,mb,"71 km SE of Farkhār, Afghanistan",Intermediate (70–300 km),2025
2025-06-20 06:45:08.700000+00:00,29.917,99.7797,10.0,4.2,mb,"109 km NNW of Daocheng, China",Shallow (<70 km),2025
2025-06-22 13:52:17.526000+00:00,34.1585,80.2244,10.0,4.4,mb,"239 km S of Kashitashi, China",Shallow (<70 km),2025
2025-06-25 05:00:02.508000+00:00,36.5599,71.2843,222.085,4.0,mb,"26 km WSW of Ashkāsham, Afghanistan",Intermediate (70–300 km),2025
2025-06-25 05:15:27.644000+00:00,36.2857,70.6103,104.431,4.1,mb,"67 km SSW of Jurm, Afghanistan",Intermediate (70–300 km),2025
2025-06-27 04:25:53.731000+00:00,34.4403,98.9489,10.0,5.1,mb,"200 km W of Oula Xiuma, China",Shallow (<70 km),2025
2025-06-28 14:31:14.396000+00:00,36.5903,70.9303,199.268,4.1,mb,"31 km SSE of Jurm, Afghanistan",Intermediate (70–300 km),2025
2025-06-29 08:49:03.132000+00:00,29.6691,81.7981,10.0,4.2,mb,"57 km NW of Jumla, Nepal",Shallow (<70 km),2025
2025-06-30 02:32:40.026000+00:00,36.8827,71.2557,107.854,4.7,mb,"33 km NW of Ashkāsham, Afghanistan",Intermediate (70–300 km),2025
2025-06-30 11:10:55.879000+00:00,30.7267,70.2794,10.0,4.1,mb,"35 km W of Taunsa, Pakistan",Shallow (<70 km),2025
2025-07-01 21:29:15.203000+00:00,28.3833,97.3521,10.0,4.5,mb,"86 km ENE of Hayuliang, India",Shallow (<70 km),2025
2025-07-03 08:58:57.449000+00:00,36.6789,71.3884,155.622,4.3,mb,"12 km W of Ashkāsham, Afghanistan",Intermediate (70–300 km),2025
2025-07-04 23:38:09.615000+00:00,36.8387,71.069,213.324,4.0,mb,"21 km E of Jurm, Afghanistan",Intermediate (70–300 km),2025
2025-07-08 03:52:14.019000+00:00,26.5812,93.2884,10.0,4.2,mb,"31 km WSW of Bokākhāt, India",Shallow (<70 km),2025
2025-07-09 05:25:54.756000+00:00,33.418,81.685,10.0,4.5,mb,western Xizang,Shallow (<70 km),2025
2025-07-10 03:34:48.870000+00:00,28.6735,76.6889,10.0,4.5,mb,"8 km NNE of Jhajjar, India",Shallow (<70 km),2025
2025-07-10 09:01:52.191000+00:00,36.3665,71.0806,115.516,4.1,mb,"53 km SW of Ashkāsham, Afghanistan",Intermediate (70–300 km),2025
2025-07-11 00:26:07.414000+00:00,25.5376,95.3851,121.537,4.3,mb,"90 km E of Phek, India",Intermediate (70–300 km),2025
2025-07-11 14:19:44.229000+00:00,28.9429,76.8282,10.0,4.1,mb,"10 km NW of Kharkhauda, India",Shallow (<70 km),2025
2025-07-13 21:18:39.019000+00:00,36.4716,70.6872,196.009,4.0,mb,"45 km SSW of Jurm, Afghanistan",Intermediate (70–300 km),2025
2025-07-15 14:47:45+00:00,29.8146,98.7907,10.0,4.1,mb,"169 km WNW of Daocheng, China",Shallow (<70 km),2025
2025-07-18 19:56:20.940000+00:00,36.4991,70.7453,232.514,4.2,mb,"41 km S of Jurm, Afghanistan",Intermediate (70–300 km),2025
2025-07-19 11:53:20.504000+00:00,33.0832,90.0677,10.0,4.5,mb,"258 km NW of Nagqu, China",Shallow (<70 km),2025
2025-07-20 21:15:24.204000+00:00,30.7824,96.6483,10.0,4.2,mb,"63 km SW of Qamdo, China",Shallow (<70 km),2025
2025-07-21 11:41:13.913000+00:00,36.7398,71.1247,241.348,4.0,mb,"29 km ESE of Jurm, Afghanistan",Intermediate (70–300 km),2025
2025-07-25 13:51:02.496000+00:00,36.4749,70.3066,196.984,4.3,mb,"41 km ESE of Farkhār, Afghanistan",Intermediate (70–300 km),2025
2025-07-26 04:00:07.669000+00:00,32.9053,76.1506,10.0,4.2,mb,"38 km N of Chamba, India",Shallow (<70 km),2025
2025-07-27 09:13:10.017000+00:00,33.8262,79.4981,10.0,4.3,mb,"180 km ESE of Leh, India",Shallow (<70 km),2025
2025-07-28 08:54:12.519000+00:00,36.5334,70.122,219.942,4.2,mb,"24 km E of Farkhār, Afghanistan",Intermediate (70–300 km),2025
2025-07-29 11:24:41.649000+00:00,36.5653,70.7257,154.345,4.4,mb,"34 km SSW of Jurm, Afghanistan",Intermediate (70–300 km),2025
2025-07-31 21:10:33.099000+00:00,36.9748,71.381,115.271,4.2,mb,"34 km NW of Ishqoshim, Tajikistan",Intermediate (70–300 km),2025
2025-08-01 01:27:50.236000+00:00,34.0464,86.4707,10.0,4.6,mb,western Xizang,Shallow (<70 km),2025
2025-08-01 21:03:34.937000+00:00,36.0467,70.0486,120.208,5.0,mww,"60 km SSE of Farkhār, Afghanistan",Intermediate (70–300 km),2025
2025-08-02 19:10:28.554000+00:00,33.2677,73.2789,10.0,4.9,mb,"2 km WNW of Gujar Khan, Pakistan",Shallow (<70 km),2025
2025-08-03 03:47:01.476000+00:00,29.7915,92.3503,10.0,4.5,mb,"121 km E of Lhasa, China",Shallow (<70 km),2025
2025-08-06 06:49:22.268000+00:00,36.6186,71.4303,112.7,4.3,mb,"11 km SW of Ashkāsham, Afghanistan",Intermediate (70–300 km),2025
2025-08-06 08:54:15.474000+00:00,36.5008,70.2911,211.153,4.1,mb,"39 km ESE of Farkhār, Afghanistan",Intermediate (70–300 km),2025
2025-08-06 23:28:29.170000+00:00,36.5526,70.919,191.664,4.3,mb,"35 km SSE of Jurm, Afghanistan",Intermediate (70–300 km),2025
2025-08-08 19:31:21.872000+00:00,32.1694,87.9985,10.0,4.4,mb,western Xizang,Shallow (<70 km),2025
2025-08-18 01:53:16.309000+00:00,33.9463,87.78,10.0,4.2,mb,western Xizang,Shallow (<70 km),2025
2025-08-18 06:39:32.542000+00:00,26.3136,92.7974,35.0,4.3,mb,"29 km ENE of Rahā, India",Shallow (<70 km),2025
2025-08-18 15:58:32.250000+00:00,32.3157,76.638,10.0,4.1,mb,"23 km NNE of Pālampur, India",Shallow (<70 km),2025
2025-08-19 05:19:51.712000+00:00,36.4758,70.8427,203.997,5.1,mww,"43 km S of Jurm, Afghanistan",Intermediate (70–300 km),2025
2025-08-19 07:32:46.610000+00:00,28.0848,87.571,10.0,4.1,mb,"76 km ENE of Lobuche, Nepal",Shallow (<70 km),2025
2025-08-20 01:53:30.694000+00:00,36.45,71.1195,145.531,4.1,mb,"45 km SW of Ashkāsham, Afghanistan",Intermediate (70–300 km),2025
2025-08-20 02:48:20.778000+00:00,32.9099,76.2043,35.0,4.1,mb,"39 km N of Chamba, India",Shallow (<70 km),2025
2025-08-22 17:30:09.842000+00:00,27.0552,86.7342,10.0,4.1,mb,"29 km N of Triyuga, Nepal",Shallow (<70 km),2025
2025-08-25 00:09:42.842000+00:00,36.3098,71.4477,117.474,4.4,mb,"42 km S of Ashkāsham, Afghanistan",Intermediate (70–300 km),2025
2025-08-26 00:03:58.080000+00:00,33.9261,87.7533,10.0,5.1,mb,western Xizang,Shallow (<70 km),2025
2025-08-26 02:03:56.690000+00:00,29.9566,84.4391,10.0,4.6,mb,"103 km NW of Saga, China",Shallow (<70 km),2025
2025-08-26 11:40:22.883000+00:00,36.103,77.9344,102.619,4.2,mb,"150 km SSW of Zangguy, China",Intermediate (70–300 km),2025
2025-08-26 20:16:10.377000+00:00,33.0193,88.3561,10.0,5.0,mb,western Xizang,Shallow (<70 km),2025
2025-08-27 00:32:33.939000+00:00,32.8999,88.3856,10.0,4.2,mb,western Xizang,Shallow (<70 km),2025
2025-08-27 13:27:11.624000+00:00,36.467,71.3831,138.771,5.1,mww,"27 km SSW of Ashkāsham, Afghanistan",Intermediate (70–300 km),2025
2025-08-28 14:00:32.485000+00:00,30.0555,84.3549,10.0,4.4,mb,"116 km NW of Saga, China",Shallow (<70 km),2025
2025-08-28 23:33:18.169000+00:00,36.5384,70.516,217.624,4.0,mb,"46 km SW of Jurm, Afghanistan",Intermediate (70–300 km),2025
2025-08-31 19:17:34.124000+00:00,34.7106,70.8087,8.0,6.0,mww,"35 km WSW of Asadābād, Afghanistan",Shallow (<70 km),2025
2025-08-31 19:29:53.165000+00:00,34.6027,70.7233,10.0,4.2,mb,"31 km NE of Jalālābād, Afghanistan",Shallow (<70 km),2025
2025-08-31 19:31:31.387000+00:00,34.7116,70.7627,10.0,4.3,mb,"39 km WSW of Asadābād, Afghanistan",Shallow (<70 km),2025
2025-08-31 19:38:06.602000+00:00,34.5804,70.7936,10.0,4.5,mb,"35 km ENE of Jalālābād, Afghanistan",Shallow (<70 km),2025
2025-08-31 20:29:38.942000+00:00,34.5873,70.7146,10.0,4.4,mb,"30 km NE of Jalālābād, Afghanistan",Shallow (<70 km),2025
2025-08-31 21:33:20.052000+00:00,34.7363,70.7649,10.0,5.2,mb,"38 km WSW of Asadābād, Afghanistan",Shallow (<70 km),2025
2025-08-31 21:40:02.627000+00:00,34.6544,70.7618,10.0,4.4,mb,"38 km NE of Jalālābād, Afghanistan",Shallow (<70 km),2025
2025-08-31 21:41:06.604000+00:00,34.756,70.6969,10.0,4.5,mb,"42 km NNE of Jalālābād, Afghanistan",Shallow (<70 km),2025
2025-08-31 21:44:22.207000+00:00,34.6813,70.7808,10.0,4.3,mb,"39 km WSW of Asadābād, Afghanistan",Shallow (<70 km),2025
2025-08-31 23:46:27.869000+00:00,34.7164,70.7355,8.457,5.2,mb,"41 km NE of Jalālābād, Afghanistan",Shallow (<70 km),2025
2025-08-31 23:55:04.017000+00:00,34.6164,70.6351,10.0,4.4,mb,"26 km NE of Jalālābād, Afghanistan",Shallow (<70 km),2025
2025-09-01 02:43:45.617000+00:00,34.705,70.7777,10.0,4.7,mb,"38 km WSW of Asadābād, Afghanistan",Shallow (<70 km),2025
2025-09-01 02:59:53.895000+00:00,34.7105,70.6829,10.0,4.3,mb,"37 km NE of Jalālābād, Afghanistan",Shallow (<70 km),2025
2025-09-01 05:01:47.478000+00:00,34.6356,70.6623,10.0,4.6,mb,"30 km NE of Jalālābād, Afghanistan",Shallow (<70 km),2025
2025-09-02 12:29:38.946000+00:00,34.6057,70.763,10.0,5.2,mb,"34 km NE of Jalālābād, Afghanistan",Shallow (<70 km),2025
2025-09-02 15:08:05.297000+00:00,34.4314,70.9445,10.0,4.1,mb,"21 km NNE of Bāsawul, Afghanistan",Shallow (<70 km),2025
2025-09-02 21:13:44.362000+00:00,34.6092,70.8142,10.0,4.1,mb,"38 km ENE of Jalālābād, Afghanistan",Shallow (<70 km),2025
2025-09-03 00:54:16.398000+00:00,28.1487,99.8704,10.0,4.2,mb,"39 km NNE of Shangri-La, China",Shallow (<70 km),2025
2025-09-04 05:10:52.494000+00:00,34.624,70.7561,10.0,4.7,mb,"35 km NE of Jalālābād, Afghanistan",Shallow (<70 km),2025
2025-09-04 16:56:26.361000+00:00,34.6972,70.758,16.505,5.6,mww,"40 km WSW of Asadābād, Afghanistan",Shallow (<70 km),2025
2025-09-04 18:28:22.770000+00:00,34.5739,70.653,10.0,4.4,mb,"24 km NE of Jalālābād, Afghanistan",Shallow (<70 km),2025
2025-09-04 21:20:07.319000+00:00,33.5309,81.8601,10.0,4.2,mb,western Xizang,Shallow (<70 km),2025
2025-09-04 21:46:40.248000+00:00,34.7018,70.6667,10.0,4.9,mb,"36 km NNE of Jalālābād, Afghanistan",Shallow (<70 km),2025
2025-09-05 00:36:56.469000+00:00,34.5599,70.526,10.0,4.1,mb,"16 km NNE of Jalālābād, Afghanistan",Shallow (<70 km),2025
2025-09-05 01:30:02.494000+00:00,34.8172,70.8104,8.988,5.3,mb,"31 km WSW of Asadābād, Afghanistan",Shallow (<70 km),2025
2025-09-05 01:32:01.544000+00:00,34.5564,70.7886,10.0,4.7,mb,"34 km ENE of Jalālābād, Afghanistan",Shallow (<70 km),2025
2025-09-05 02:16:47.737000+00:00,34.7254,70.6555,10.0,4.8,mb,"38 km NNE of Jalālābād, Afghanistan",Shallow (<70 km),2025
2025-09-05 05:37:44.496000+00:00,34.6969,70.789,10.0,4.5,mb,"38 km WSW of Asadābād, Afghanistan",Shallow (<70 km),2025
2025-09-05 07:52:08.840000+00:00,34.7136,70.8489,10.0,4.3,mb,"32 km WSW of Asadābād, Afghanistan",Shallow (<70 km),2025
2025-09-05 17:25:50.466000+00:00,34.5525,70.6837,10.0,5.2,mb,"25 km ENE of Jalālābād, Afghanistan",Shallow (<70 km),2025
2025-09-07 00:01:20.684000+00:00,34.6792,70.6092,10.0,4.5,mb,"31 km NNE of Jalālābād, Afghanistan",Shallow (<70 km),2025
2025-09-07 08:19:35.474000+00:00,36.5122,70.5863,205.298,4.3,mb,"44 km SSW of Jurm, Afghanistan",Intermediate (70–300 km),2025
2025-09-07 12:32:20.684000+00:00,34.6576,70.6806,10.0,4.1,mb,"33 km NE of Jalālābād, Afghanistan",Shallow (<70 km),2025
2025-09-08 05:45:54.033000+00:00,26.9293,91.7415,41.144,4.3,mb,"27 km ENE of Samdrup Jongkhar, Bhutan",Shallow (<70 km),2025
2025-09-08 21:26:08.362000+00:00,34.1975,87.7608,10.0,4.2,mb,western Xizang,Shallow (<70 km),2025
2025-09-12 19:02:02.965000+00:00,36.5615,71.0773,199.491,4.2,mb,"40 km SSE of Jurm, Afghanistan",Intermediate (70–300 km),2025
2025-09-12 21:42:10.839000+00:00,29.1796,87.0157,10.0,5.0,mb,"137 km N of Lobuche, Nepal",Shallow (<70 km),2025
2025-09-13 05:39:47.108000+00:00,25.9678,96.9455,10.0,4.5,mb,"29 km SSE of Sarupathar, India",Shallow (<70 km),2025
2025-09-13 21:03:04.502000+00:00,28.997,86.6568,10.0,4.3,mb,"117 km N of Lobuche, Nepal",Shallow (<70 km),2025
2025-09-14 02:54:00.585000+00:00,34.37,75.2787,10.0,4.1,mb,"39 km N of Pahlgām, India",Shallow (<70 km),2025
2025-09-14 11:11:51.373000+00:00,26.7097,92.2103,29.0,5.5,mww,"11 km ESE of Udalguri, India",Shallow (<70 km),2025
2025-09-14 15:18:38.595000+00:00,36.6327,75.4388,10.0,4.5,mb,"75 km ENE of Barishal, Pakistan",Shallow (<70 km),2025
2025-09-16 00:37:45.488000+00:00,27.3684,96.9813,10.0,4.1,mb,"89 km SSE of Hayuliang, India",Shallow (<70 km),2025
2025-09-17 02:46:53.382000+00:00,34.505,70.6411,10.0,4.4,mb,"19 km ENE of Jalālābād, Afghanistan",Shallow (<70 km),2025
2025-09-21 06:19:33.353000+00:00,25.124,91.7482,10.0,4.2,mb,"12 km NE of Chhātak, Bangladesh",Shallow (<70 km),2025
2025-09-22 19:43:32.444000+00:00,36.3077,77.0619,10.0,4.4,mb,"155 km N of Thang, India",Shallow (<70 km),2025
2025-09-22 19:44:22.102000+00:00,36.1436,76.9652,10.0,4.1,mb,"135 km N of Thang, India",Shallow (<70 km),2025
2025-09-23 10:50:33.281000+00:00,34.6248,70.6489,10.0,4.9,mb,"28 km NE of Jalālābād, Afghanistan",Shallow (<70 km),2025
2025-09-24 08:53:34.946000+00:00,36.0682,76.9003,10.0,4.3,mb,"126 km N of Thang, India",Shallow (<70 km),2025
2025-09-26 03:17:25.867000+00:00,36.4699,70.9099,200.933,4.7,mb,"44 km S of Jurm, Afghanistan",Intermediate (70–300 km),2025
2025-09-27 22:46:06.804000+00:00,34.2726,70.6976,10.0,4.4,mb,"16 km N of Markaz-e Woluswalī-ye Āchīn, Afghanistan",Shallow (<70 km),2025
2025-10-02 00:18:52.698000+00:00,29.0247,86.7789,10.0,4.3,mb,"119 km N of Lobuche, Nepal",Shallow (<70 km),2025
2025-10-02 03:26:49.991000+00:00,36.5488,76.8831,10.0,4.3,mb,"136 km S of Damusi, China",Shallow (<70 km),2025
2025-10-05 22:45:08.715000+00:00,36.5348,70.9788,172.077,4.2,mb,"38 km SSE of Jurm, Afghanistan",Intermediate (70–300 km),2025
2025-10-06 10:23:19.262000+00:00,36.7989,75.6136,10.0,4.4,mb,"97 km ENE of Barishal, Pakistan",Shallow (<70 km),2025
2025-10-06 14:42:20.828000+00:00,36.504,70.8658,187.072,4.0,mb,"40 km S of Jurm, Afghanistan",Intermediate (70–300 km),2025
2025-10-08 03:18:38.214000+00:00,34.5893,70.7443,10.0,4.3,mb,"32 km NE of Jalālābād, Afghanistan",Shallow (<70 km),2025
2025-10-08 04:07:44.718000+00:00,36.2555,70.3779,94.472,4.3,mb,"58 km SE of Farkhār, Afghanistan",Intermediate (70–300 km),2025
2025-10-09 05:17:40.662000+00:00,30.8826,99.8979,10.0,5.5,mww,"208 km N of Daocheng, China",Shallow (<70 km),2025
2025-10-09 05:34:22.886000+00:00,30.8371,99.9943,10.0,4.5,mb,"201 km N of Daocheng, China",Shallow (<70 km),2025
2025-10-09 07:37:10.743000+00:00,36.8737,75.5702,10.0,4.4,mb,"99 km NE of Barishal, Pakistan",Shallow (<70 km),2025
2025-10-10 03:10:15.520000+00:00,31.4156,99.7785,10.0,4.3,mb,"249 km E of Qamdo, China",Shallow (<70 km),2025
2025-10-10 15:01:17.305000+00:00,36.0379,70.5999,112.628,4.1,mb,"74 km NNW of Pārūn, Afghanistan",Intermediate (70–300 km),2025
2025-10-11 14:53:55.773000+00:00,31.1703,71.0285,10.0,4.6,mb,"9 km SE of Karor, Pakistan",Shallow (<70 km),2025
2025-10-13 15:58:29.114000+00:00,36.7989,74.5496,10.0,4.7,mb,"54 km NNW of Barishal, Pakistan",Shallow (<70 km),2025
2025-10-14 14:00:07.728000+00:00,30.9115,77.3908,15.386,4.4,mb,"10 km NE of Rājgarh, India",Shallow (<70 km),2025
2025-10-14 15:23:20.439000+00:00,36.646,71.1433,88.954,4.0,mb,"35 km W of Ashkāsham, Afghanistan",Intermediate (70–300 km),2025
2025-10-14 19:23:30.898000+00:00,29.639,81.421,10.0,4.6,mb,"62 km NE of Dipayal, Nepal",Shallow (<70 km),2025
2025-10-15 10:07:01.078000+00:00,36.6819,70.6415,270.252,4.2,mb,"26 km SW of Jurm, Afghanistan",Intermediate (70–300 km),2025
2025-10-16 23:53:36.788000+00:00,34.3423,70.8571,10.0,4.7,mb,"10 km N of Bāsawul, Afghanistan",Shallow (<70 km),2025
2025-10-17 12:15:03.739000+00:00,36.7572,72.8064,8.0,5.5,mww,"48 km ESE of Khandūd, Afghanistan",Shallow (<70 km),2025
2025-10-17 14:50:16.676000+00:00,36.9316,72.806,10.0,4.5,mb,"43 km E of Khandūd, Afghanistan",Shallow (<70 km),2025
2025-10-18 10:51:01.763000+00:00,36.7419,73.0538,10.0,4.5,mb,"69 km ESE of Khandūd, Afghanistan",Shallow (<70 km),2025
2025-10-19 05:42:01.035000+00:00,36.9062,72.866,10.0,4.3,mb,"49 km E of Khandūd, Afghanistan",Shallow (<70 km),2025
2025-10-19 13:59:34.282000+00:00,36.8602,72.8741,10.0,5.0,mb,"50 km ESE of Khandūd, Afghanistan",Shallow (<70 km),2025
2025-10-20 01:00:56.537000+00:00,36.5231,70.6484,197.741,4.0,mb,"41 km SSW of Jurm, Afghanistan",Intermediate (70–300 km),2025
2025-10-20 05:42:01.252000+00:00,30.0981,70.1192,10.0,4.7,mb,"50 km W of Dera Ghazi Khan, Pakistan",Shallow (<70 km),2025
2025-10-20 21:56:24.344000+00:00,36.9739,72.7259,10.0,4.2,mb,"36 km E of Khandūd, Afghanistan",Shallow (<70 km),2025
2025-10-21 05:59:30.501000+00:00,36.7754,72.9519,10.0,4.9,mb,"59 km ESE of Khandūd, Afghanistan",Shallow (<70 km),2025
2025-10-21 14:59:40.611000+00:00,29.0245,85.3683,10.0,4.1,mb,"35 km SSE of Saga, China",Shallow (<70 km),2025
2025-10-21 18:14:48.925000+00:00,36.6073,71.1564,237.514,5.1,mww,"34 km WSW of Ashkāsham, Afghanistan",Intermediate (70–300 km),2025
2025-10-24 00:39:44.615000+00:00,36.4351,70.9622,121.312,4.3,mb,"49 km SSE of Jurm, Afghanistan",Intermediate (70–300 km),2025
2025-10-24 18:01:10.698000+00:00,36.7989,71.0557,223.427,4.0,mb,"21 km ESE of Jurm, Afghanistan",Intermediate (70–300 km),2025
2025-10-26 15:03:00.757000+00:00,29.2614,99.6697,25.117,4.9,mb,"65 km WNW of Daocheng, China",Shallow (<70 km),2025
2025-10-30 17:25:27.913000+00:00,36.6715,71.2243,119.632,4.4,mb,"27 km W of Ashkāsham, Afghanistan",Intermediate (70–300 km),2025
2025-10-31 22:08:57.423000+00:00,36.532,70.3696,194.836,4.0,mb,"46 km E of Farkhār, Afghanistan",Intermediate (70–300 km),2025
2025-11-01 12:12:18.801000+00:00,36.3495,75.9757,10.0,4.3,mb,"115 km E of Barishal, Pakistan",Shallow (<70 km),2025
2025-11-03 01:33:01.974000+00:00,25.0088,95.3102,117.957,4.6,mb,"109 km SE of Phek, India",Intermediate (70–300 km),2025
2025-11-03 20:57:22.312000+00:00,28.5267,87.3673,10.0,4.7,mb,"84 km NE of Lobuche, Nepal",Shallow (<70 km),2025
2025-11-05 22:10:40.049000+00:00,34.5689,70.7024,10.0,4.2,mb,"27 km NE of Jalālābād, Afghanistan",Shallow (<70 km),2025
2025-11-10 22:44:14.464000+00:00,29.0846,86.7036,10.0,4.5,mb,"126 km N of Lobuche, Nepal",Shallow (<70 km),2025
2025-11-11 23:04:10.315000+00:00,36.27,77.8646,10.0,4.4,mb,"138 km SW of Zangguy, China",Shallow (<70 km),2025
2025-11-12 08:48:18.764000+00:00,36.4287,70.5978,203.322,4.1,mb,"52 km SSW of Jurm, Afghanistan",Intermediate (70–300 km),2025
2025-11-14 09:56:48.902000+00:00,36.3656,77.0742,10.0,4.3,mb,"159 km SSE of Damusi, China",Shallow (<70 km),2025
2025-11-15 03:14:55.403000+00:00,36.8634,70.9321,163.091,4.2,mb,"8 km E of Jurm, Afghanistan",Intermediate (70–300 km),2025
2025-11-16 19:56:07.660000+00:00,35.7267,76.9374,10.0,4.5,mb,"89 km N of Thang, India",Shallow (<70 km),2025
2025-11-18 04:15:44.332000+00:00,32.4703,84.6414,10.0,4.2,mb,western Xizang,Shallow (<70 km),2025
2025-11-20 21:39:13.626000+00:00,36.2397,71.2672,113.684,4.9,mb,"54 km SSW of Ashkāsham, Afghanistan",Intermediate (70–300 km),2025
2025-11-21 07:29:10.079000+00:00,36.4762,70.2681,200.224,4.0,mb,"38 km ESE of Farkhār, Afghanistan",Intermediate (70–300 km),2025
2025-11-23 22:27:57.070000+00:00,34.9571,97.3443,10.0,4.3,mb,"Southern Qinghai, China",Shallow (<70 km),2025
2025-11-27 09:08:09.723000+00:00,36.9786,71.2215,126.644,4.3,mb,"36 km ENE of Jurm, Afghanistan",Intermediate (70–300 km),2025
2025-11-30 03:11:50.654000+00:00,36.661,70.6139,109.922,4.2,mb,"29 km SW of Jurm, Afghanistan",Intermediate (70–300 km),2025
2025-11-30 04:57:07.984000+00:00,30.2518,79.4611,25.331,4.3,mb,"19 km S of Pīpalkoti, India",Shallow (<70 km),2025
2025-12-01 04:51:06.704000+00:00,36.8332,71.0559,205.599,4.2,mb,"20 km E of Jurm, Afghanistan",Intermediate (70–300 km),2025
2025-12-02 10:56:23.331000+00:00,31.9102,92.921,10.0,4.8,mb,"94 km ENE of Nagqu, China",Shallow (<70 km),2025
2025-12-03 14:45:21.227000+00:00,36.4155,74.3137,47.367,4.3,mb,"35 km WNW of Barishal, Pakistan",Shallow (<70 km),2025
2025-12-04 00:21:31.583000+00:00,35.2286,76.6052,10.0,4.2,mb,"37 km NNW of Thang, India",Shallow (<70 km),2025
2025-12-04 11:59:01.015000+00:00,29.1109,87.0043,10.0,4.1,mb,"130 km N of Lobuche, Nepal",Shallow (<70 km),2025
2025-12-05 18:06:37.924000+00:00,32.8569,76.0845,18.813,4.0,mb,"33 km N of Chamba, India",Shallow (<70 km),2025
2025-12-06 02:40:28.887000+00:00,36.7425,70.7593,156.418,4.2,mb,"15 km SSW of Jurm, Afghanistan",Intermediate (70–300 km),2025
2025-12-06 19:10:49.355000+00:00,34.1626,73.6281,10.0,4.4,mb,"27 km SSE of Muzaffarābād, Pakistan",Shallow (<70 km),2025
2025-12-07 02:43:07.029000+00:00,29.9125,80.9401,35.0,4.5,mb,"38 km ENE of Dārchulā, Nepal",Shallow (<70 km),2025
2025-12-08 09:41:44.606000+00:00,35.291,70.5468,106.502,4.1,mb,"37 km WSW of Pārūn, Afghanistan",Intermediate (70–300 km),2025
2025-12-09 07:47:39.999000+00:00,34.6827,70.6043,65.43,4.3,mb,"31 km NNE of Jalālābād, Afghanistan",Shallow (<70 km),2025
2025-12-09 15:39:11.542000+00:00,30.4765,81.1429,19.232,4.2,mb,"20 km N of Burang, China",Shallow (<70 km),2025
2025-12-11 11:59:21.849000+00:00,32.9472,88.6555,10.0,5.1,mb,western Xizang,Shallow (<70 km),2025
2025-12-14 07:09:44.968000+00:00,28.605,84.1716,10.0,4.3,mb,"42 km NNE of Pokhara, Nepal",Shallow (<70 km),2025
2025-12-18 00:34:32.270000+00:00,26.1352,97.1858,10.0,4.6,mb,"38 km ESE of Sarupathar, India",Shallow (<70 km),2025
2025-12-20 04:37:15.458000+00:00,33.4962,71.9641,10.0,4.3,mb,"8 km NW of Jand, Pakistan",Shallow (<70 km),2025
2025-12-27 12:42:49.553000+00:00,26.7466,92.3604,41.698,4.5,mb,"12 km WNW of Dhekiajuli, India",Shallow (<70 km),2025
2025-12-27 18:45:15.085000+00:00,36.9448,71.253,194.25,4.2,mb,"38 km NW of Ashkāsham, Afghanistan",Intermediate (70–300 km),2025
2025-12-27 23:21:18.423000+00:00,35.7405,88.5284,10.0,4.3,mb,western Xizang,Shallow (<70 km),2025
2025-12-29 08:59:06.776000+00:00,36.8094,70.3992,204.867,4.4,mb,"37 km SSW of Fayzabad, Afghanistan",Intermediate (70–300 km),2025
2025-12-29 15:30:29.804000+00:00,26.0392,97.0716,10.0,4.2,mb,"32 km SE of Sarupathar, India",Shallow (<70 km),2025
